country,area_code,area_name,macro_region,metric_key,metric_label,year,period,value,lower_ci,upper_ci,numerator,denominator,unit,population,measure_type,source_id,source_name,source_url
UK,E12000001,North East,England,asthma,Asthma registered prevalence,2020,2020/21,7.08,7.049,7.111,186648,2636143,% registered prevalence,Registered patients aged 6+,QOF registered prevalence,90933,OHID Fingertips / NHS England QOF,https://fingertips.phe.org.uk/
UK,E12000001,North East,England,asthma,Asthma registered prevalence,2021,2021/22,7.219,7.188,7.25,191981,2659366,% registered prevalence,Registered patients aged 6+,QOF registered prevalence,90933,OHID Fingertips / NHS England QOF,https://fingertips.phe.org.uk/
UK,E12000001,North East,England,asthma,Asthma registered prevalence,2022,2022/23,7.316,7.285,7.347,196723,2688972,% registered prevalence,Registered patients aged 6+,QOF registered prevalence,90933,OHID Fingertips / NHS England QOF,https://fingertips.phe.org.uk/
UK,E12000001,North East,England,asthma,Asthma registered prevalence,2023,2023/24,7.378,7.347,7.409,200626,2719280,% registered prevalence,Registered patients aged 6+,QOF registered prevalence,90933,OHID Fingertips / NHS England QOF,https://fingertips.phe.org.uk/
UK,E12000001,North East,England,asthma,Asthma registered prevalence,2024,2024/25,7.458,7.427,7.489,204408,2740862,% registered prevalence,Registered patients aged 6+,QOF registered prevalence,90933,OHID Fingertips / NHS England QOF,https://fingertips.phe.org.uk/
UK,E12000001,North East,England,cancer,Cancer registered prevalence,2012,2012/13,2.054,2.037,2.071,55386,2696547,% registered prevalence,All registered patients,QOF registered prevalence,276,OHID Fingertips / NHS England QOF,https://fingertips.phe.org.uk/
UK,E12000001,North East,England,cancer,Cancer registered prevalence,2013,2013/14,2.234,2.216,2.251,60438,2705831,% registered prevalence,All registered patients,QOF registered prevalence,276,OHID Fingertips / NHS England QOF,https://fingertips.phe.org.uk/
UK,E12000001,North East,England,cancer,Cancer registered prevalence,2014,2014/15,2.418,2.399,2.436,65620,2714330,% registered prevalence,All registered patients,QOF registered prevalence,276,OHID Fingertips / NHS England QOF,https://fingertips.phe.org.uk/
UK,E12000001,North East,England,cancer,Cancer registered prevalence,2015,2015/16,2.592,2.573,2.611,70802,2731706,% registered prevalence,All registered patients,QOF registered prevalence,276,OHID Fingertips / NHS England QOF,https://fingertips.phe.org.uk/
UK,E12000001,North East,England,cancer,Cancer registered prevalence,2016,2016/17,2.769,2.75,2.788,76051,2746579,% registered prevalence,All registered patients,QOF registered prevalence,276,OHID Fingertips / NHS England QOF,https://fingertips.phe.org.uk/
UK,E12000001,North East,England,cancer,Cancer registered prevalence,2017,2017/18,2.953,2.934,2.973,81645,2764436,% registered prevalence,All registered patients,QOF registered prevalence,276,OHID Fingertips / NHS England QOF,https://fingertips.phe.org.uk/
UK,E12000001,North East,England,cancer,Cancer registered prevalence,2018,2018/19,3.221,3.201,3.242,89580,2780707,% registered prevalence,All registered patients,QOF registered prevalence,276,OHID Fingertips / NHS England QOF,https://fingertips.phe.org.uk/
UK,E12000001,North East,England,cancer,Cancer registered prevalence,2019,2019/20,3.368,3.347,3.389,94138,2795165,% registered prevalence,All registered patients,QOF registered prevalence,276,OHID Fingertips / NHS England QOF,https://fingertips.phe.org.uk/
UK,E12000001,North East,England,cancer,Cancer registered prevalence,2020,2020/21,3.448,3.427,3.469,96510,2799163,% registered prevalence,All registered patients,QOF registered prevalence,276,OHID Fingertips / NHS England QOF,https://fingertips.phe.org.uk/
UK,E12000001,North East,England,cancer,Cancer registered prevalence,2021,2021/22,3.593,3.572,3.615,101327,2819816,% registered prevalence,All registered patients,QOF registered prevalence,276,OHID Fingertips / NHS England QOF,https://fingertips.phe.org.uk/
UK,E12000001,North East,England,cancer,Cancer registered prevalence,2022,2022/23,3.751,3.729,3.773,106833,2848210,% registered prevalence,All registered patients,QOF registered prevalence,276,OHID Fingertips / NHS England QOF,https://fingertips.phe.org.uk/
UK,E12000001,North East,England,cancer,Cancer registered prevalence,2023,2023/24,3.938,3.916,3.961,113292,2876817,% registered prevalence,All registered patients,QOF registered prevalence,276,OHID Fingertips / NHS England QOF,https://fingertips.phe.org.uk/
UK,E12000001,North East,England,cancer,Cancer registered prevalence,2024,2024/25,4.124,4.101,4.147,119457,2896442,% registered prevalence,All registered patients,QOF registered prevalence,276,OHID Fingertips / NHS England QOF,https://fingertips.phe.org.uk/
UK,E12000001,North East,England,chd,Coronary heart disease registered prevalence,2012,2012/13,4.517,4.492,4.542,121807,2696547,% registered prevalence,All registered patients,QOF registered prevalence,273,OHID Fingertips / NHS England QOF,https://fingertips.phe.org.uk/
UK,E12000001,North East,England,chd,Coronary heart disease registered prevalence,2013,2013/14,4.445,4.421,4.47,120276,2705831,% registered prevalence,All registered patients,QOF registered prevalence,273,OHID Fingertips / NHS England QOF,https://fingertips.phe.org.uk/
UK,E12000001,North East,England,chd,Coronary heart disease registered prevalence,2014,2014/15,4.358,4.334,4.383,118296,2714330,% registered prevalence,All registered patients,QOF registered prevalence,273,OHID Fingertips / NHS England QOF,https://fingertips.phe.org.uk/
UK,E12000001,North East,England,chd,Coronary heart disease registered prevalence,2015,2015/16,4.279,4.255,4.303,116881,2731706,% registered prevalence,All registered patients,QOF registered prevalence,273,OHID Fingertips / NHS England QOF,https://fingertips.phe.org.uk/
UK,E12000001,North East,England,chd,Coronary heart disease registered prevalence,2016,2016/17,4.222,4.198,4.246,115962,2746579,% registered prevalence,All registered patients,QOF registered prevalence,273,OHID Fingertips / NHS England QOF,https://fingertips.phe.org.uk/
UK,E12000001,North East,England,chd,Coronary heart disease registered prevalence,2017,2017/18,4.162,4.138,4.185,115053,2764436,% registered prevalence,All registered patients,QOF registered prevalence,273,OHID Fingertips / NHS England QOF,https://fingertips.phe.org.uk/
UK,E12000001,North East,England,chd,Coronary heart disease registered prevalence,2018,2018/19,4.117,4.093,4.14,114470,2780707,% registered prevalence,All registered patients,QOF registered prevalence,273,OHID Fingertips / NHS England QOF,https://fingertips.phe.org.uk/
UK,E12000001,North East,England,chd,Coronary heart disease registered prevalence,2019,2019/20,4.068,4.045,4.091,113700,2795165,% registered prevalence,All registered patients,QOF registered prevalence,273,OHID Fingertips / NHS England QOF,https://fingertips.phe.org.uk/
UK,E12000001,North East,England,chd,Coronary heart disease registered prevalence,2020,2020/21,3.987,3.964,4.01,111603,2799163,% registered prevalence,All registered patients,QOF registered prevalence,273,OHID Fingertips / NHS England QOF,https://fingertips.phe.org.uk/
UK,E12000001,North East,England,chd,Coronary heart disease registered prevalence,2021,2021/22,3.925,3.902,3.948,110672,2819816,% registered prevalence,All registered patients,QOF registered prevalence,273,OHID Fingertips / NHS England QOF,https://fingertips.phe.org.uk/
UK,E12000001,North East,England,chd,Coronary heart disease registered prevalence,2022,2022/23,3.878,3.856,3.9,110450,2848210,% registered prevalence,All registered patients,QOF registered prevalence,273,OHID Fingertips / NHS England QOF,https://fingertips.phe.org.uk/
UK,E12000001,North East,England,chd,Coronary heart disease registered prevalence,2023,2023/24,3.828,3.806,3.851,110135,2876817,% registered prevalence,All registered patients,QOF registered prevalence,273,OHID Fingertips / NHS England QOF,https://fingertips.phe.org.uk/
UK,E12000001,North East,England,chd,Coronary heart disease registered prevalence,2024,2024/25,3.798,3.776,3.82,110016,2896442,% registered prevalence,All registered patients,QOF registered prevalence,273,OHID Fingertips / NHS England QOF,https://fingertips.phe.org.uk/
UK,E12000001,North East,England,copd,COPD registered prevalence,2012,2012/13,2.637,2.617,2.656,71095,2696547,% registered prevalence,All registered patients,QOF registered prevalence,253,OHID Fingertips / NHS England QOF,https://fingertips.phe.org.uk/
UK,E12000001,North East,England,copd,COPD registered prevalence,2013,2013/14,2.711,2.692,2.73,73356,2705831,% registered prevalence,All registered patients,QOF registered prevalence,253,OHID Fingertips / NHS England QOF,https://fingertips.phe.org.uk/
UK,E12000001,North East,England,copd,COPD registered prevalence,2014,2014/15,2.777,2.757,2.796,75370,2714330,% registered prevalence,All registered patients,QOF registered prevalence,253,OHID Fingertips / NHS England QOF,https://fingertips.phe.org.uk/
UK,E12000001,North East,England,copd,COPD registered prevalence,2015,2015/16,2.832,2.812,2.852,77358,2731706,% registered prevalence,All registered patients,QOF registered prevalence,253,OHID Fingertips / NHS England QOF,https://fingertips.phe.org.uk/
UK,E12000001,North East,England,copd,COPD registered prevalence,2016,2016/17,2.892,2.872,2.912,79431,2746579,% registered prevalence,All registered patients,QOF registered prevalence,253,OHID Fingertips / NHS England QOF,https://fingertips.phe.org.uk/
UK,E12000001,North East,England,copd,COPD registered prevalence,2017,2017/18,2.922,2.903,2.942,80788,2764436,% registered prevalence,All registered patients,QOF registered prevalence,253,OHID Fingertips / NHS England QOF,https://fingertips.phe.org.uk/
UK,E12000001,North East,England,copd,COPD registered prevalence,2018,2018/19,2.963,2.944,2.983,82406,2780707,% registered prevalence,All registered patients,QOF registered prevalence,253,OHID Fingertips / NHS England QOF,https://fingertips.phe.org.uk/
UK,E12000001,North East,England,copd,COPD registered prevalence,2019,2019/20,2.971,2.951,2.991,83048,2795165,% registered prevalence,All registered patients,QOF registered prevalence,253,OHID Fingertips / NHS England QOF,https://fingertips.phe.org.uk/
UK,E12000001,North East,England,copd,COPD registered prevalence,2020,2020/21,2.973,2.953,2.993,83225,2799163,% registered prevalence,All registered patients,QOF registered prevalence,253,OHID Fingertips / NHS England QOF,https://fingertips.phe.org.uk/
UK,E12000001,North East,England,copd,COPD registered prevalence,2021,2021/22,2.873,2.853,2.892,81002,2819816,% registered prevalence,All registered patients,QOF registered prevalence,253,OHID Fingertips / NHS England QOF,https://fingertips.phe.org.uk/
UK,E12000001,North East,England,copd,COPD registered prevalence,2022,2022/23,2.832,2.813,2.851,80660,2848210,% registered prevalence,All registered patients,QOF registered prevalence,253,OHID Fingertips / NHS England QOF,https://fingertips.phe.org.uk/
UK,E12000001,North East,England,copd,COPD registered prevalence,2023,2023/24,2.846,2.827,2.866,81886,2876817,% registered prevalence,All registered patients,QOF registered prevalence,253,OHID Fingertips / NHS England QOF,https://fingertips.phe.org.uk/
UK,E12000001,North East,England,copd,COPD registered prevalence,2024,2024/25,2.879,2.86,2.898,83385,2896442,% registered prevalence,All registered patients,QOF registered prevalence,253,OHID Fingertips / NHS England QOF,https://fingertips.phe.org.uk/
UK,E12000001,North East,England,depression,Depression registered prevalence,2012,2012/13,6.499,6.466,6.532,139881,2152302,% registered prevalence,Registered patients aged 18+,QOF registered prevalence,848,OHID Fingertips / NHS England QOF,https://fingertips.phe.org.uk/
UK,E12000001,North East,England,depression,Depression registered prevalence,2013,2013/14,7.214,7.179,7.248,157030,2176879,% registered prevalence,Registered patients aged 18+,QOF registered prevalence,848,OHID Fingertips / NHS England QOF,https://fingertips.phe.org.uk/
UK,E12000001,North East,England,depression,Depression registered prevalence,2014,2014/15,8.056,8.02,8.092,176146,2186653,% registered prevalence,Registered patients aged 18+,QOF registered prevalence,848,OHID Fingertips / NHS England QOF,https://fingertips.phe.org.uk/
UK,E12000001,North East,England,depression,Depression registered prevalence,2015,2015/16,9.066,9.028,9.104,199623,2201954,% registered prevalence,Registered patients aged 18+,QOF registered prevalence,848,OHID Fingertips / NHS England QOF,https://fingertips.phe.org.uk/
UK,E12000001,North East,England,depression,Depression registered prevalence,2016,2016/17,10.005,9.966,10.045,221623,2215073,% registered prevalence,Registered patients aged 18+,QOF registered prevalence,848,OHID Fingertips / NHS England QOF,https://fingertips.phe.org.uk/
UK,E12000001,North East,England,depression,Depression registered prevalence,2017,2017/18,10.955,10.914,10.996,244366,2230621,% registered prevalence,Registered patients aged 18+,QOF registered prevalence,848,OHID Fingertips / NHS England QOF,https://fingertips.phe.org.uk/
UK,E12000001,North East,England,depression,Depression registered prevalence,2018,2018/19,11.983,11.941,12.026,268973,2244586,% registered prevalence,Registered patients aged 18+,QOF registered prevalence,848,OHID Fingertips / NHS England QOF,https://fingertips.phe.org.uk/
UK,E12000001,North East,England,depression,Depression registered prevalence,2019,2019/20,12.919,12.876,12.963,291776,2258451,% registered prevalence,Registered patients aged 18+,QOF registered prevalence,848,OHID Fingertips / NHS England QOF,https://fingertips.phe.org.uk/
UK,E12000001,North East,England,depression,Depression registered prevalence,2020,2020/21,13.716,13.671,13.761,310423,2263251,% registered prevalence,Registered patients aged 18+,QOF registered prevalence,848,OHID Fingertips / NHS England QOF,https://fingertips.phe.org.uk/
UK,E12000001,North East,England,depression,Depression registered prevalence,2021,2021/22,14.25,14.204,14.295,325334,2283080,% registered prevalence,Registered patients aged 18+,QOF registered prevalence,848,OHID Fingertips / NHS England QOF,https://fingertips.phe.org.uk/
UK,E12000001,North East,England,depression,Depression registered prevalence,2022,2022/23,14.954,14.908,15.0,345021,2307270,% registered prevalence,Registered patients aged 18+,QOF registered prevalence,848,OHID Fingertips / NHS England QOF,https://fingertips.phe.org.uk/
UK,E12000001,North East,England,depression,Depression registered prevalence,2024,2024/25,16.095,16.048,16.142,378934,2354408,% registered prevalence,Registered patients aged 18+,QOF registered prevalence,848,OHID Fingertips / NHS England QOF,https://fingertips.phe.org.uk/
UK,E12000001,North East,England,diabetes,Diabetes registered prevalence,2012,2012/13,6.372,6.34,6.405,139442,2188199,% registered prevalence,Registered patients aged 17+,QOF registered prevalence,241,OHID Fingertips / NHS England QOF,https://fingertips.phe.org.uk/
UK,E12000001,North East,England,diabetes,Diabetes registered prevalence,2013,2013/14,6.53,6.497,6.563,144197,2208251,% registered prevalence,Registered patients aged 17+,QOF registered prevalence,241,OHID Fingertips / NHS England QOF,https://fingertips.phe.org.uk/
UK,E12000001,North East,England,diabetes,Diabetes registered prevalence,2014,2014/15,6.663,6.63,6.695,147726,2217261,% registered prevalence,Registered patients aged 17+,QOF registered prevalence,241,OHID Fingertips / NHS England QOF,https://fingertips.phe.org.uk/
UK,E12000001,North East,England,diabetes,Diabetes registered prevalence,2015,2015/16,6.868,6.835,6.902,153283,2231717,% registered prevalence,Registered patients aged 17+,QOF registered prevalence,241,OHID Fingertips / NHS England QOF,https://fingertips.phe.org.uk/
UK,E12000001,North East,England,diabetes,Diabetes registered prevalence,2016,2016/17,7.055,7.021,7.088,158352,2244565,% registered prevalence,Registered patients aged 17+,QOF registered prevalence,241,OHID Fingertips / NHS England QOF,https://fingertips.phe.org.uk/
UK,E12000001,North East,England,diabetes,Diabetes registered prevalence,2017,2017/18,7.201,7.167,7.234,162652,2258856,% registered prevalence,Registered patients aged 17+,QOF registered prevalence,241,OHID Fingertips / NHS England QOF,https://fingertips.phe.org.uk/
UK,E12000001,North East,England,diabetes,Diabetes registered prevalence,2018,2018/19,7.44,7.406,7.474,169060,2272331,% registered prevalence,Registered patients aged 17+,QOF registered prevalence,241,OHID Fingertips / NHS England QOF,https://fingertips.phe.org.uk/
UK,E12000001,North East,England,diabetes,Diabetes registered prevalence,2019,2019/20,7.644,7.609,7.678,174775,2286560,% registered prevalence,Registered patients aged 17+,QOF registered prevalence,241,OHID Fingertips / NHS England QOF,https://fingertips.phe.org.uk/
UK,E12000001,North East,England,diabetes,Diabetes registered prevalence,2020,2020/21,7.761,7.727,7.796,177927,2292520,% registered prevalence,Registered patients aged 17+,QOF registered prevalence,241,OHID Fingertips / NHS England QOF,https://fingertips.phe.org.uk/
UK,E12000001,North East,England,diabetes,Diabetes registered prevalence,2021,2021/22,7.992,7.957,8.027,184863,2313090,% registered prevalence,Registered patients aged 17+,QOF registered prevalence,241,OHID Fingertips / NHS England QOF,https://fingertips.phe.org.uk/
UK,E12000001,North East,England,diabetes,Diabetes registered prevalence,2022,2022/23,8.263,8.227,8.298,193187,2338061,% registered prevalence,Registered patients aged 17+,QOF registered prevalence,241,OHID Fingertips / NHS England QOF,https://fingertips.phe.org.uk/
UK,E12000001,North East,England,diabetes,Diabetes registered prevalence,2023,2023/24,8.525,8.489,8.561,201669,2365642,% registered prevalence,Registered patients aged 17+,QOF registered prevalence,241,OHID Fingertips / NHS England QOF,https://fingertips.phe.org.uk/
UK,E12000001,North East,England,diabetes,Diabetes registered prevalence,2024,2024/25,8.892,8.856,8.928,212280,2387432,% registered prevalence,Registered patients aged 17+,QOF registered prevalence,241,OHID Fingertips / NHS England QOF,https://fingertips.phe.org.uk/
UK,E12000001,North East,England,hypertension,Hypertension registered prevalence,2012,2012/13,15.504,15.461,15.547,418078,2696547,% registered prevalence,All registered patients,QOF registered prevalence,219,OHID Fingertips / NHS England QOF,https://fingertips.phe.org.uk/
UK,E12000001,North East,England,hypertension,Hypertension registered prevalence,2013,2013/14,15.568,15.525,15.611,421239,2705831,% registered prevalence,All registered patients,QOF registered prevalence,219,OHID Fingertips / NHS England QOF,https://fingertips.phe.org.uk/
UK,E12000001,North East,England,hypertension,Hypertension registered prevalence,2014,2014/15,15.568,15.525,15.611,422575,2714330,% registered prevalence,All registered patients,QOF registered prevalence,219,OHID Fingertips / NHS England QOF,https://fingertips.phe.org.uk/
UK,E12000001,North East,England,hypertension,Hypertension registered prevalence,2015,2015/16,15.595,15.552,15.638,426005,2731706,% registered prevalence,All registered patients,QOF registered prevalence,219,OHID Fingertips / NHS England QOF,https://fingertips.phe.org.uk/
UK,E12000001,North East,England,hypertension,Hypertension registered prevalence,2016,2016/17,15.642,15.599,15.685,429617,2746579,% registered prevalence,All registered patients,QOF registered prevalence,219,OHID Fingertips / NHS England QOF,https://fingertips.phe.org.uk/
UK,E12000001,North East,England,hypertension,Hypertension registered prevalence,2017,2017/18,15.694,15.651,15.737,433854,2764436,% registered prevalence,All registered patients,QOF registered prevalence,219,OHID Fingertips / NHS England QOF,https://fingertips.phe.org.uk/
UK,E12000001,North East,England,hypertension,Hypertension registered prevalence,2018,2018/19,15.859,15.816,15.902,441002,2780707,% registered prevalence,All registered patients,QOF registered prevalence,219,OHID Fingertips / NHS England QOF,https://fingertips.phe.org.uk/
UK,E12000001,North East,England,hypertension,Hypertension registered prevalence,2019,2019/20,15.977,15.934,16.02,446595,2795165,% registered prevalence,All registered patients,QOF registered prevalence,219,OHID Fingertips / NHS England QOF,https://fingertips.phe.org.uk/
UK,E12000001,North East,England,hypertension,Hypertension registered prevalence,2020,2020/21,15.862,15.82,15.905,444011,2799163,% registered prevalence,All registered patients,QOF registered prevalence,219,OHID Fingertips / NHS England QOF,https://fingertips.phe.org.uk/
UK,E12000001,North East,England,hypertension,Hypertension registered prevalence,2021,2021/22,15.992,15.949,16.034,450933,2819816,% registered prevalence,All registered patients,QOF registered prevalence,219,OHID Fingertips / NHS England QOF,https://fingertips.phe.org.uk/
UK,E12000001,North East,England,hypertension,Hypertension registered prevalence,2022,2022/23,16.606,16.563,16.65,472982,2848210,% registered prevalence,All registered patients,QOF registered prevalence,219,OHID Fingertips / NHS England QOF,https://fingertips.phe.org.uk/
UK,E12000001,North East,England,hypertension,Hypertension registered prevalence,2023,2023/24,17.165,17.122,17.209,493809,2876817,% registered prevalence,All registered patients,QOF registered prevalence,219,OHID Fingertips / NHS England QOF,https://fingertips.phe.org.uk/
UK,E12000001,North East,England,hypertension,Hypertension registered prevalence,2024,2024/25,17.763,17.719,17.807,514488,2896442,% registered prevalence,All registered patients,QOF registered prevalence,219,OHID Fingertips / NHS England QOF,https://fingertips.phe.org.uk/
UK,E12000002,North West,England,asthma,Asthma registered prevalence,2020,2020/21,7.047,7.029,7.066,521918,7406045,% registered prevalence,Registered patients aged 6+,QOF registered prevalence,90933,OHID Fingertips / NHS England QOF,https://fingertips.phe.org.uk/
UK,E12000002,North West,England,asthma,Asthma registered prevalence,2021,2021/22,7.073,7.055,7.092,531852,7519219,% registered prevalence,Registered patients aged 6+,QOF registered prevalence,90933,OHID Fingertips / NHS England QOF,https://fingertips.phe.org.uk/
UK,E12000002,North West,England,asthma,Asthma registered prevalence,2022,2022/23,7.097,7.078,7.115,540227,7612421,% registered prevalence,Registered patients aged 6+,QOF registered prevalence,90933,OHID Fingertips / NHS England QOF,https://fingertips.phe.org.uk/
UK,E12000002,North West,England,asthma,Asthma registered prevalence,2023,2023/24,7.084,7.066,7.102,547794,7732535,% registered prevalence,Registered patients aged 6+,QOF registered prevalence,90933,OHID Fingertips / NHS England QOF,https://fingertips.phe.org.uk/
UK,E12000002,North West,England,asthma,Asthma registered prevalence,2024,2024/25,7.08,7.063,7.098,553994,7824223,% registered prevalence,Registered patients aged 6+,QOF registered prevalence,90933,OHID Fingertips / NHS England QOF,https://fingertips.phe.org.uk/
UK,E12000002,North West,England,cancer,Cancer registered prevalence,2012,2012/13,1.98,1.97,1.99,146472,7397503,% registered prevalence,All registered patients,QOF registered prevalence,276,OHID Fingertips / NHS England QOF,https://fingertips.phe.org.uk/
UK,E12000002,North West,England,cancer,Cancer registered prevalence,2013,2013/14,2.144,2.133,2.154,159415,7436971,% registered prevalence,All registered patients,QOF registered prevalence,276,OHID Fingertips / NHS England QOF,https://fingertips.phe.org.uk/
UK,E12000002,North West,England,cancer,Cancer registered prevalence,2014,2014/15,2.317,2.307,2.328,173084,7468714,% registered prevalence,All registered patients,QOF registered prevalence,276,OHID Fingertips / NHS England QOF,https://fingertips.phe.org.uk/
UK,E12000002,North West,England,cancer,Cancer registered prevalence,2015,2015/16,2.484,2.472,2.495,187477,7548789,% registered prevalence,All registered patients,QOF registered prevalence,276,OHID Fingertips / NHS England QOF,https://fingertips.phe.org.uk/
UK,E12000002,North West,England,cancer,Cancer registered prevalence,2016,2016/17,2.662,2.651,2.673,203095,7629451,% registered prevalence,All registered patients,QOF registered prevalence,276,OHID Fingertips / NHS England QOF,https://fingertips.phe.org.uk/
UK,E12000002,North West,England,cancer,Cancer registered prevalence,2017,2017/18,2.823,2.812,2.835,218066,7724133,% registered prevalence,All registered patients,QOF registered prevalence,276,OHID Fingertips / NHS England QOF,https://fingertips.phe.org.uk/
UK,E12000002,North West,England,cancer,Cancer registered prevalence,2018,2018/19,3.097,3.085,3.109,242792,7838863,% registered prevalence,All registered patients,QOF registered prevalence,276,OHID Fingertips / NHS England QOF,https://fingertips.phe.org.uk/
UK,E12000002,North West,England,cancer,Cancer registered prevalence,2019,2019/20,3.255,3.243,3.268,256053,7865601,% registered prevalence,All registered patients,QOF registered prevalence,276,OHID Fingertips / NHS England QOF,https://fingertips.phe.org.uk/
UK,E12000002,North West,England,cancer,Cancer registered prevalence,2020,2020/21,3.323,3.311,3.336,262804,7907722,% registered prevalence,All registered patients,QOF registered prevalence,276,OHID Fingertips / NHS England QOF,https://fingertips.phe.org.uk/
UK,E12000002,North West,England,cancer,Cancer registered prevalence,2021,2021/22,3.477,3.464,3.49,278649,8014506,% registered prevalence,All registered patients,QOF registered prevalence,276,OHID Fingertips / NHS England QOF,https://fingertips.phe.org.uk/
UK,E12000002,North West,England,cancer,Cancer registered prevalence,2022,2022/23,3.643,3.63,3.655,295106,8101612,% registered prevalence,All registered patients,QOF registered prevalence,276,OHID Fingertips / NHS England QOF,https://fingertips.phe.org.uk/
UK,E12000002,North West,England,cancer,Cancer registered prevalence,2023,2023/24,3.803,3.79,3.816,312484,8217202,% registered prevalence,All registered patients,QOF registered prevalence,276,OHID Fingertips / NHS England QOF,https://fingertips.phe.org.uk/
UK,E12000002,North West,England,cancer,Cancer registered prevalence,2024,2024/25,3.973,3.96,3.986,329829,8302208,% registered prevalence,All registered patients,QOF registered prevalence,276,OHID Fingertips / NHS England QOF,https://fingertips.phe.org.uk/
UK,E12000002,North West,England,chd,Coronary heart disease registered prevalence,2012,2012/13,3.954,3.939,3.968,292461,7397503,% registered prevalence,All registered patients,QOF registered prevalence,273,OHID Fingertips / NHS England QOF,https://fingertips.phe.org.uk/
UK,E12000002,North West,England,chd,Coronary heart disease registered prevalence,2013,2013/14,3.879,3.865,3.893,288461,7436971,% registered prevalence,All registered patients,QOF registered prevalence,273,OHID Fingertips / NHS England QOF,https://fingertips.phe.org.uk/
UK,E12000002,North West,England,chd,Coronary heart disease registered prevalence,2014,2014/15,3.819,3.806,3.833,285259,7468714,% registered prevalence,All registered patients,QOF registered prevalence,273,OHID Fingertips / NHS England QOF,https://fingertips.phe.org.uk/
UK,E12000002,North West,England,chd,Coronary heart disease registered prevalence,2015,2015/16,3.759,3.746,3.773,283784,7548789,% registered prevalence,All registered patients,QOF registered prevalence,273,OHID Fingertips / NHS England QOF,https://fingertips.phe.org.uk/
UK,E12000002,North West,England,chd,Coronary heart disease registered prevalence,2016,2016/17,3.7,3.687,3.714,282307,7629451,% registered prevalence,All registered patients,QOF registered prevalence,273,OHID Fingertips / NHS England QOF,https://fingertips.phe.org.uk/
UK,E12000002,North West,England,chd,Coronary heart disease registered prevalence,2017,2017/18,3.646,3.633,3.659,281605,7724133,% registered prevalence,All registered patients,QOF registered prevalence,273,OHID Fingertips / NHS England QOF,https://fingertips.phe.org.uk/
UK,E12000002,North West,England,chd,Coronary heart disease registered prevalence,2018,2018/19,3.609,3.596,3.622,282923,7838863,% registered prevalence,All registered patients,QOF registered prevalence,273,OHID Fingertips / NHS England QOF,https://fingertips.phe.org.uk/
UK,E12000002,North West,England,chd,Coronary heart disease registered prevalence,2019,2019/20,3.606,3.593,3.619,283615,7865601,% registered prevalence,All registered patients,QOF registered prevalence,273,OHID Fingertips / NHS England QOF,https://fingertips.phe.org.uk/
UK,E12000002,North West,England,chd,Coronary heart disease registered prevalence,2020,2020/21,3.542,3.529,3.555,280080,7907722,% registered prevalence,All registered patients,QOF registered prevalence,273,OHID Fingertips / NHS England QOF,https://fingertips.phe.org.uk/
UK,E12000002,North West,England,chd,Coronary heart disease registered prevalence,2021,2021/22,3.488,3.476,3.501,279569,8014506,% registered prevalence,All registered patients,QOF registered prevalence,273,OHID Fingertips / NHS England QOF,https://fingertips.phe.org.uk/
UK,E12000002,North West,England,chd,Coronary heart disease registered prevalence,2022,2022/23,3.447,3.435,3.46,279302,8101612,% registered prevalence,All registered patients,QOF registered prevalence,273,OHID Fingertips / NHS England QOF,https://fingertips.phe.org.uk/
UK,E12000002,North West,England,chd,Coronary heart disease registered prevalence,2023,2023/24,3.43,3.418,3.443,281890,8217202,% registered prevalence,All registered patients,QOF registered prevalence,273,OHID Fingertips / NHS England QOF,https://fingertips.phe.org.uk/
UK,E12000002,North West,England,chd,Coronary heart disease registered prevalence,2024,2024/25,3.419,3.406,3.431,283815,8302208,% registered prevalence,All registered patients,QOF registered prevalence,273,OHID Fingertips / NHS England QOF,https://fingertips.phe.org.uk/
UK,E12000002,North West,England,copd,COPD registered prevalence,2012,2012/13,2.26,2.249,2.271,167195,7397503,% registered prevalence,All registered patients,QOF registered prevalence,253,OHID Fingertips / NHS England QOF,https://fingertips.phe.org.uk/
UK,E12000002,North West,England,copd,COPD registered prevalence,2013,2013/14,2.302,2.291,2.313,171184,7436971,% registered prevalence,All registered patients,QOF registered prevalence,253,OHID Fingertips / NHS England QOF,https://fingertips.phe.org.uk/
UK,E12000002,North West,England,copd,COPD registered prevalence,2014,2014/15,2.34,2.329,2.35,174734,7468714,% registered prevalence,All registered patients,QOF registered prevalence,253,OHID Fingertips / NHS England QOF,https://fingertips.phe.org.uk/
UK,E12000002,North West,England,copd,COPD registered prevalence,2015,2015/16,2.374,2.363,2.385,179217,7548789,% registered prevalence,All registered patients,QOF registered prevalence,253,OHID Fingertips / NHS England QOF,https://fingertips.phe.org.uk/
UK,E12000002,North West,England,copd,COPD registered prevalence,2016,2016/17,2.409,2.398,2.419,183763,7629451,% registered prevalence,All registered patients,QOF registered prevalence,253,OHID Fingertips / NHS England QOF,https://fingertips.phe.org.uk/
UK,E12000002,North West,England,copd,COPD registered prevalence,2017,2017/18,2.431,2.42,2.442,187793,7724133,% registered prevalence,All registered patients,QOF registered prevalence,253,OHID Fingertips / NHS England QOF,https://fingertips.phe.org.uk/
UK,E12000002,North West,England,copd,COPD registered prevalence,2018,2018/19,2.453,2.443,2.464,192316,7838863,% registered prevalence,All registered patients,QOF registered prevalence,253,OHID Fingertips / NHS England QOF,https://fingertips.phe.org.uk/
UK,E12000002,North West,England,copd,COPD registered prevalence,2019,2019/20,2.469,2.458,2.479,194173,7865601,% registered prevalence,All registered patients,QOF registered prevalence,253,OHID Fingertips / NHS England QOF,https://fingertips.phe.org.uk/
UK,E12000002,North West,England,copd,COPD registered prevalence,2020,2020/21,2.473,2.462,2.483,195525,7907722,% registered prevalence,All registered patients,QOF registered prevalence,253,OHID Fingertips / NHS England QOF,https://fingertips.phe.org.uk/
UK,E12000002,North West,England,copd,COPD registered prevalence,2021,2021/22,2.389,2.378,2.399,191435,8014506,% registered prevalence,All registered patients,QOF registered prevalence,253,OHID Fingertips / NHS England QOF,https://fingertips.phe.org.uk/
UK,E12000002,North West,England,copd,COPD registered prevalence,2022,2022/23,2.351,2.341,2.362,190476,8101612,% registered prevalence,All registered patients,QOF registered prevalence,253,OHID Fingertips / NHS England QOF,https://fingertips.phe.org.uk/
UK,E12000002,North West,England,copd,COPD registered prevalence,2023,2023/24,2.35,2.34,2.361,193135,8217202,% registered prevalence,All registered patients,QOF registered prevalence,253,OHID Fingertips / NHS England QOF,https://fingertips.phe.org.uk/
UK,E12000002,North West,England,copd,COPD registered prevalence,2024,2024/25,2.397,2.387,2.408,199035,8302208,% registered prevalence,All registered patients,QOF registered prevalence,253,OHID Fingertips / NHS England QOF,https://fingertips.phe.org.uk/
UK,E12000002,North West,England,depression,Depression registered prevalence,2012,2012/13,6.651,6.631,6.671,388740,5844589,% registered prevalence,Registered patients aged 18+,QOF registered prevalence,848,OHID Fingertips / NHS England QOF,https://fingertips.phe.org.uk/
UK,E12000002,North West,England,depression,Depression registered prevalence,2013,2013/14,7.336,7.315,7.357,432803,5899527,% registered prevalence,Registered patients aged 18+,QOF registered prevalence,848,OHID Fingertips / NHS England QOF,https://fingertips.phe.org.uk/
UK,E12000002,North West,England,depression,Depression registered prevalence,2014,2014/15,8.342,8.32,8.364,494448,5927170,% registered prevalence,Registered patients aged 18+,QOF registered prevalence,848,OHID Fingertips / NHS England QOF,https://fingertips.phe.org.uk/
UK,E12000002,North West,England,depression,Depression registered prevalence,2015,2015/16,9.622,9.599,9.646,576408,5990310,% registered prevalence,Registered patients aged 18+,QOF registered prevalence,848,OHID Fingertips / NHS England QOF,https://fingertips.phe.org.uk/
UK,E12000002,North West,England,depression,Depression registered prevalence,2016,2016/17,10.703,10.679,10.728,648018,6054267,% registered prevalence,Registered patients aged 18+,QOF registered prevalence,848,OHID Fingertips / NHS England QOF,https://fingertips.phe.org.uk/
UK,E12000002,North West,England,depression,Depression registered prevalence,2017,2017/18,11.712,11.686,11.737,718169,6132104,% registered prevalence,Registered patients aged 18+,QOF registered prevalence,848,OHID Fingertips / NHS England QOF,https://fingertips.phe.org.uk/
UK,E12000002,North West,England,depression,Depression registered prevalence,2018,2018/19,12.912,12.886,12.939,803683,6224074,% registered prevalence,Registered patients aged 18+,QOF registered prevalence,848,OHID Fingertips / NHS England QOF,https://fingertips.phe.org.uk/
UK,E12000002,North West,England,depression,Depression registered prevalence,2019,2019/20,14.034,14.007,14.061,876864,6248180,% registered prevalence,Registered patients aged 18+,QOF registered prevalence,848,OHID Fingertips / NHS England QOF,https://fingertips.phe.org.uk/
UK,E12000002,North West,England,depression,Depression registered prevalence,2020,2020/21,14.995,14.967,15.023,942474,6285302,% registered prevalence,Registered patients aged 18+,QOF registered prevalence,848,OHID Fingertips / NHS England QOF,https://fingertips.phe.org.uk/
UK,E12000002,North West,England,depression,Depression registered prevalence,2021,2021/22,15.501,15.473,15.529,988846,6379375,% registered prevalence,Registered patients aged 18+,QOF registered prevalence,848,OHID Fingertips / NHS England QOF,https://fingertips.phe.org.uk/
UK,E12000002,North West,England,depression,Depression registered prevalence,2022,2022/23,16.441,16.412,16.469,1061288,6455309,% registered prevalence,Registered patients aged 18+,QOF registered prevalence,848,OHID Fingertips / NHS England QOF,https://fingertips.phe.org.uk/
UK,E12000002,North West,England,depression,Depression registered prevalence,2024,2024/25,17.899,17.87,17.928,1189472,6645515,% registered prevalence,Registered patients aged 18+,QOF registered prevalence,848,OHID Fingertips / NHS England QOF,https://fingertips.phe.org.uk/
UK,E12000002,North West,England,diabetes,Diabetes registered prevalence,2012,2012/13,6.298,6.279,6.318,374161,5940912,% registered prevalence,Registered patients aged 17+,QOF registered prevalence,241,OHID Fingertips / NHS England QOF,https://fingertips.phe.org.uk/
UK,E12000002,North West,England,diabetes,Diabetes registered prevalence,2013,2013/14,6.499,6.479,6.518,389206,5988992,% registered prevalence,Registered patients aged 17+,QOF registered prevalence,241,OHID Fingertips / NHS England QOF,https://fingertips.phe.org.uk/
UK,E12000002,North West,England,diabetes,Diabetes registered prevalence,2014,2014/15,6.73,6.71,6.75,404717,6013494,% registered prevalence,Registered patients aged 17+,QOF registered prevalence,241,OHID Fingertips / NHS England QOF,https://fingertips.phe.org.uk/
UK,E12000002,North West,England,diabetes,Diabetes registered prevalence,2015,2015/16,6.93,6.909,6.95,421030,6075886,% registered prevalence,Registered patients aged 17+,QOF registered prevalence,241,OHID Fingertips / NHS England QOF,https://fingertips.phe.org.uk/
UK,E12000002,North West,England,diabetes,Diabetes registered prevalence,2016,2016/17,7.058,7.037,7.078,433237,6138516,% registered prevalence,Registered patients aged 17+,QOF registered prevalence,241,OHID Fingertips / NHS England QOF,https://fingertips.phe.org.uk/
UK,E12000002,North West,England,diabetes,Diabetes registered prevalence,2017,2017/18,7.12,7.1,7.14,442525,6215180,% registered prevalence,Registered patients aged 17+,QOF registered prevalence,241,OHID Fingertips / NHS England QOF,https://fingertips.phe.org.uk/
UK,E12000002,North West,England,diabetes,Diabetes registered prevalence,2018,2018/19,7.222,7.202,7.242,455403,6305999,% registered prevalence,Registered patients aged 17+,QOF registered prevalence,241,OHID Fingertips / NHS England QOF,https://fingertips.phe.org.uk/
UK,E12000002,North West,England,diabetes,Diabetes registered prevalence,2019,2019/20,7.361,7.34,7.381,466007,6331120,% registered prevalence,Registered patients aged 17+,QOF registered prevalence,241,OHID Fingertips / NHS England QOF,https://fingertips.phe.org.uk/
UK,E12000002,North West,England,diabetes,Diabetes registered prevalence,2020,2020/21,7.338,7.317,7.358,467560,6372101,% registered prevalence,Registered patients aged 17+,QOF registered prevalence,241,OHID Fingertips / NHS England QOF,https://fingertips.phe.org.uk/
UK,E12000002,North West,England,diabetes,Diabetes registered prevalence,2021,2021/22,7.455,7.434,7.475,482260,6469238,% registered prevalence,Registered patients aged 17+,QOF registered prevalence,241,OHID Fingertips / NHS England QOF,https://fingertips.phe.org.uk/
UK,E12000002,North West,England,diabetes,Diabetes registered prevalence,2022,2022/23,7.656,7.635,7.676,501227,6547230,% registered prevalence,Registered patients aged 17+,QOF registered prevalence,241,OHID Fingertips / NHS England QOF,https://fingertips.phe.org.uk/
UK,E12000002,North West,England,diabetes,Diabetes registered prevalence,2023,2023/24,7.867,7.846,7.887,523496,6654404,% registered prevalence,Registered patients aged 17+,QOF registered prevalence,241,OHID Fingertips / NHS England QOF,https://fingertips.phe.org.uk/
UK,E12000002,North West,England,diabetes,Diabetes registered prevalence,2024,2024/25,8.05,8.029,8.07,542925,6744786,% registered prevalence,Registered patients aged 17+,QOF registered prevalence,241,OHID Fingertips / NHS England QOF,https://fingertips.phe.org.uk/
UK,E12000002,North West,England,hypertension,Hypertension registered prevalence,2012,2012/13,14.208,14.183,14.233,1051020,7397503,% registered prevalence,All registered patients,QOF registered prevalence,219,OHID Fingertips / NHS England QOF,https://fingertips.phe.org.uk/
UK,E12000002,North West,England,hypertension,Hypertension registered prevalence,2013,2013/14,14.27,14.245,14.295,1061265,7436971,% registered prevalence,All registered patients,QOF registered prevalence,219,OHID Fingertips / NHS England QOF,https://fingertips.phe.org.uk/
UK,E12000002,North West,England,hypertension,Hypertension registered prevalence,2014,2014/15,14.354,14.329,14.379,1072068,7468714,% registered prevalence,All registered patients,QOF registered prevalence,219,OHID Fingertips / NHS England QOF,https://fingertips.phe.org.uk/
UK,E12000002,North West,England,hypertension,Hypertension registered prevalence,2015,2015/16,14.409,14.384,14.434,1087735,7548789,% registered prevalence,All registered patients,QOF registered prevalence,219,OHID Fingertips / NHS England QOF,https://fingertips.phe.org.uk/
UK,E12000002,North West,England,hypertension,Hypertension registered prevalence,2016,2016/17,14.537,14.512,14.562,1109061,7629451,% registered prevalence,All registered patients,QOF registered prevalence,219,OHID Fingertips / NHS England QOF,https://fingertips.phe.org.uk/
UK,E12000002,North West,England,hypertension,Hypertension registered prevalence,2017,2017/18,14.628,14.604,14.653,1129919,7724133,% registered prevalence,All registered patients,QOF registered prevalence,219,OHID Fingertips / NHS England QOF,https://fingertips.phe.org.uk/
UK,E12000002,North West,England,hypertension,Hypertension registered prevalence,2018,2018/19,14.614,14.59,14.639,1145593,7838863,% registered prevalence,All registered patients,QOF registered prevalence,219,OHID Fingertips / NHS England QOF,https://fingertips.phe.org.uk/
UK,E12000002,North West,England,hypertension,Hypertension registered prevalence,2019,2019/20,14.833,14.808,14.857,1166671,7865601,% registered prevalence,All registered patients,QOF registered prevalence,219,OHID Fingertips / NHS England QOF,https://fingertips.phe.org.uk/
UK,E12000002,North West,England,hypertension,Hypertension registered prevalence,2020,2020/21,14.622,14.598,14.647,1156289,7907722,% registered prevalence,All registered patients,QOF registered prevalence,219,OHID Fingertips / NHS England QOF,https://fingertips.phe.org.uk/
UK,E12000002,North West,England,hypertension,Hypertension registered prevalence,2021,2021/22,14.626,14.602,14.651,1172228,8014506,% registered prevalence,All registered patients,QOF registered prevalence,219,OHID Fingertips / NHS England QOF,https://fingertips.phe.org.uk/
UK,E12000002,North West,England,hypertension,Hypertension registered prevalence,2022,2022/23,15.106,15.081,15.13,1223796,8101612,% registered prevalence,All registered patients,QOF registered prevalence,219,OHID Fingertips / NHS England QOF,https://fingertips.phe.org.uk/
UK,E12000002,North West,England,hypertension,Hypertension registered prevalence,2023,2023/24,15.535,15.51,15.56,1276540,8217202,% registered prevalence,All registered patients,QOF registered prevalence,219,OHID Fingertips / NHS England QOF,https://fingertips.phe.org.uk/
UK,E12000002,North West,England,hypertension,Hypertension registered prevalence,2024,2024/25,15.983,15.958,16.008,1326974,8302208,% registered prevalence,All registered patients,QOF registered prevalence,219,OHID Fingertips / NHS England QOF,https://fingertips.phe.org.uk/
UK,E12000003,Yorkshire and the Humber,England,asthma,Asthma registered prevalence,2020,2020/21,6.917,6.896,6.939,379002,5479001,% registered prevalence,Registered patients aged 6+,QOF registered prevalence,90933,OHID Fingertips / NHS England QOF,https://fingertips.phe.org.uk/
UK,E12000003,Yorkshire and the Humber,England,asthma,Asthma registered prevalence,2021,2021/22,7.077,7.055,7.098,391511,5532542,% registered prevalence,Registered patients aged 6+,QOF registered prevalence,90933,OHID Fingertips / NHS England QOF,https://fingertips.phe.org.uk/
UK,E12000003,Yorkshire and the Humber,England,asthma,Asthma registered prevalence,2022,2022/23,7.174,7.153,7.196,401547,5597095,% registered prevalence,Registered patients aged 6+,QOF registered prevalence,90933,OHID Fingertips / NHS England QOF,https://fingertips.phe.org.uk/
UK,E12000003,Yorkshire and the Humber,England,asthma,Asthma registered prevalence,2023,2023/24,7.2,7.179,7.221,408063,5667581,% registered prevalence,Registered patients aged 6+,QOF registered prevalence,90933,OHID Fingertips / NHS England QOF,https://fingertips.phe.org.uk/
UK,E12000003,Yorkshire and the Humber,England,asthma,Asthma registered prevalence,2024,2024/25,7.245,7.224,7.267,413843,5711746,% registered prevalence,Registered patients aged 6+,QOF registered prevalence,90933,OHID Fingertips / NHS England QOF,https://fingertips.phe.org.uk/
UK,E12000003,Yorkshire and the Humber,England,cancer,Cancer registered prevalence,2012,2012/13,1.966,1.955,1.978,108624,5524195,% registered prevalence,All registered patients,QOF registered prevalence,276,OHID Fingertips / NHS England QOF,https://fingertips.phe.org.uk/
UK,E12000003,Yorkshire and the Humber,England,cancer,Cancer registered prevalence,2013,2013/14,2.138,2.126,2.151,118982,5563908,% registered prevalence,All registered patients,QOF registered prevalence,276,OHID Fingertips / NHS England QOF,https://fingertips.phe.org.uk/
UK,E12000003,Yorkshire and the Humber,England,cancer,Cancer registered prevalence,2014,2014/15,2.301,2.289,2.314,128686,5592128,% registered prevalence,All registered patients,QOF registered prevalence,276,OHID Fingertips / NHS England QOF,https://fingertips.phe.org.uk/
UK,E12000003,Yorkshire and the Humber,England,cancer,Cancer registered prevalence,2015,2015/16,2.458,2.445,2.471,138578,5637998,% registered prevalence,All registered patients,QOF registered prevalence,276,OHID Fingertips / NHS England QOF,https://fingertips.phe.org.uk/
UK,E12000003,Yorkshire and the Humber,England,cancer,Cancer registered prevalence,2016,2016/17,2.614,2.601,2.627,149632,5723921,% registered prevalence,All registered patients,QOF registered prevalence,276,OHID Fingertips / NHS England QOF,https://fingertips.phe.org.uk/
UK,E12000003,Yorkshire and the Humber,England,cancer,Cancer registered prevalence,2017,2017/18,2.773,2.76,2.786,159405,5748396,% registered prevalence,All registered patients,QOF registered prevalence,276,OHID Fingertips / NHS England QOF,https://fingertips.phe.org.uk/
UK,E12000003,Yorkshire and the Humber,England,cancer,Cancer registered prevalence,2018,2018/19,3.022,3.008,3.036,175050,5792321,% registered prevalence,All registered patients,QOF registered prevalence,276,OHID Fingertips / NHS England QOF,https://fingertips.phe.org.uk/
UK,E12000003,Yorkshire and the Humber,England,cancer,Cancer registered prevalence,2019,2019/20,3.16,3.146,3.174,184351,5833871,% registered prevalence,All registered patients,QOF registered prevalence,276,OHID Fingertips / NHS England QOF,https://fingertips.phe.org.uk/
UK,E12000003,Yorkshire and the Humber,England,cancer,Cancer registered prevalence,2020,2020/21,3.22,3.206,3.235,188223,5844752,% registered prevalence,All registered patients,QOF registered prevalence,276,OHID Fingertips / NHS England QOF,https://fingertips.phe.org.uk/
UK,E12000003,Yorkshire and the Humber,England,cancer,Cancer registered prevalence,2021,2021/22,3.35,3.335,3.364,197385,5892593,% registered prevalence,All registered patients,QOF registered prevalence,276,OHID Fingertips / NHS England QOF,https://fingertips.phe.org.uk/
UK,E12000003,Yorkshire and the Humber,England,cancer,Cancer registered prevalence,2022,2022/23,3.486,3.471,3.5,207500,5953161,% registered prevalence,All registered patients,QOF registered prevalence,276,OHID Fingertips / NHS England QOF,https://fingertips.phe.org.uk/
UK,E12000003,Yorkshire and the Humber,England,cancer,Cancer registered prevalence,2023,2023/24,3.615,3.6,3.63,217604,6018848,% registered prevalence,All registered patients,QOF registered prevalence,276,OHID Fingertips / NHS England QOF,https://fingertips.phe.org.uk/
UK,E12000003,Yorkshire and the Humber,England,cancer,Cancer registered prevalence,2024,2024/25,3.772,3.757,3.787,228500,6057819,% registered prevalence,All registered patients,QOF registered prevalence,276,OHID Fingertips / NHS England QOF,https://fingertips.phe.org.uk/
UK,E12000003,Yorkshire and the Humber,England,chd,Coronary heart disease registered prevalence,2012,2012/13,3.958,3.942,3.975,218663,5524195,% registered prevalence,All registered patients,QOF registered prevalence,273,OHID Fingertips / NHS England QOF,https://fingertips.phe.org.uk/
UK,E12000003,Yorkshire and the Humber,England,chd,Coronary heart disease registered prevalence,2013,2013/14,3.882,3.866,3.898,215969,5563908,% registered prevalence,All registered patients,QOF registered prevalence,273,OHID Fingertips / NHS England QOF,https://fingertips.phe.org.uk/
UK,E12000003,Yorkshire and the Humber,England,chd,Coronary heart disease registered prevalence,2014,2014/15,3.812,3.796,3.828,213164,5592128,% registered prevalence,All registered patients,QOF registered prevalence,273,OHID Fingertips / NHS England QOF,https://fingertips.phe.org.uk/
UK,E12000003,Yorkshire and the Humber,England,chd,Coronary heart disease registered prevalence,2015,2015/16,3.746,3.73,3.762,211191,5637998,% registered prevalence,All registered patients,QOF registered prevalence,273,OHID Fingertips / NHS England QOF,https://fingertips.phe.org.uk/
UK,E12000003,Yorkshire and the Humber,England,chd,Coronary heart disease registered prevalence,2016,2016/17,3.673,3.657,3.688,210231,5723921,% registered prevalence,All registered patients,QOF registered prevalence,273,OHID Fingertips / NHS England QOF,https://fingertips.phe.org.uk/
UK,E12000003,Yorkshire and the Humber,England,chd,Coronary heart disease registered prevalence,2017,2017/18,3.642,3.626,3.657,209340,5748396,% registered prevalence,All registered patients,QOF registered prevalence,273,OHID Fingertips / NHS England QOF,https://fingertips.phe.org.uk/
UK,E12000003,Yorkshire and the Humber,England,chd,Coronary heart disease registered prevalence,2018,2018/19,3.598,3.582,3.613,208385,5792321,% registered prevalence,All registered patients,QOF registered prevalence,273,OHID Fingertips / NHS England QOF,https://fingertips.phe.org.uk/
UK,E12000003,Yorkshire and the Humber,England,chd,Coronary heart disease registered prevalence,2019,2019/20,3.56,3.545,3.575,207661,5833871,% registered prevalence,All registered patients,QOF registered prevalence,273,OHID Fingertips / NHS England QOF,https://fingertips.phe.org.uk/
UK,E12000003,Yorkshire and the Humber,England,chd,Coronary heart disease registered prevalence,2020,2020/21,3.482,3.467,3.497,203521,5844752,% registered prevalence,All registered patients,QOF registered prevalence,273,OHID Fingertips / NHS England QOF,https://fingertips.phe.org.uk/
UK,E12000003,Yorkshire and the Humber,England,chd,Coronary heart disease registered prevalence,2021,2021/22,3.44,3.425,3.454,202676,5892593,% registered prevalence,All registered patients,QOF registered prevalence,273,OHID Fingertips / NHS England QOF,https://fingertips.phe.org.uk/
UK,E12000003,Yorkshire and the Humber,England,chd,Coronary heart disease registered prevalence,2022,2022/23,3.395,3.381,3.41,202125,5953161,% registered prevalence,All registered patients,QOF registered prevalence,273,OHID Fingertips / NHS England QOF,https://fingertips.phe.org.uk/
UK,E12000003,Yorkshire and the Humber,England,chd,Coronary heart disease registered prevalence,2023,2023/24,3.347,3.333,3.362,201478,6018848,% registered prevalence,All registered patients,QOF registered prevalence,273,OHID Fingertips / NHS England QOF,https://fingertips.phe.org.uk/
UK,E12000003,Yorkshire and the Humber,England,chd,Coronary heart disease registered prevalence,2024,2024/25,3.323,3.309,3.337,201289,6057819,% registered prevalence,All registered patients,QOF registered prevalence,273,OHID Fingertips / NHS England QOF,https://fingertips.phe.org.uk/
UK,E12000003,Yorkshire and the Humber,England,copd,COPD registered prevalence,2012,2012/13,2.096,2.085,2.108,115812,5524195,% registered prevalence,All registered patients,QOF registered prevalence,253,OHID Fingertips / NHS England QOF,https://fingertips.phe.org.uk/
UK,E12000003,Yorkshire and the Humber,England,copd,COPD registered prevalence,2013,2013/14,2.149,2.137,2.161,119580,5563908,% registered prevalence,All registered patients,QOF registered prevalence,253,OHID Fingertips / NHS England QOF,https://fingertips.phe.org.uk/
UK,E12000003,Yorkshire and the Humber,England,copd,COPD registered prevalence,2014,2014/15,2.2,2.188,2.212,123040,5592128,% registered prevalence,All registered patients,QOF registered prevalence,253,OHID Fingertips / NHS England QOF,https://fingertips.phe.org.uk/
UK,E12000003,Yorkshire and the Humber,England,copd,COPD registered prevalence,2015,2015/16,2.249,2.236,2.261,126779,5637998,% registered prevalence,All registered patients,QOF registered prevalence,253,OHID Fingertips / NHS England QOF,https://fingertips.phe.org.uk/
UK,E12000003,Yorkshire and the Humber,England,copd,COPD registered prevalence,2016,2016/17,2.263,2.251,2.275,129521,5723921,% registered prevalence,All registered patients,QOF registered prevalence,253,OHID Fingertips / NHS England QOF,https://fingertips.phe.org.uk/
UK,E12000003,Yorkshire and the Humber,England,copd,COPD registered prevalence,2017,2017/18,2.309,2.296,2.321,132711,5748396,% registered prevalence,All registered patients,QOF registered prevalence,253,OHID Fingertips / NHS England QOF,https://fingertips.phe.org.uk/
UK,E12000003,Yorkshire and the Humber,England,copd,COPD registered prevalence,2018,2018/19,2.357,2.344,2.369,136515,5792321,% registered prevalence,All registered patients,QOF registered prevalence,253,OHID Fingertips / NHS England QOF,https://fingertips.phe.org.uk/
UK,E12000003,Yorkshire and the Humber,England,copd,COPD registered prevalence,2019,2019/20,2.37,2.358,2.383,138289,5833871,% registered prevalence,All registered patients,QOF registered prevalence,253,OHID Fingertips / NHS England QOF,https://fingertips.phe.org.uk/
UK,E12000003,Yorkshire and the Humber,England,copd,COPD registered prevalence,2020,2020/21,2.352,2.34,2.365,137483,5844752,% registered prevalence,All registered patients,QOF registered prevalence,253,OHID Fingertips / NHS England QOF,https://fingertips.phe.org.uk/
UK,E12000003,Yorkshire and the Humber,England,copd,COPD registered prevalence,2021,2021/22,2.301,2.289,2.313,135596,5892593,% registered prevalence,All registered patients,QOF registered prevalence,253,OHID Fingertips / NHS England QOF,https://fingertips.phe.org.uk/
UK,E12000003,Yorkshire and the Humber,England,copd,COPD registered prevalence,2022,2022/23,2.291,2.279,2.303,136399,5953161,% registered prevalence,All registered patients,QOF registered prevalence,253,OHID Fingertips / NHS England QOF,https://fingertips.phe.org.uk/
UK,E12000003,Yorkshire and the Humber,England,copd,COPD registered prevalence,2023,2023/24,2.33,2.317,2.342,140210,6018848,% registered prevalence,All registered patients,QOF registered prevalence,253,OHID Fingertips / NHS England QOF,https://fingertips.phe.org.uk/
UK,E12000003,Yorkshire and the Humber,England,copd,COPD registered prevalence,2024,2024/25,2.387,2.375,2.399,144608,6057819,% registered prevalence,All registered patients,QOF registered prevalence,253,OHID Fingertips / NHS England QOF,https://fingertips.phe.org.uk/
UK,E12000003,Yorkshire and the Humber,England,depression,Depression registered prevalence,2012,2012/13,6.14,6.118,6.163,267054,4349227,% registered prevalence,Registered patients aged 18+,QOF registered prevalence,848,OHID Fingertips / NHS England QOF,https://fingertips.phe.org.uk/
UK,E12000003,Yorkshire and the Humber,England,depression,Depression registered prevalence,2013,2013/14,6.97,6.946,6.994,307691,4414546,% registered prevalence,Registered patients aged 18+,QOF registered prevalence,848,OHID Fingertips / NHS England QOF,https://fingertips.phe.org.uk/
UK,E12000003,Yorkshire and the Humber,England,depression,Depression registered prevalence,2014,2014/15,7.844,7.819,7.869,348136,4438311,% registered prevalence,Registered patients aged 18+,QOF registered prevalence,848,OHID Fingertips / NHS England QOF,https://fingertips.phe.org.uk/
UK,E12000003,Yorkshire and the Humber,England,depression,Depression registered prevalence,2015,2015/16,8.669,8.643,8.695,387932,4475132,% registered prevalence,Registered patients aged 18+,QOF registered prevalence,848,OHID Fingertips / NHS England QOF,https://fingertips.phe.org.uk/
UK,E12000003,Yorkshire and the Humber,England,depression,Depression registered prevalence,2016,2016/17,9.418,9.391,9.445,427945,4544070,% registered prevalence,Registered patients aged 18+,QOF registered prevalence,848,OHID Fingertips / NHS England QOF,https://fingertips.phe.org.uk/
UK,E12000003,Yorkshire and the Humber,England,depression,Depression registered prevalence,2017,2017/18,10.265,10.237,10.293,468837,4567420,% registered prevalence,Registered patients aged 18+,QOF registered prevalence,848,OHID Fingertips / NHS England QOF,https://fingertips.phe.org.uk/
UK,E12000003,Yorkshire and the Humber,England,depression,Depression registered prevalence,2018,2018/19,11.145,11.116,11.174,513057,4603556,% registered prevalence,Registered patients aged 18+,QOF registered prevalence,848,OHID Fingertips / NHS England QOF,https://fingertips.phe.org.uk/
UK,E12000003,Yorkshire and the Humber,England,depression,Depression registered prevalence,2019,2019/20,11.959,11.929,11.988,555053,4641437,% registered prevalence,Registered patients aged 18+,QOF registered prevalence,848,OHID Fingertips / NHS England QOF,https://fingertips.phe.org.uk/
UK,E12000003,Yorkshire and the Humber,England,depression,Depression registered prevalence,2020,2020/21,12.585,12.555,12.615,585840,4655070,% registered prevalence,Registered patients aged 18+,QOF registered prevalence,848,OHID Fingertips / NHS England QOF,https://fingertips.phe.org.uk/
UK,E12000003,Yorkshire and the Humber,England,depression,Depression registered prevalence,2021,2021/22,13.176,13.145,13.206,619148,4699225,% registered prevalence,Registered patients aged 18+,QOF registered prevalence,848,OHID Fingertips / NHS England QOF,https://fingertips.phe.org.uk/
UK,E12000003,Yorkshire and the Humber,England,depression,Depression registered prevalence,2022,2022/23,13.714,13.683,13.745,651645,4751816,% registered prevalence,Registered patients aged 18+,QOF registered prevalence,848,OHID Fingertips / NHS England QOF,https://fingertips.phe.org.uk/
UK,E12000003,Yorkshire and the Humber,England,depression,Depression registered prevalence,2024,2024/25,14.586,14.554,14.617,708111,4854858,% registered prevalence,Registered patients aged 18+,QOF registered prevalence,848,OHID Fingertips / NHS England QOF,https://fingertips.phe.org.uk/
UK,E12000003,Yorkshire and the Humber,England,diabetes,Diabetes registered prevalence,2012,2012/13,6.168,6.146,6.191,272919,4424708,% registered prevalence,Registered patients aged 17+,QOF registered prevalence,241,OHID Fingertips / NHS England QOF,https://fingertips.phe.org.uk/
UK,E12000003,Yorkshire and the Humber,England,diabetes,Diabetes registered prevalence,2013,2013/14,6.378,6.355,6.401,285739,4480110,% registered prevalence,Registered patients aged 17+,QOF registered prevalence,241,OHID Fingertips / NHS England QOF,https://fingertips.phe.org.uk/
UK,E12000003,Yorkshire and the Humber,England,diabetes,Diabetes registered prevalence,2014,2014/15,6.571,6.548,6.594,295879,4502750,% registered prevalence,Registered patients aged 17+,QOF registered prevalence,241,OHID Fingertips / NHS England QOF,https://fingertips.phe.org.uk/
UK,E12000003,Yorkshire and the Humber,England,diabetes,Diabetes registered prevalence,2015,2015/16,6.775,6.751,6.798,307505,4539107,% registered prevalence,Registered patients aged 17+,QOF registered prevalence,241,OHID Fingertips / NHS England QOF,https://fingertips.phe.org.uk/
UK,E12000003,Yorkshire and the Humber,England,diabetes,Diabetes registered prevalence,2016,2016/17,6.864,6.841,6.887,316248,4607456,% registered prevalence,Registered patients aged 17+,QOF registered prevalence,241,OHID Fingertips / NHS England QOF,https://fingertips.phe.org.uk/
UK,E12000003,Yorkshire and the Humber,England,diabetes,Diabetes registered prevalence,2017,2017/18,7.037,7.014,7.06,325686,4628194,% registered prevalence,Registered patients aged 17+,QOF registered prevalence,241,OHID Fingertips / NHS England QOF,https://fingertips.phe.org.uk/
UK,E12000003,Yorkshire and the Humber,England,diabetes,Diabetes registered prevalence,2018,2018/19,7.236,7.212,7.259,337495,4664391,% registered prevalence,Registered patients aged 17+,QOF registered prevalence,241,OHID Fingertips / NHS England QOF,https://fingertips.phe.org.uk/
UK,E12000003,Yorkshire and the Humber,England,diabetes,Diabetes registered prevalence,2019,2019/20,7.401,7.377,7.425,348088,4703288,% registered prevalence,Registered patients aged 17+,QOF registered prevalence,241,OHID Fingertips / NHS England QOF,https://fingertips.phe.org.uk/
UK,E12000003,Yorkshire and the Humber,England,diabetes,Diabetes registered prevalence,2020,2020/21,7.459,7.435,7.483,351998,4719143,% registered prevalence,Registered patients aged 17+,QOF registered prevalence,241,OHID Fingertips / NHS England QOF,https://fingertips.phe.org.uk/
UK,E12000003,Yorkshire and the Humber,England,diabetes,Diabetes registered prevalence,2021,2021/22,7.646,7.622,7.67,364337,4764997,% registered prevalence,Registered patients aged 17+,QOF registered prevalence,241,OHID Fingertips / NHS England QOF,https://fingertips.phe.org.uk/
UK,E12000003,Yorkshire and the Humber,England,diabetes,Diabetes registered prevalence,2022,2022/23,7.876,7.852,7.901,379581,4819175,% registered prevalence,Registered patients aged 17+,QOF registered prevalence,241,OHID Fingertips / NHS England QOF,https://fingertips.phe.org.uk/
UK,E12000003,Yorkshire and the Humber,England,diabetes,Diabetes registered prevalence,2023,2023/24,8.098,8.074,8.122,395365,4882305,% registered prevalence,Registered patients aged 17+,QOF registered prevalence,241,OHID Fingertips / NHS England QOF,https://fingertips.phe.org.uk/
UK,E12000003,Yorkshire and the Humber,England,diabetes,Diabetes registered prevalence,2024,2024/25,8.426,8.401,8.451,415157,4927108,% registered prevalence,Registered patients aged 17+,QOF registered prevalence,241,OHID Fingertips / NHS England QOF,https://fingertips.phe.org.uk/
UK,E12000003,Yorkshire and the Humber,England,hypertension,Hypertension registered prevalence,2012,2012/13,14.047,14.018,14.076,775989,5524195,% registered prevalence,All registered patients,QOF registered prevalence,219,OHID Fingertips / NHS England QOF,https://fingertips.phe.org.uk/
UK,E12000003,Yorkshire and the Humber,England,hypertension,Hypertension registered prevalence,2013,2013/14,14.107,14.079,14.136,784928,5563908,% registered prevalence,All registered patients,QOF registered prevalence,219,OHID Fingertips / NHS England QOF,https://fingertips.phe.org.uk/
UK,E12000003,Yorkshire and the Humber,England,hypertension,Hypertension registered prevalence,2014,2014/15,14.161,14.132,14.19,791904,5592128,% registered prevalence,All registered patients,QOF registered prevalence,219,OHID Fingertips / NHS England QOF,https://fingertips.phe.org.uk/
UK,E12000003,Yorkshire and the Humber,England,hypertension,Hypertension registered prevalence,2015,2015/16,14.238,14.209,14.267,802722,5637998,% registered prevalence,All registered patients,QOF registered prevalence,219,OHID Fingertips / NHS England QOF,https://fingertips.phe.org.uk/
UK,E12000003,Yorkshire and the Humber,England,hypertension,Hypertension registered prevalence,2016,2016/17,14.206,14.178,14.235,813161,5723921,% registered prevalence,All registered patients,QOF registered prevalence,219,OHID Fingertips / NHS England QOF,https://fingertips.phe.org.uk/
UK,E12000003,Yorkshire and the Humber,England,hypertension,Hypertension registered prevalence,2017,2017/18,14.368,14.339,14.396,825905,5748396,% registered prevalence,All registered patients,QOF registered prevalence,219,OHID Fingertips / NHS England QOF,https://fingertips.phe.org.uk/
UK,E12000003,Yorkshire and the Humber,England,hypertension,Hypertension registered prevalence,2018,2018/19,14.521,14.493,14.55,841122,5792321,% registered prevalence,All registered patients,QOF registered prevalence,219,OHID Fingertips / NHS England QOF,https://fingertips.phe.org.uk/
UK,E12000003,Yorkshire and the Humber,England,hypertension,Hypertension registered prevalence,2019,2019/20,14.636,14.607,14.665,853844,5833871,% registered prevalence,All registered patients,QOF registered prevalence,219,OHID Fingertips / NHS England QOF,https://fingertips.phe.org.uk/
UK,E12000003,Yorkshire and the Humber,England,hypertension,Hypertension registered prevalence,2020,2020/21,14.492,14.463,14.52,846994,5844752,% registered prevalence,All registered patients,QOF registered prevalence,219,OHID Fingertips / NHS England QOF,https://fingertips.phe.org.uk/
UK,E12000003,Yorkshire and the Humber,England,hypertension,Hypertension registered prevalence,2021,2021/22,14.646,14.617,14.675,863028,5892593,% registered prevalence,All registered patients,QOF registered prevalence,219,OHID Fingertips / NHS England QOF,https://fingertips.phe.org.uk/
UK,E12000003,Yorkshire and the Humber,England,hypertension,Hypertension registered prevalence,2022,2022/23,15.195,15.166,15.224,904586,5953161,% registered prevalence,All registered patients,QOF registered prevalence,219,OHID Fingertips / NHS England QOF,https://fingertips.phe.org.uk/
UK,E12000003,Yorkshire and the Humber,England,hypertension,Hypertension registered prevalence,2023,2023/24,15.652,15.623,15.681,942079,6018848,% registered prevalence,All registered patients,QOF registered prevalence,219,OHID Fingertips / NHS England QOF,https://fingertips.phe.org.uk/
UK,E12000003,Yorkshire and the Humber,England,hypertension,Hypertension registered prevalence,2024,2024/25,16.182,16.153,16.211,980278,6057819,% registered prevalence,All registered patients,QOF registered prevalence,219,OHID Fingertips / NHS England QOF,https://fingertips.phe.org.uk/
UK,E12000004,East Midlands,England,asthma,Asthma registered prevalence,2020,2020/21,6.588,6.566,6.611,315401,4787230,% registered prevalence,Registered patients aged 6+,QOF registered prevalence,90933,OHID Fingertips / NHS England QOF,https://fingertips.phe.org.uk/
UK,E12000004,East Midlands,England,asthma,Asthma registered prevalence,2021,2021/22,6.733,6.711,6.755,326900,4855351,% registered prevalence,Registered patients aged 6+,QOF registered prevalence,90933,OHID Fingertips / NHS England QOF,https://fingertips.phe.org.uk/
UK,E12000004,East Midlands,England,asthma,Asthma registered prevalence,2022,2022/23,6.789,6.766,6.811,333707,4915760,% registered prevalence,Registered patients aged 6+,QOF registered prevalence,90933,OHID Fingertips / NHS England QOF,https://fingertips.phe.org.uk/
UK,E12000004,East Midlands,England,asthma,Asthma registered prevalence,2023,2023/24,6.818,6.796,6.84,340699,4997219,% registered prevalence,Registered patients aged 6+,QOF registered prevalence,90933,OHID Fingertips / NHS England QOF,https://fingertips.phe.org.uk/
UK,E12000004,East Midlands,England,asthma,Asthma registered prevalence,2024,2024/25,6.856,6.834,6.878,345734,5042706,% registered prevalence,Registered patients aged 6+,QOF registered prevalence,90933,OHID Fingertips / NHS England QOF,https://fingertips.phe.org.uk/
UK,E12000004,East Midlands,England,cancer,Cancer registered prevalence,2012,2012/13,1.984,1.971,1.996,93784,4727470,% registered prevalence,All registered patients,QOF registered prevalence,276,OHID Fingertips / NHS England QOF,https://fingertips.phe.org.uk/
UK,E12000004,East Midlands,England,cancer,Cancer registered prevalence,2013,2013/14,2.168,2.155,2.181,103275,4763720,% registered prevalence,All registered patients,QOF registered prevalence,276,OHID Fingertips / NHS England QOF,https://fingertips.phe.org.uk/
UK,E12000004,East Midlands,England,cancer,Cancer registered prevalence,2014,2014/15,2.343,2.33,2.357,112311,4793225,% registered prevalence,All registered patients,QOF registered prevalence,276,OHID Fingertips / NHS England QOF,https://fingertips.phe.org.uk/
UK,E12000004,East Midlands,England,cancer,Cancer registered prevalence,2015,2015/16,2.516,2.502,2.53,122086,4852455,% registered prevalence,All registered patients,QOF registered prevalence,276,OHID Fingertips / NHS England QOF,https://fingertips.phe.org.uk/
UK,E12000004,East Midlands,England,cancer,Cancer registered prevalence,2016,2016/17,2.68,2.666,2.694,131992,4925208,% registered prevalence,All registered patients,QOF registered prevalence,276,OHID Fingertips / NHS England QOF,https://fingertips.phe.org.uk/
UK,E12000004,East Midlands,England,cancer,Cancer registered prevalence,2017,2017/18,2.834,2.819,2.849,141343,4987485,% registered prevalence,All registered patients,QOF registered prevalence,276,OHID Fingertips / NHS England QOF,https://fingertips.phe.org.uk/
UK,E12000004,East Midlands,England,cancer,Cancer registered prevalence,2018,2018/19,3.075,3.06,3.09,152990,4975318,% registered prevalence,All registered patients,QOF registered prevalence,276,OHID Fingertips / NHS England QOF,https://fingertips.phe.org.uk/
UK,E12000004,East Midlands,England,cancer,Cancer registered prevalence,2019,2019/20,3.216,3.201,3.232,163411,5080792,% registered prevalence,All registered patients,QOF registered prevalence,276,OHID Fingertips / NHS England QOF,https://fingertips.phe.org.uk/
UK,E12000004,East Midlands,England,cancer,Cancer registered prevalence,2020,2020/21,3.294,3.278,3.309,167843,5095774,% registered prevalence,All registered patients,QOF registered prevalence,276,OHID Fingertips / NHS England QOF,https://fingertips.phe.org.uk/
UK,E12000004,East Midlands,England,cancer,Cancer registered prevalence,2021,2021/22,3.418,3.403,3.434,176413,5160600,% registered prevalence,All registered patients,QOF registered prevalence,276,OHID Fingertips / NHS England QOF,https://fingertips.phe.org.uk/
UK,E12000004,East Midlands,England,cancer,Cancer registered prevalence,2022,2022/23,3.534,3.518,3.55,184410,5218204,% registered prevalence,All registered patients,QOF registered prevalence,276,OHID Fingertips / NHS England QOF,https://fingertips.phe.org.uk/
UK,E12000004,East Midlands,England,cancer,Cancer registered prevalence,2023,2023/24,3.69,3.674,3.706,195490,5297832,% registered prevalence,All registered patients,QOF registered prevalence,276,OHID Fingertips / NHS England QOF,https://fingertips.phe.org.uk/
UK,E12000004,East Midlands,England,cancer,Cancer registered prevalence,2024,2024/25,3.847,3.831,3.863,205382,5338780,% registered prevalence,All registered patients,QOF registered prevalence,276,OHID Fingertips / NHS England QOF,https://fingertips.phe.org.uk/
UK,E12000004,East Midlands,England,chd,Coronary heart disease registered prevalence,2012,2012/13,3.597,3.58,3.614,170041,4727470,% registered prevalence,All registered patients,QOF registered prevalence,273,OHID Fingertips / NHS England QOF,https://fingertips.phe.org.uk/
UK,E12000004,East Midlands,England,chd,Coronary heart disease registered prevalence,2013,2013/14,3.567,3.551,3.584,169937,4763720,% registered prevalence,All registered patients,QOF registered prevalence,273,OHID Fingertips / NHS England QOF,https://fingertips.phe.org.uk/
UK,E12000004,East Midlands,England,chd,Coronary heart disease registered prevalence,2014,2014/15,3.515,3.499,3.532,168493,4793225,% registered prevalence,All registered patients,QOF registered prevalence,273,OHID Fingertips / NHS England QOF,https://fingertips.phe.org.uk/
UK,E12000004,East Midlands,England,chd,Coronary heart disease registered prevalence,2015,2015/16,3.463,3.447,3.479,168039,4852455,% registered prevalence,All registered patients,QOF registered prevalence,273,OHID Fingertips / NHS England QOF,https://fingertips.phe.org.uk/
UK,E12000004,East Midlands,England,chd,Coronary heart disease registered prevalence,2016,2016/17,3.423,3.407,3.439,168593,4925208,% registered prevalence,All registered patients,QOF registered prevalence,273,OHID Fingertips / NHS England QOF,https://fingertips.phe.org.uk/
UK,E12000004,East Midlands,England,chd,Coronary heart disease registered prevalence,2017,2017/18,3.384,3.369,3.4,168795,4987485,% registered prevalence,All registered patients,QOF registered prevalence,273,OHID Fingertips / NHS England QOF,https://fingertips.phe.org.uk/
UK,E12000004,East Midlands,England,chd,Coronary heart disease registered prevalence,2018,2018/19,3.345,3.33,3.361,166441,4975318,% registered prevalence,All registered patients,QOF registered prevalence,273,OHID Fingertips / NHS England QOF,https://fingertips.phe.org.uk/
UK,E12000004,East Midlands,England,chd,Coronary heart disease registered prevalence,2019,2019/20,3.321,3.306,3.337,168756,5080792,% registered prevalence,All registered patients,QOF registered prevalence,273,OHID Fingertips / NHS England QOF,https://fingertips.phe.org.uk/
UK,E12000004,East Midlands,England,chd,Coronary heart disease registered prevalence,2020,2020/21,3.267,3.251,3.282,166463,5095774,% registered prevalence,All registered patients,QOF registered prevalence,273,OHID Fingertips / NHS England QOF,https://fingertips.phe.org.uk/
UK,E12000004,East Midlands,England,chd,Coronary heart disease registered prevalence,2021,2021/22,3.226,3.211,3.241,166478,5160600,% registered prevalence,All registered patients,QOF registered prevalence,273,OHID Fingertips / NHS England QOF,https://fingertips.phe.org.uk/
UK,E12000004,East Midlands,England,chd,Coronary heart disease registered prevalence,2022,2022/23,3.175,3.16,3.19,165661,5218204,% registered prevalence,All registered patients,QOF registered prevalence,273,OHID Fingertips / NHS England QOF,https://fingertips.phe.org.uk/
UK,E12000004,East Midlands,England,chd,Coronary heart disease registered prevalence,2023,2023/24,3.141,3.126,3.156,166405,5297832,% registered prevalence,All registered patients,QOF registered prevalence,273,OHID Fingertips / NHS England QOF,https://fingertips.phe.org.uk/
UK,E12000004,East Midlands,England,chd,Coronary heart disease registered prevalence,2024,2024/25,3.142,3.127,3.157,167741,5338780,% registered prevalence,All registered patients,QOF registered prevalence,273,OHID Fingertips / NHS England QOF,https://fingertips.phe.org.uk/
UK,E12000004,East Midlands,England,copd,COPD registered prevalence,2012,2012/13,1.829,1.817,1.841,86454,4727470,% registered prevalence,All registered patients,QOF registered prevalence,253,OHID Fingertips / NHS England QOF,https://fingertips.phe.org.uk/
UK,E12000004,East Midlands,England,copd,COPD registered prevalence,2013,2013/14,1.881,1.869,1.894,89623,4763720,% registered prevalence,All registered patients,QOF registered prevalence,253,OHID Fingertips / NHS England QOF,https://fingertips.phe.org.uk/
UK,E12000004,East Midlands,England,copd,COPD registered prevalence,2014,2014/15,1.926,1.914,1.938,92310,4793225,% registered prevalence,All registered patients,QOF registered prevalence,253,OHID Fingertips / NHS England QOF,https://fingertips.phe.org.uk/
UK,E12000004,East Midlands,England,copd,COPD registered prevalence,2015,2015/16,1.963,1.95,1.975,95234,4852455,% registered prevalence,All registered patients,QOF registered prevalence,253,OHID Fingertips / NHS England QOF,https://fingertips.phe.org.uk/
UK,E12000004,East Midlands,England,copd,COPD registered prevalence,2016,2016/17,1.978,1.966,1.99,97412,4925208,% registered prevalence,All registered patients,QOF registered prevalence,253,OHID Fingertips / NHS England QOF,https://fingertips.phe.org.uk/
UK,E12000004,East Midlands,England,copd,COPD registered prevalence,2017,2017/18,2.0,1.988,2.013,99768,4987485,% registered prevalence,All registered patients,QOF registered prevalence,253,OHID Fingertips / NHS England QOF,https://fingertips.phe.org.uk/
UK,E12000004,East Midlands,England,copd,COPD registered prevalence,2018,2018/19,2.027,2.014,2.039,100831,4975318,% registered prevalence,All registered patients,QOF registered prevalence,253,OHID Fingertips / NHS England QOF,https://fingertips.phe.org.uk/
UK,E12000004,East Midlands,England,copd,COPD registered prevalence,2019,2019/20,2.053,2.04,2.065,104289,5080792,% registered prevalence,All registered patients,QOF registered prevalence,253,OHID Fingertips / NHS England QOF,https://fingertips.phe.org.uk/
UK,E12000004,East Midlands,England,copd,COPD registered prevalence,2020,2020/21,2.037,2.025,2.05,103825,5095774,% registered prevalence,All registered patients,QOF registered prevalence,253,OHID Fingertips / NHS England QOF,https://fingertips.phe.org.uk/
UK,E12000004,East Midlands,England,copd,COPD registered prevalence,2021,2021/22,1.992,1.98,2.004,102812,5160600,% registered prevalence,All registered patients,QOF registered prevalence,253,OHID Fingertips / NHS England QOF,https://fingertips.phe.org.uk/
UK,E12000004,East Midlands,England,copd,COPD registered prevalence,2022,2022/23,1.978,1.966,1.99,103237,5218204,% registered prevalence,All registered patients,QOF registered prevalence,253,OHID Fingertips / NHS England QOF,https://fingertips.phe.org.uk/
UK,E12000004,East Midlands,England,copd,COPD registered prevalence,2023,2023/24,2.004,1.992,2.016,106147,5297832,% registered prevalence,All registered patients,QOF registered prevalence,253,OHID Fingertips / NHS England QOF,https://fingertips.phe.org.uk/
UK,E12000004,East Midlands,England,copd,COPD registered prevalence,2024,2024/25,2.041,2.029,2.053,108987,5338780,% registered prevalence,All registered patients,QOF registered prevalence,253,OHID Fingertips / NHS England QOF,https://fingertips.phe.org.uk/
UK,E12000004,East Midlands,England,depression,Depression registered prevalence,2012,2012/13,6.425,6.4,6.449,240550,3744249,% registered prevalence,Registered patients aged 18+,QOF registered prevalence,848,OHID Fingertips / NHS England QOF,https://fingertips.phe.org.uk/
UK,E12000004,East Midlands,England,depression,Depression registered prevalence,2013,2013/14,7.349,7.323,7.375,279143,3798342,% registered prevalence,Registered patients aged 18+,QOF registered prevalence,848,OHID Fingertips / NHS England QOF,https://fingertips.phe.org.uk/
UK,E12000004,East Midlands,England,depression,Depression registered prevalence,2014,2014/15,8.286,8.258,8.314,316634,3821277,% registered prevalence,Registered patients aged 18+,QOF registered prevalence,848,OHID Fingertips / NHS England QOF,https://fingertips.phe.org.uk/
UK,E12000004,East Midlands,England,depression,Depression registered prevalence,2015,2015/16,9.123,9.095,9.152,353266,3872130,% registered prevalence,Registered patients aged 18+,QOF registered prevalence,848,OHID Fingertips / NHS England QOF,https://fingertips.phe.org.uk/
UK,E12000004,East Midlands,England,depression,Depression registered prevalence,2016,2016/17,9.996,9.967,10.026,392732,3928721,% registered prevalence,Registered patients aged 18+,QOF registered prevalence,848,OHID Fingertips / NHS England QOF,https://fingertips.phe.org.uk/
UK,E12000004,East Midlands,England,depression,Depression registered prevalence,2017,2017/18,10.773,10.743,10.804,429136,3983417,% registered prevalence,Registered patients aged 18+,QOF registered prevalence,848,OHID Fingertips / NHS England QOF,https://fingertips.phe.org.uk/
UK,E12000004,East Midlands,England,depression,Depression registered prevalence,2018,2018/19,11.638,11.607,11.67,463003,3978265,% registered prevalence,Registered patients aged 18+,QOF registered prevalence,848,OHID Fingertips / NHS England QOF,https://fingertips.phe.org.uk/
UK,E12000004,East Midlands,England,depression,Depression registered prevalence,2019,2019/20,12.385,12.353,12.417,503519,4065679,% registered prevalence,Registered patients aged 18+,QOF registered prevalence,848,OHID Fingertips / NHS England QOF,https://fingertips.phe.org.uk/
UK,E12000004,East Midlands,England,depression,Depression registered prevalence,2020,2020/21,12.952,12.92,12.985,528581,4081003,% registered prevalence,Registered patients aged 18+,QOF registered prevalence,848,OHID Fingertips / NHS England QOF,https://fingertips.phe.org.uk/
UK,E12000004,East Midlands,England,depression,Depression registered prevalence,2021,2021/22,13.43,13.398,13.463,555654,4137291,% registered prevalence,Registered patients aged 18+,QOF registered prevalence,848,OHID Fingertips / NHS England QOF,https://fingertips.phe.org.uk/
UK,E12000004,East Midlands,England,depression,Depression registered prevalence,2022,2022/23,13.915,13.882,13.948,582373,4185238,% registered prevalence,Registered patients aged 18+,QOF registered prevalence,848,OHID Fingertips / NHS England QOF,https://fingertips.phe.org.uk/
UK,E12000004,East Midlands,England,depression,Depression registered prevalence,2024,2024/25,14.75,14.716,14.783,633617,4295788,% registered prevalence,Registered patients aged 18+,QOF registered prevalence,848,OHID Fingertips / NHS England QOF,https://fingertips.phe.org.uk/
UK,E12000004,East Midlands,England,diabetes,Diabetes registered prevalence,2012,2012/13,6.455,6.43,6.479,245735,3807031,% registered prevalence,Registered patients aged 17+,QOF registered prevalence,241,OHID Fingertips / NHS England QOF,https://fingertips.phe.org.uk/
UK,E12000004,East Midlands,England,diabetes,Diabetes registered prevalence,2013,2013/14,6.644,6.619,6.669,256085,3854557,% registered prevalence,Registered patients aged 17+,QOF registered prevalence,241,OHID Fingertips / NHS England QOF,https://fingertips.phe.org.uk/
UK,E12000004,East Midlands,England,diabetes,Diabetes registered prevalence,2014,2014/15,6.805,6.78,6.83,263824,3876839,% registered prevalence,Registered patients aged 17+,QOF registered prevalence,241,OHID Fingertips / NHS England QOF,https://fingertips.phe.org.uk/
UK,E12000004,East Midlands,England,diabetes,Diabetes registered prevalence,2015,2015/16,6.97,6.945,6.995,273741,3927484,% registered prevalence,Registered patients aged 17+,QOF registered prevalence,241,OHID Fingertips / NHS England QOF,https://fingertips.phe.org.uk/
UK,E12000004,East Midlands,England,diabetes,Diabetes registered prevalence,2016,2016/17,7.078,7.053,7.103,281922,3983179,% registered prevalence,Registered patients aged 17+,QOF registered prevalence,241,OHID Fingertips / NHS England QOF,https://fingertips.phe.org.uk/
UK,E12000004,East Midlands,England,diabetes,Diabetes registered prevalence,2017,2017/18,7.218,7.193,7.244,291380,4036692,% registered prevalence,Registered patients aged 17+,QOF registered prevalence,241,OHID Fingertips / NHS England QOF,https://fingertips.phe.org.uk/
UK,E12000004,East Midlands,England,diabetes,Diabetes registered prevalence,2018,2018/19,7.342,7.317,7.367,295883,4030028,% registered prevalence,Registered patients aged 17+,QOF registered prevalence,241,OHID Fingertips / NHS England QOF,https://fingertips.phe.org.uk/
UK,E12000004,East Midlands,England,diabetes,Diabetes registered prevalence,2019,2019/20,7.437,7.412,7.463,306329,4118759,% registered prevalence,Registered patients aged 17+,QOF registered prevalence,241,OHID Fingertips / NHS England QOF,https://fingertips.phe.org.uk/
UK,E12000004,East Midlands,England,diabetes,Diabetes registered prevalence,2020,2020/21,7.507,7.482,7.533,310525,4136342,% registered prevalence,Registered patients aged 17+,QOF registered prevalence,241,OHID Fingertips / NHS England QOF,https://fingertips.phe.org.uk/
UK,E12000004,East Midlands,England,diabetes,Diabetes registered prevalence,2021,2021/22,7.726,7.7,7.751,323967,4193307,% registered prevalence,Registered patients aged 17+,QOF registered prevalence,241,OHID Fingertips / NHS England QOF,https://fingertips.phe.org.uk/
UK,E12000004,East Midlands,England,diabetes,Diabetes registered prevalence,2022,2022/23,7.903,7.877,7.928,335338,4243305,% registered prevalence,Registered patients aged 17+,QOF registered prevalence,241,OHID Fingertips / NHS England QOF,https://fingertips.phe.org.uk/
UK,E12000004,East Midlands,England,diabetes,Diabetes registered prevalence,2023,2023/24,8.112,8.086,8.138,349953,4314097,% registered prevalence,Registered patients aged 17+,QOF registered prevalence,241,OHID Fingertips / NHS England QOF,https://fingertips.phe.org.uk/
UK,E12000004,East Midlands,England,diabetes,Diabetes registered prevalence,2024,2024/25,8.37,8.344,8.396,364868,4359362,% registered prevalence,Registered patients aged 17+,QOF registered prevalence,241,OHID Fingertips / NHS England QOF,https://fingertips.phe.org.uk/
UK,E12000004,East Midlands,England,hypertension,Hypertension registered prevalence,2012,2012/13,14.287,14.255,14.318,675398,4727470,% registered prevalence,All registered patients,QOF registered prevalence,219,OHID Fingertips / NHS England QOF,https://fingertips.phe.org.uk/
UK,E12000004,East Midlands,England,hypertension,Hypertension registered prevalence,2013,2013/14,14.387,14.355,14.418,685352,4763720,% registered prevalence,All registered patients,QOF registered prevalence,219,OHID Fingertips / NHS England QOF,https://fingertips.phe.org.uk/
UK,E12000004,East Midlands,England,hypertension,Hypertension registered prevalence,2014,2014/15,14.456,14.425,14.488,692916,4793225,% registered prevalence,All registered patients,QOF registered prevalence,219,OHID Fingertips / NHS England QOF,https://fingertips.phe.org.uk/
UK,E12000004,East Midlands,England,hypertension,Hypertension registered prevalence,2015,2015/16,14.519,14.488,14.55,704530,4852455,% registered prevalence,All registered patients,QOF registered prevalence,219,OHID Fingertips / NHS England QOF,https://fingertips.phe.org.uk/
UK,E12000004,East Midlands,England,hypertension,Hypertension registered prevalence,2016,2016/17,14.576,14.545,14.608,717919,4925208,% registered prevalence,All registered patients,QOF registered prevalence,219,OHID Fingertips / NHS England QOF,https://fingertips.phe.org.uk/
UK,E12000004,East Midlands,England,hypertension,Hypertension registered prevalence,2017,2017/18,14.646,14.615,14.677,730466,4987485,% registered prevalence,All registered patients,QOF registered prevalence,219,OHID Fingertips / NHS England QOF,https://fingertips.phe.org.uk/
UK,E12000004,East Midlands,England,hypertension,Hypertension registered prevalence,2018,2018/19,14.759,14.728,14.79,734302,4975318,% registered prevalence,All registered patients,QOF registered prevalence,219,OHID Fingertips / NHS England QOF,https://fingertips.phe.org.uk/
UK,E12000004,East Midlands,England,hypertension,Hypertension registered prevalence,2019,2019/20,14.879,14.848,14.91,755965,5080792,% registered prevalence,All registered patients,QOF registered prevalence,219,OHID Fingertips / NHS England QOF,https://fingertips.phe.org.uk/
UK,E12000004,East Midlands,England,hypertension,Hypertension registered prevalence,2020,2020/21,14.786,14.755,14.817,753448,5095774,% registered prevalence,All registered patients,QOF registered prevalence,219,OHID Fingertips / NHS England QOF,https://fingertips.phe.org.uk/
UK,E12000004,East Midlands,England,hypertension,Hypertension registered prevalence,2021,2021/22,14.924,14.893,14.955,770162,5160600,% registered prevalence,All registered patients,QOF registered prevalence,219,OHID Fingertips / NHS England QOF,https://fingertips.phe.org.uk/
UK,E12000004,East Midlands,England,hypertension,Hypertension registered prevalence,2022,2022/23,15.368,15.337,15.399,801914,5218204,% registered prevalence,All registered patients,QOF registered prevalence,219,OHID Fingertips / NHS England QOF,https://fingertips.phe.org.uk/
UK,E12000004,East Midlands,England,hypertension,Hypertension registered prevalence,2023,2023/24,15.864,15.833,15.895,840439,5297832,% registered prevalence,All registered patients,QOF registered prevalence,219,OHID Fingertips / NHS England QOF,https://fingertips.phe.org.uk/
UK,E12000004,East Midlands,England,hypertension,Hypertension registered prevalence,2024,2024/25,16.458,16.426,16.489,878650,5338780,% registered prevalence,All registered patients,QOF registered prevalence,219,OHID Fingertips / NHS England QOF,https://fingertips.phe.org.uk/
UK,E12000005,West Midlands,England,asthma,Asthma registered prevalence,2020,2020/21,6.601,6.581,6.621,391437,5930073,% registered prevalence,Registered patients aged 6+,QOF registered prevalence,90933,OHID Fingertips / NHS England QOF,https://fingertips.phe.org.uk/
UK,E12000005,West Midlands,England,asthma,Asthma registered prevalence,2021,2021/22,6.636,6.616,6.656,399008,6013032,% registered prevalence,Registered patients aged 6+,QOF registered prevalence,90933,OHID Fingertips / NHS England QOF,https://fingertips.phe.org.uk/
UK,E12000005,West Midlands,England,asthma,Asthma registered prevalence,2022,2022/23,6.665,6.645,6.684,406582,6100549,% registered prevalence,Registered patients aged 6+,QOF registered prevalence,90933,OHID Fingertips / NHS England QOF,https://fingertips.phe.org.uk/
UK,E12000005,West Midlands,England,asthma,Asthma registered prevalence,2023,2023/24,6.639,6.62,6.659,412583,6214175,% registered prevalence,Registered patients aged 6+,QOF registered prevalence,90933,OHID Fingertips / NHS England QOF,https://fingertips.phe.org.uk/
UK,E12000005,West Midlands,England,asthma,Asthma registered prevalence,2024,2024/25,6.645,6.625,6.664,417509,6283204,% registered prevalence,Registered patients aged 6+,QOF registered prevalence,90933,OHID Fingertips / NHS England QOF,https://fingertips.phe.org.uk/
UK,E12000005,West Midlands,England,cancer,Cancer registered prevalence,2012,2012/13,1.961,1.95,1.972,115465,5889056,% registered prevalence,All registered patients,QOF registered prevalence,276,OHID Fingertips / NHS England QOF,https://fingertips.phe.org.uk/
UK,E12000005,West Midlands,England,cancer,Cancer registered prevalence,2013,2013/14,2.126,2.114,2.138,125503,5903071,% registered prevalence,All registered patients,QOF registered prevalence,276,OHID Fingertips / NHS England QOF,https://fingertips.phe.org.uk/
UK,E12000005,West Midlands,England,cancer,Cancer registered prevalence,2014,2014/15,2.286,2.275,2.299,136099,5952302,% registered prevalence,All registered patients,QOF registered prevalence,276,OHID Fingertips / NHS England QOF,https://fingertips.phe.org.uk/
UK,E12000005,West Midlands,England,cancer,Cancer registered prevalence,2015,2015/16,2.422,2.409,2.434,146569,6052572,% registered prevalence,All registered patients,QOF registered prevalence,276,OHID Fingertips / NHS England QOF,https://fingertips.phe.org.uk/
UK,E12000005,West Midlands,England,cancer,Cancer registered prevalence,2016,2016/17,2.547,2.535,2.56,149221,5857967,% registered prevalence,All registered patients,QOF registered prevalence,276,OHID Fingertips / NHS England QOF,https://fingertips.phe.org.uk/
UK,E12000005,West Midlands,England,cancer,Cancer registered prevalence,2017,2017/18,2.724,2.711,2.737,168639,6190414,% registered prevalence,All registered patients,QOF registered prevalence,276,OHID Fingertips / NHS England QOF,https://fingertips.phe.org.uk/
UK,E12000005,West Midlands,England,cancer,Cancer registered prevalence,2018,2018/19,2.966,2.953,2.979,185758,6262578,% registered prevalence,All registered patients,QOF registered prevalence,276,OHID Fingertips / NHS England QOF,https://fingertips.phe.org.uk/
UK,E12000005,West Midlands,England,cancer,Cancer registered prevalence,2019,2019/20,3.106,3.093,3.12,196234,6317523,% registered prevalence,All registered patients,QOF registered prevalence,276,OHID Fingertips / NHS England QOF,https://fingertips.phe.org.uk/
UK,E12000005,West Midlands,England,cancer,Cancer registered prevalence,2020,2020/21,3.178,3.165,3.192,201636,6343755,% registered prevalence,All registered patients,QOF registered prevalence,276,OHID Fingertips / NHS England QOF,https://fingertips.phe.org.uk/
UK,E12000005,West Midlands,England,cancer,Cancer registered prevalence,2021,2021/22,3.312,3.298,3.325,212664,6421968,% registered prevalence,All registered patients,QOF registered prevalence,276,OHID Fingertips / NHS England QOF,https://fingertips.phe.org.uk/
UK,E12000005,West Midlands,England,cancer,Cancer registered prevalence,2022,2022/23,3.453,3.439,3.467,224711,6507401,% registered prevalence,All registered patients,QOF registered prevalence,276,OHID Fingertips / NHS England QOF,https://fingertips.phe.org.uk/
UK,E12000005,West Midlands,England,cancer,Cancer registered prevalence,2023,2023/24,3.593,3.579,3.607,237864,6620396,% registered prevalence,All registered patients,QOF registered prevalence,276,OHID Fingertips / NHS England QOF,https://fingertips.phe.org.uk/
UK,E12000005,West Midlands,England,cancer,Cancer registered prevalence,2024,2024/25,3.742,3.727,3.756,250172,6685811,% registered prevalence,All registered patients,QOF registered prevalence,276,OHID Fingertips / NHS England QOF,https://fingertips.phe.org.uk/
UK,E12000005,West Midlands,England,chd,Coronary heart disease registered prevalence,2012,2012/13,3.44,3.426,3.455,202609,5889056,% registered prevalence,All registered patients,QOF registered prevalence,273,OHID Fingertips / NHS England QOF,https://fingertips.phe.org.uk/
UK,E12000005,West Midlands,England,chd,Coronary heart disease registered prevalence,2013,2013/14,3.396,3.382,3.411,200496,5903071,% registered prevalence,All registered patients,QOF registered prevalence,273,OHID Fingertips / NHS England QOF,https://fingertips.phe.org.uk/
UK,E12000005,West Midlands,England,chd,Coronary heart disease registered prevalence,2014,2014/15,3.359,3.344,3.373,199913,5952302,% registered prevalence,All registered patients,QOF registered prevalence,273,OHID Fingertips / NHS England QOF,https://fingertips.phe.org.uk/
UK,E12000005,West Midlands,England,chd,Coronary heart disease registered prevalence,2015,2015/16,3.296,3.282,3.31,199488,6052572,% registered prevalence,All registered patients,QOF registered prevalence,273,OHID Fingertips / NHS England QOF,https://fingertips.phe.org.uk/
UK,E12000005,West Midlands,England,chd,Coronary heart disease registered prevalence,2016,2016/17,3.223,3.209,3.237,188793,5857967,% registered prevalence,All registered patients,QOF registered prevalence,273,OHID Fingertips / NHS England QOF,https://fingertips.phe.org.uk/
UK,E12000005,West Midlands,England,chd,Coronary heart disease registered prevalence,2017,2017/18,3.251,3.237,3.265,201222,6190414,% registered prevalence,All registered patients,QOF registered prevalence,273,OHID Fingertips / NHS England QOF,https://fingertips.phe.org.uk/
UK,E12000005,West Midlands,England,chd,Coronary heart disease registered prevalence,2018,2018/19,3.231,3.217,3.244,202319,6262578,% registered prevalence,All registered patients,QOF registered prevalence,273,OHID Fingertips / NHS England QOF,https://fingertips.phe.org.uk/
UK,E12000005,West Midlands,England,chd,Coronary heart disease registered prevalence,2019,2019/20,3.221,3.207,3.234,203462,6317523,% registered prevalence,All registered patients,QOF registered prevalence,273,OHID Fingertips / NHS England QOF,https://fingertips.phe.org.uk/
UK,E12000005,West Midlands,England,chd,Coronary heart disease registered prevalence,2020,2020/21,3.177,3.163,3.191,201544,6343755,% registered prevalence,All registered patients,QOF registered prevalence,273,OHID Fingertips / NHS England QOF,https://fingertips.phe.org.uk/
UK,E12000005,West Midlands,England,chd,Coronary heart disease registered prevalence,2021,2021/22,3.136,3.123,3.15,201417,6421968,% registered prevalence,All registered patients,QOF registered prevalence,273,OHID Fingertips / NHS England QOF,https://fingertips.phe.org.uk/
UK,E12000005,West Midlands,England,chd,Coronary heart disease registered prevalence,2022,2022/23,3.098,3.085,3.112,201617,6507401,% registered prevalence,All registered patients,QOF registered prevalence,273,OHID Fingertips / NHS England QOF,https://fingertips.phe.org.uk/
UK,E12000005,West Midlands,England,chd,Coronary heart disease registered prevalence,2023,2023/24,3.072,3.058,3.085,203352,6620396,% registered prevalence,All registered patients,QOF registered prevalence,273,OHID Fingertips / NHS England QOF,https://fingertips.phe.org.uk/
UK,E12000005,West Midlands,England,chd,Coronary heart disease registered prevalence,2024,2024/25,3.071,3.058,3.084,205304,6685811,% registered prevalence,All registered patients,QOF registered prevalence,273,OHID Fingertips / NHS England QOF,https://fingertips.phe.org.uk/
UK,E12000005,West Midlands,England,copd,COPD registered prevalence,2012,2012/13,1.742,1.731,1.753,102588,5889056,% registered prevalence,All registered patients,QOF registered prevalence,253,OHID Fingertips / NHS England QOF,https://fingertips.phe.org.uk/
UK,E12000005,West Midlands,England,copd,COPD registered prevalence,2013,2013/14,1.787,1.777,1.798,105499,5903071,% registered prevalence,All registered patients,QOF registered prevalence,253,OHID Fingertips / NHS England QOF,https://fingertips.phe.org.uk/
UK,E12000005,West Midlands,England,copd,COPD registered prevalence,2014,2014/15,1.821,1.81,1.831,108367,5952302,% registered prevalence,All registered patients,QOF registered prevalence,253,OHID Fingertips / NHS England QOF,https://fingertips.phe.org.uk/
UK,E12000005,West Midlands,England,copd,COPD registered prevalence,2015,2015/16,1.838,1.827,1.848,111222,6052572,% registered prevalence,All registered patients,QOF registered prevalence,253,OHID Fingertips / NHS England QOF,https://fingertips.phe.org.uk/
UK,E12000005,West Midlands,England,copd,COPD registered prevalence,2016,2016/17,1.841,1.831,1.852,107871,5857967,% registered prevalence,All registered patients,QOF registered prevalence,253,OHID Fingertips / NHS England QOF,https://fingertips.phe.org.uk/
UK,E12000005,West Midlands,England,copd,COPD registered prevalence,2017,2017/18,1.895,1.884,1.905,117280,6190414,% registered prevalence,All registered patients,QOF registered prevalence,253,OHID Fingertips / NHS England QOF,https://fingertips.phe.org.uk/
UK,E12000005,West Midlands,England,copd,COPD registered prevalence,2018,2018/19,1.938,1.927,1.949,121374,6262578,% registered prevalence,All registered patients,QOF registered prevalence,253,OHID Fingertips / NHS England QOF,https://fingertips.phe.org.uk/
UK,E12000005,West Midlands,England,copd,COPD registered prevalence,2019,2019/20,1.945,1.934,1.955,122845,6317523,% registered prevalence,All registered patients,QOF registered prevalence,253,OHID Fingertips / NHS England QOF,https://fingertips.phe.org.uk/
UK,E12000005,West Midlands,England,copd,COPD registered prevalence,2020,2020/21,1.933,1.922,1.943,122607,6343755,% registered prevalence,All registered patients,QOF registered prevalence,253,OHID Fingertips / NHS England QOF,https://fingertips.phe.org.uk/
UK,E12000005,West Midlands,England,copd,COPD registered prevalence,2021,2021/22,1.874,1.864,1.885,120370,6421968,% registered prevalence,All registered patients,QOF registered prevalence,253,OHID Fingertips / NHS England QOF,https://fingertips.phe.org.uk/
UK,E12000005,West Midlands,England,copd,COPD registered prevalence,2022,2022/23,1.849,1.839,1.86,120339,6507401,% registered prevalence,All registered patients,QOF registered prevalence,253,OHID Fingertips / NHS England QOF,https://fingertips.phe.org.uk/
UK,E12000005,West Midlands,England,copd,COPD registered prevalence,2023,2023/24,1.849,1.839,1.859,122420,6620396,% registered prevalence,All registered patients,QOF registered prevalence,253,OHID Fingertips / NHS England QOF,https://fingertips.phe.org.uk/
UK,E12000005,West Midlands,England,copd,COPD registered prevalence,2024,2024/25,1.879,1.868,1.889,125603,6685811,% registered prevalence,All registered patients,QOF registered prevalence,253,OHID Fingertips / NHS England QOF,https://fingertips.phe.org.uk/
UK,E12000005,West Midlands,England,depression,Depression registered prevalence,2012,2012/13,6.022,6.0,6.044,278160,4619105,% registered prevalence,Registered patients aged 18+,QOF registered prevalence,848,OHID Fingertips / NHS England QOF,https://fingertips.phe.org.uk/
UK,E12000005,West Midlands,England,depression,Depression registered prevalence,2013,2013/14,6.722,6.7,6.745,312113,4642979,% registered prevalence,Registered patients aged 18+,QOF registered prevalence,848,OHID Fingertips / NHS England QOF,https://fingertips.phe.org.uk/
UK,E12000005,West Midlands,England,depression,Depression registered prevalence,2014,2014/15,7.612,7.588,7.636,356617,4685176,% registered prevalence,Registered patients aged 18+,QOF registered prevalence,848,OHID Fingertips / NHS England QOF,https://fingertips.phe.org.uk/
UK,E12000005,West Midlands,England,depression,Depression registered prevalence,2015,2015/16,8.522,8.497,8.547,405949,4763540,% registered prevalence,Registered patients aged 18+,QOF registered prevalence,848,OHID Fingertips / NHS England QOF,https://fingertips.phe.org.uk/
UK,E12000005,West Midlands,England,depression,Depression registered prevalence,2016,2016/17,9.327,9.301,9.354,429775,4607837,% registered prevalence,Registered patients aged 18+,QOF registered prevalence,848,OHID Fingertips / NHS England QOF,https://fingertips.phe.org.uk/
UK,E12000005,West Midlands,England,depression,Depression registered prevalence,2017,2017/18,10.3,10.273,10.327,501866,4872274,% registered prevalence,Registered patients aged 18+,QOF registered prevalence,848,OHID Fingertips / NHS England QOF,https://fingertips.phe.org.uk/
UK,E12000005,West Midlands,England,depression,Depression registered prevalence,2018,2018/19,11.195,11.167,11.223,551751,4928422,% registered prevalence,Registered patients aged 18+,QOF registered prevalence,848,OHID Fingertips / NHS England QOF,https://fingertips.phe.org.uk/
UK,E12000005,West Midlands,England,depression,Depression registered prevalence,2019,2019/20,12.091,12.062,12.119,601416,4974265,% registered prevalence,Registered patients aged 18+,QOF registered prevalence,848,OHID Fingertips / NHS England QOF,https://fingertips.phe.org.uk/
UK,E12000005,West Midlands,England,depression,Depression registered prevalence,2020,2020/21,12.983,12.953,13.012,648822,4997654,% registered prevalence,Registered patients aged 18+,QOF registered prevalence,848,OHID Fingertips / NHS England QOF,https://fingertips.phe.org.uk/
UK,E12000005,West Midlands,England,depression,Depression registered prevalence,2021,2021/22,13.304,13.274,13.334,674175,5067462,% registered prevalence,Registered patients aged 18+,QOF registered prevalence,848,OHID Fingertips / NHS England QOF,https://fingertips.phe.org.uk/
UK,E12000005,West Midlands,England,depression,Depression registered prevalence,2022,2022/23,13.965,13.935,13.995,717439,5137498,% registered prevalence,Registered patients aged 18+,QOF registered prevalence,848,OHID Fingertips / NHS England QOF,https://fingertips.phe.org.uk/
UK,E12000005,West Midlands,England,depression,Depression registered prevalence,2024,2024/25,15.104,15.074,15.135,800276,5298380,% registered prevalence,Registered patients aged 18+,QOF registered prevalence,848,OHID Fingertips / NHS England QOF,https://fingertips.phe.org.uk/
UK,E12000005,West Midlands,England,diabetes,Diabetes registered prevalence,2012,2012/13,6.742,6.719,6.764,316549,4695478,% registered prevalence,Registered patients aged 17+,QOF registered prevalence,241,OHID Fingertips / NHS England QOF,https://fingertips.phe.org.uk/
UK,E12000005,West Midlands,England,diabetes,Diabetes registered prevalence,2013,2013/14,7.085,7.061,7.108,334083,4715613,% registered prevalence,Registered patients aged 17+,QOF registered prevalence,241,OHID Fingertips / NHS England QOF,https://fingertips.phe.org.uk/
UK,E12000005,West Midlands,England,diabetes,Diabetes registered prevalence,2014,2014/15,7.281,7.258,7.304,346339,4756745,% registered prevalence,Registered patients aged 17+,QOF registered prevalence,241,OHID Fingertips / NHS England QOF,https://fingertips.phe.org.uk/
UK,E12000005,West Midlands,England,diabetes,Diabetes registered prevalence,2015,2015/16,7.455,7.431,7.478,360389,4834366,% registered prevalence,Registered patients aged 17+,QOF registered prevalence,241,OHID Fingertips / NHS England QOF,https://fingertips.phe.org.uk/
UK,E12000005,West Midlands,England,diabetes,Diabetes registered prevalence,2016,2016/17,7.545,7.521,7.569,352750,4675361,% registered prevalence,Registered patients aged 17+,QOF registered prevalence,241,OHID Fingertips / NHS England QOF,https://fingertips.phe.org.uk/
UK,E12000005,West Midlands,England,diabetes,Diabetes registered prevalence,2017,2017/18,7.675,7.651,7.698,379210,4941010,% registered prevalence,Registered patients aged 17+,QOF registered prevalence,241,OHID Fingertips / NHS England QOF,https://fingertips.phe.org.uk/
UK,E12000005,West Midlands,England,diabetes,Diabetes registered prevalence,2018,2018/19,7.84,7.816,7.863,391764,4997204,% registered prevalence,Registered patients aged 17+,QOF registered prevalence,241,OHID Fingertips / NHS England QOF,https://fingertips.phe.org.uk/
UK,E12000005,West Midlands,England,diabetes,Diabetes registered prevalence,2019,2019/20,8.024,8.0,8.048,404744,5044148,% registered prevalence,Registered patients aged 17+,QOF registered prevalence,241,OHID Fingertips / NHS England QOF,https://fingertips.phe.org.uk/
UK,E12000005,West Midlands,England,diabetes,Diabetes registered prevalence,2020,2020/21,8.01,7.987,8.034,406187,5070728,% registered prevalence,Registered patients aged 17+,QOF registered prevalence,241,OHID Fingertips / NHS England QOF,https://fingertips.phe.org.uk/
UK,E12000005,West Midlands,England,diabetes,Diabetes registered prevalence,2021,2021/22,8.163,8.14,8.187,419816,5142822,% registered prevalence,Registered patients aged 17+,QOF registered prevalence,241,OHID Fingertips / NHS England QOF,https://fingertips.phe.org.uk/
UK,E12000005,West Midlands,England,diabetes,Diabetes registered prevalence,2022,2022/23,8.387,8.363,8.411,437320,5214219,% registered prevalence,Registered patients aged 17+,QOF registered prevalence,241,OHID Fingertips / NHS England QOF,https://fingertips.phe.org.uk/
UK,E12000005,West Midlands,England,diabetes,Diabetes registered prevalence,2023,2023/24,8.567,8.543,8.591,455337,5315155,% registered prevalence,Registered patients aged 17+,QOF registered prevalence,241,OHID Fingertips / NHS England QOF,https://fingertips.phe.org.uk/
UK,E12000005,West Midlands,England,diabetes,Diabetes registered prevalence,2024,2024/25,8.773,8.749,8.797,472148,5381649,% registered prevalence,Registered patients aged 17+,QOF registered prevalence,241,OHID Fingertips / NHS England QOF,https://fingertips.phe.org.uk/
UK,E12000005,West Midlands,England,hypertension,Hypertension registered prevalence,2012,2012/13,14.711,14.682,14.739,866313,5889056,% registered prevalence,All registered patients,QOF registered prevalence,219,OHID Fingertips / NHS England QOF,https://fingertips.phe.org.uk/
UK,E12000005,West Midlands,England,hypertension,Hypertension registered prevalence,2013,2013/14,14.754,14.725,14.782,870926,5903071,% registered prevalence,All registered patients,QOF registered prevalence,219,OHID Fingertips / NHS England QOF,https://fingertips.phe.org.uk/
UK,E12000005,West Midlands,England,hypertension,Hypertension registered prevalence,2014,2014/15,14.812,14.784,14.841,881679,5952302,% registered prevalence,All registered patients,QOF registered prevalence,219,OHID Fingertips / NHS England QOF,https://fingertips.phe.org.uk/
UK,E12000005,West Midlands,England,hypertension,Hypertension registered prevalence,2015,2015/16,14.756,14.727,14.784,893088,6052567,% registered prevalence,All registered patients,QOF registered prevalence,219,OHID Fingertips / NHS England QOF,https://fingertips.phe.org.uk/
UK,E12000005,West Midlands,England,hypertension,Hypertension registered prevalence,2016,2016/17,14.591,14.563,14.62,854745,5857967,% registered prevalence,All registered patients,QOF registered prevalence,219,OHID Fingertips / NHS England QOF,https://fingertips.phe.org.uk/
UK,E12000005,West Midlands,England,hypertension,Hypertension registered prevalence,2017,2017/18,14.859,14.831,14.887,919848,6190414,% registered prevalence,All registered patients,QOF registered prevalence,219,OHID Fingertips / NHS England QOF,https://fingertips.phe.org.uk/
UK,E12000005,West Midlands,England,hypertension,Hypertension registered prevalence,2018,2018/19,14.814,14.786,14.842,927722,6262578,% registered prevalence,All registered patients,QOF registered prevalence,219,OHID Fingertips / NHS England QOF,https://fingertips.phe.org.uk/
UK,E12000005,West Midlands,England,hypertension,Hypertension registered prevalence,2019,2019/20,14.861,14.834,14.889,938869,6317523,% registered prevalence,All registered patients,QOF registered prevalence,219,OHID Fingertips / NHS England QOF,https://fingertips.phe.org.uk/
UK,E12000005,West Midlands,England,hypertension,Hypertension registered prevalence,2020,2020/21,14.651,14.624,14.679,929449,6343755,% registered prevalence,All registered patients,QOF registered prevalence,219,OHID Fingertips / NHS England QOF,https://fingertips.phe.org.uk/
UK,E12000005,West Midlands,England,hypertension,Hypertension registered prevalence,2021,2021/22,14.672,14.645,14.699,942230,6421968,% registered prevalence,All registered patients,QOF registered prevalence,219,OHID Fingertips / NHS England QOF,https://fingertips.phe.org.uk/
UK,E12000005,West Midlands,England,hypertension,Hypertension registered prevalence,2022,2022/23,15.162,15.134,15.189,986638,6507401,% registered prevalence,All registered patients,QOF registered prevalence,219,OHID Fingertips / NHS England QOF,https://fingertips.phe.org.uk/
UK,E12000005,West Midlands,England,hypertension,Hypertension registered prevalence,2023,2023/24,15.515,15.487,15.542,1027131,6620396,% registered prevalence,All registered patients,QOF registered prevalence,219,OHID Fingertips / NHS England QOF,https://fingertips.phe.org.uk/
UK,E12000005,West Midlands,England,hypertension,Hypertension registered prevalence,2024,2024/25,15.943,15.915,15.971,1065908,6685811,% registered prevalence,All registered patients,QOF registered prevalence,219,OHID Fingertips / NHS England QOF,https://fingertips.phe.org.uk/
UK,E12000006,East of England,England,asthma,Asthma registered prevalence,2020,2020/21,6.52,6.5,6.539,406296,6231896,% registered prevalence,Registered patients aged 6+,QOF registered prevalence,90933,OHID Fingertips / NHS England QOF,https://fingertips.phe.org.uk/
UK,E12000006,East of England,England,asthma,Asthma registered prevalence,2021,2021/22,6.729,6.71,6.749,425299,6320267,% registered prevalence,Registered patients aged 6+,QOF registered prevalence,90933,OHID Fingertips / NHS England QOF,https://fingertips.phe.org.uk/
UK,E12000006,East of England,England,asthma,Asthma registered prevalence,2022,2022/23,6.797,6.778,6.817,435524,6407530,% registered prevalence,Registered patients aged 6+,QOF registered prevalence,90933,OHID Fingertips / NHS England QOF,https://fingertips.phe.org.uk/
UK,E12000006,East of England,England,asthma,Asthma registered prevalence,2023,2023/24,6.804,6.784,6.823,442269,6500442,% registered prevalence,Registered patients aged 6+,QOF registered prevalence,90933,OHID Fingertips / NHS England QOF,https://fingertips.phe.org.uk/
UK,E12000006,East of England,England,asthma,Asthma registered prevalence,2024,2024/25,6.858,6.839,6.877,450303,6566184,% registered prevalence,Registered patients aged 6+,QOF registered prevalence,90933,OHID Fingertips / NHS England QOF,https://fingertips.phe.org.uk/
UK,E12000006,East of England,England,cancer,Cancer registered prevalence,2012,2012/13,2.05,2.038,2.061,125314,6113986,% registered prevalence,All registered patients,QOF registered prevalence,276,OHID Fingertips / NHS England QOF,https://fingertips.phe.org.uk/
UK,E12000006,East of England,England,cancer,Cancer registered prevalence,2013,2013/14,2.231,2.22,2.243,137516,6162937,% registered prevalence,All registered patients,QOF registered prevalence,276,OHID Fingertips / NHS England QOF,https://fingertips.phe.org.uk/
UK,E12000006,East of England,England,cancer,Cancer registered prevalence,2014,2014/15,2.4,2.388,2.412,149862,6244583,% registered prevalence,All registered patients,QOF registered prevalence,276,OHID Fingertips / NHS England QOF,https://fingertips.phe.org.uk/
UK,E12000006,East of England,England,cancer,Cancer registered prevalence,2015,2015/16,2.561,2.549,2.573,162474,6343899,% registered prevalence,All registered patients,QOF registered prevalence,276,OHID Fingertips / NHS England QOF,https://fingertips.phe.org.uk/
UK,E12000006,East of England,England,cancer,Cancer registered prevalence,2016,2016/17,2.719,2.706,2.731,175437,6453089,% registered prevalence,All registered patients,QOF registered prevalence,276,OHID Fingertips / NHS England QOF,https://fingertips.phe.org.uk/
UK,E12000006,East of England,England,cancer,Cancer registered prevalence,2017,2017/18,2.881,2.869,2.894,186104,6458693,% registered prevalence,All registered patients,QOF registered prevalence,276,OHID Fingertips / NHS England QOF,https://fingertips.phe.org.uk/
UK,E12000006,East of England,England,cancer,Cancer registered prevalence,2018,2018/19,3.131,3.117,3.144,204513,6532563,% registered prevalence,All registered patients,QOF registered prevalence,276,OHID Fingertips / NHS England QOF,https://fingertips.phe.org.uk/
UK,E12000006,East of England,England,cancer,Cancer registered prevalence,2019,2019/20,3.269,3.256,3.283,216521,6622754,% registered prevalence,All registered patients,QOF registered prevalence,276,OHID Fingertips / NHS England QOF,https://fingertips.phe.org.uk/
UK,E12000006,East of England,England,cancer,Cancer registered prevalence,2020,2020/21,3.338,3.325,3.352,222147,6654328,% registered prevalence,All registered patients,QOF registered prevalence,276,OHID Fingertips / NHS England QOF,https://fingertips.phe.org.uk/
UK,E12000006,East of England,England,cancer,Cancer registered prevalence,2021,2021/22,3.463,3.449,3.476,233324,6738385,% registered prevalence,All registered patients,QOF registered prevalence,276,OHID Fingertips / NHS England QOF,https://fingertips.phe.org.uk/
UK,E12000006,East of England,England,cancer,Cancer registered prevalence,2022,2022/23,3.604,3.59,3.618,245849,6822379,% registered prevalence,All registered patients,QOF registered prevalence,276,OHID Fingertips / NHS England QOF,https://fingertips.phe.org.uk/
UK,E12000006,East of England,England,cancer,Cancer registered prevalence,2023,2023/24,3.744,3.729,3.758,258716,6910865,% registered prevalence,All registered patients,QOF registered prevalence,276,OHID Fingertips / NHS England QOF,https://fingertips.phe.org.uk/
UK,E12000006,East of England,England,cancer,Cancer registered prevalence,2024,2024/25,3.903,3.889,3.918,272138,6971858,% registered prevalence,All registered patients,QOF registered prevalence,276,OHID Fingertips / NHS England QOF,https://fingertips.phe.org.uk/
UK,E12000006,East of England,England,chd,Coronary heart disease registered prevalence,2012,2012/13,3.256,3.242,3.27,199093,6113986,% registered prevalence,All registered patients,QOF registered prevalence,273,OHID Fingertips / NHS England QOF,https://fingertips.phe.org.uk/
UK,E12000006,East of England,England,chd,Coronary heart disease registered prevalence,2013,2013/14,3.223,3.209,3.237,198639,6162937,% registered prevalence,All registered patients,QOF registered prevalence,273,OHID Fingertips / NHS England QOF,https://fingertips.phe.org.uk/
UK,E12000006,East of England,England,chd,Coronary heart disease registered prevalence,2014,2014/15,3.179,3.165,3.193,198501,6244583,% registered prevalence,All registered patients,QOF registered prevalence,273,OHID Fingertips / NHS England QOF,https://fingertips.phe.org.uk/
UK,E12000006,East of England,England,chd,Coronary heart disease registered prevalence,2015,2015/16,3.129,3.116,3.143,198513,6343899,% registered prevalence,All registered patients,QOF registered prevalence,273,OHID Fingertips / NHS England QOF,https://fingertips.phe.org.uk/
UK,E12000006,East of England,England,chd,Coronary heart disease registered prevalence,2016,2016/17,3.093,3.08,3.107,199610,6453089,% registered prevalence,All registered patients,QOF registered prevalence,273,OHID Fingertips / NHS England QOF,https://fingertips.phe.org.uk/
UK,E12000006,East of England,England,chd,Coronary heart disease registered prevalence,2017,2017/18,3.079,3.066,3.092,198857,6458693,% registered prevalence,All registered patients,QOF registered prevalence,273,OHID Fingertips / NHS England QOF,https://fingertips.phe.org.uk/
UK,E12000006,East of England,England,chd,Coronary heart disease registered prevalence,2018,2018/19,3.069,3.055,3.082,200459,6532563,% registered prevalence,All registered patients,QOF registered prevalence,273,OHID Fingertips / NHS England QOF,https://fingertips.phe.org.uk/
UK,E12000006,East of England,England,chd,Coronary heart disease registered prevalence,2019,2019/20,3.062,3.049,3.075,202781,6622754,% registered prevalence,All registered patients,QOF registered prevalence,273,OHID Fingertips / NHS England QOF,https://fingertips.phe.org.uk/
UK,E12000006,East of England,England,chd,Coronary heart disease registered prevalence,2020,2020/21,3.02,3.007,3.033,200988,6654328,% registered prevalence,All registered patients,QOF registered prevalence,273,OHID Fingertips / NHS England QOF,https://fingertips.phe.org.uk/
UK,E12000006,East of England,England,chd,Coronary heart disease registered prevalence,2021,2021/22,3.008,2.995,3.021,202668,6738385,% registered prevalence,All registered patients,QOF registered prevalence,273,OHID Fingertips / NHS England QOF,https://fingertips.phe.org.uk/
UK,E12000006,East of England,England,chd,Coronary heart disease registered prevalence,2022,2022/23,2.988,2.975,3.0,203823,6822379,% registered prevalence,All registered patients,QOF registered prevalence,273,OHID Fingertips / NHS England QOF,https://fingertips.phe.org.uk/
UK,E12000006,East of England,England,chd,Coronary heart disease registered prevalence,2023,2023/24,2.976,2.963,2.989,205658,6910865,% registered prevalence,All registered patients,QOF registered prevalence,273,OHID Fingertips / NHS England QOF,https://fingertips.phe.org.uk/
UK,E12000006,East of England,England,chd,Coronary heart disease registered prevalence,2024,2024/25,2.989,2.976,3.001,208356,6971858,% registered prevalence,All registered patients,QOF registered prevalence,273,OHID Fingertips / NHS England QOF,https://fingertips.phe.org.uk/
UK,E12000006,East of England,England,copd,COPD registered prevalence,2012,2012/13,1.665,1.655,1.675,101801,6113986,% registered prevalence,All registered patients,QOF registered prevalence,253,OHID Fingertips / NHS England QOF,https://fingertips.phe.org.uk/
UK,E12000006,East of England,England,copd,COPD registered prevalence,2013,2013/14,1.706,1.695,1.716,105119,6162937,% registered prevalence,All registered patients,QOF registered prevalence,253,OHID Fingertips / NHS England QOF,https://fingertips.phe.org.uk/
UK,E12000006,East of England,England,copd,COPD registered prevalence,2014,2014/15,1.743,1.733,1.754,108874,6244583,% registered prevalence,All registered patients,QOF registered prevalence,253,OHID Fingertips / NHS England QOF,https://fingertips.phe.org.uk/
UK,E12000006,East of England,England,copd,COPD registered prevalence,2015,2015/16,1.775,1.765,1.786,112625,6343899,% registered prevalence,All registered patients,QOF registered prevalence,253,OHID Fingertips / NHS England QOF,https://fingertips.phe.org.uk/
UK,E12000006,East of England,England,copd,COPD registered prevalence,2016,2016/17,1.787,1.777,1.798,115348,6453089,% registered prevalence,All registered patients,QOF registered prevalence,253,OHID Fingertips / NHS England QOF,https://fingertips.phe.org.uk/
UK,E12000006,East of England,England,copd,COPD registered prevalence,2017,2017/18,1.813,1.803,1.823,117093,6458693,% registered prevalence,All registered patients,QOF registered prevalence,253,OHID Fingertips / NHS England QOF,https://fingertips.phe.org.uk/
UK,E12000006,East of England,England,copd,COPD registered prevalence,2018,2018/19,1.846,1.835,1.856,120560,6532563,% registered prevalence,All registered patients,QOF registered prevalence,253,OHID Fingertips / NHS England QOF,https://fingertips.phe.org.uk/
UK,E12000006,East of England,England,copd,COPD registered prevalence,2019,2019/20,1.853,1.843,1.863,122709,6622754,% registered prevalence,All registered patients,QOF registered prevalence,253,OHID Fingertips / NHS England QOF,https://fingertips.phe.org.uk/
UK,E12000006,East of England,England,copd,COPD registered prevalence,2020,2020/21,1.842,1.832,1.852,122560,6654328,% registered prevalence,All registered patients,QOF registered prevalence,253,OHID Fingertips / NHS England QOF,https://fingertips.phe.org.uk/
UK,E12000006,East of England,England,copd,COPD registered prevalence,2021,2021/22,1.801,1.791,1.811,121361,6738385,% registered prevalence,All registered patients,QOF registered prevalence,253,OHID Fingertips / NHS England QOF,https://fingertips.phe.org.uk/
UK,E12000006,East of England,England,copd,COPD registered prevalence,2022,2022/23,1.783,1.773,1.793,121647,6822379,% registered prevalence,All registered patients,QOF registered prevalence,253,OHID Fingertips / NHS England QOF,https://fingertips.phe.org.uk/
UK,E12000006,East of England,England,copd,COPD registered prevalence,2023,2023/24,1.789,1.779,1.799,123642,6910865,% registered prevalence,All registered patients,QOF registered prevalence,253,OHID Fingertips / NHS England QOF,https://fingertips.phe.org.uk/
UK,E12000006,East of England,England,copd,COPD registered prevalence,2024,2024/25,1.804,1.794,1.814,125788,6971858,% registered prevalence,All registered patients,QOF registered prevalence,253,OHID Fingertips / NHS England QOF,https://fingertips.phe.org.uk/
UK,E12000006,East of England,England,depression,Depression registered prevalence,2012,2012/13,5.745,5.725,5.766,277802,4835160,% registered prevalence,Registered patients aged 18+,QOF registered prevalence,848,OHID Fingertips / NHS England QOF,https://fingertips.phe.org.uk/
UK,E12000006,East of England,England,depression,Depression registered prevalence,2013,2013/14,6.505,6.483,6.527,317297,4877707,% registered prevalence,Registered patients aged 18+,QOF registered prevalence,848,OHID Fingertips / NHS England QOF,https://fingertips.phe.org.uk/
UK,E12000006,East of England,England,depression,Depression registered prevalence,2014,2014/15,7.23,7.208,7.253,357611,4945913,% registered prevalence,Registered patients aged 18+,QOF registered prevalence,848,OHID Fingertips / NHS England QOF,https://fingertips.phe.org.uk/
UK,E12000006,East of England,England,depression,Depression registered prevalence,2015,2015/16,7.987,7.964,8.011,401471,5026299,% registered prevalence,Registered patients aged 18+,QOF registered prevalence,848,OHID Fingertips / NHS England QOF,https://fingertips.phe.org.uk/
UK,E12000006,East of England,England,depression,Depression registered prevalence,2016,2016/17,8.638,8.613,8.662,441920,5116127,% registered prevalence,Registered patients aged 18+,QOF registered prevalence,848,OHID Fingertips / NHS England QOF,https://fingertips.phe.org.uk/
UK,E12000006,East of England,England,depression,Depression registered prevalence,2017,2017/18,9.384,9.359,9.409,480818,5123736,% registered prevalence,Registered patients aged 18+,QOF registered prevalence,848,OHID Fingertips / NHS England QOF,https://fingertips.phe.org.uk/
UK,E12000006,East of England,England,depression,Depression registered prevalence,2018,2018/19,10.114,10.088,10.14,524402,5184836,% registered prevalence,Registered patients aged 18+,QOF registered prevalence,848,OHID Fingertips / NHS England QOF,https://fingertips.phe.org.uk/
UK,E12000006,East of England,England,depression,Depression registered prevalence,2019,2019/20,10.781,10.755,10.808,567117,5260169,% registered prevalence,Registered patients aged 18+,QOF registered prevalence,848,OHID Fingertips / NHS England QOF,https://fingertips.phe.org.uk/
UK,E12000006,East of England,England,depression,Depression registered prevalence,2020,2020/21,11.306,11.279,11.333,598214,5290929,% registered prevalence,Registered patients aged 18+,QOF registered prevalence,848,OHID Fingertips / NHS England QOF,https://fingertips.phe.org.uk/
UK,E12000006,East of England,England,depression,Depression registered prevalence,2021,2021/22,11.73,11.703,11.757,629194,5363976,% registered prevalence,Registered patients aged 18+,QOF registered prevalence,848,OHID Fingertips / NHS England QOF,https://fingertips.phe.org.uk/
UK,E12000006,East of England,England,depression,Depression registered prevalence,2022,2022/23,12.223,12.195,12.25,663976,5432382,% registered prevalence,Registered patients aged 18+,QOF registered prevalence,848,OHID Fingertips / NHS England QOF,https://fingertips.phe.org.uk/
UK,E12000006,East of England,England,depression,Depression registered prevalence,2024,2024/25,12.981,12.953,13.009,722807,5568271,% registered prevalence,Registered patients aged 18+,QOF registered prevalence,848,OHID Fingertips / NHS England QOF,https://fingertips.phe.org.uk/
UK,E12000006,East of England,England,diabetes,Diabetes registered prevalence,2012,2012/13,5.778,5.758,5.799,283650,4908748,% registered prevalence,Registered patients aged 17+,QOF registered prevalence,241,OHID Fingertips / NHS England QOF,https://fingertips.phe.org.uk/
UK,E12000006,East of England,England,diabetes,Diabetes registered prevalence,2013,2013/14,5.965,5.944,5.986,295334,4951239,% registered prevalence,Registered patients aged 17+,QOF registered prevalence,241,OHID Fingertips / NHS England QOF,https://fingertips.phe.org.uk/
UK,E12000006,East of England,England,diabetes,Diabetes registered prevalence,2014,2014/15,6.066,6.045,6.087,304455,5019367,% registered prevalence,Registered patients aged 17+,QOF registered prevalence,241,OHID Fingertips / NHS England QOF,https://fingertips.phe.org.uk/
UK,E12000006,East of England,England,diabetes,Diabetes registered prevalence,2015,2015/16,6.204,6.184,6.225,316401,5099559,% registered prevalence,Registered patients aged 17+,QOF registered prevalence,241,OHID Fingertips / NHS England QOF,https://fingertips.phe.org.uk/
UK,E12000006,East of England,England,diabetes,Diabetes registered prevalence,2016,2016/17,6.317,6.297,6.338,327787,5188626,% registered prevalence,Registered patients aged 17+,QOF registered prevalence,241,OHID Fingertips / NHS England QOF,https://fingertips.phe.org.uk/
UK,E12000006,East of England,England,diabetes,Diabetes registered prevalence,2017,2017/18,6.471,6.45,6.493,336133,5194075,% registered prevalence,Registered patients aged 17+,QOF registered prevalence,241,OHID Fingertips / NHS England QOF,https://fingertips.phe.org.uk/
UK,E12000006,East of England,England,diabetes,Diabetes registered prevalence,2018,2018/19,6.666,6.645,6.687,350283,5254838,% registered prevalence,Registered patients aged 17+,QOF registered prevalence,241,OHID Fingertips / NHS England QOF,https://fingertips.phe.org.uk/
UK,E12000006,East of England,England,diabetes,Diabetes registered prevalence,2019,2019/20,6.816,6.794,6.837,363329,5330819,% registered prevalence,Registered patients aged 17+,QOF registered prevalence,241,OHID Fingertips / NHS England QOF,https://fingertips.phe.org.uk/
UK,E12000006,East of England,England,diabetes,Diabetes registered prevalence,2020,2020/21,6.864,6.843,6.886,368266,5364845,% registered prevalence,Registered patients aged 17+,QOF registered prevalence,241,OHID Fingertips / NHS England QOF,https://fingertips.phe.org.uk/
UK,E12000006,East of England,England,diabetes,Diabetes registered prevalence,2021,2021/22,7.063,7.042,7.085,384177,5438988,% registered prevalence,Registered patients aged 17+,QOF registered prevalence,241,OHID Fingertips / NHS England QOF,https://fingertips.phe.org.uk/
UK,E12000006,East of England,England,diabetes,Diabetes registered prevalence,2022,2022/23,7.309,7.287,7.331,402674,5509358,% registered prevalence,Registered patients aged 17+,QOF registered prevalence,241,OHID Fingertips / NHS England QOF,https://fingertips.phe.org.uk/
UK,E12000006,East of England,England,diabetes,Diabetes registered prevalence,2023,2023/24,7.576,7.554,7.598,423497,5589924,% registered prevalence,Registered patients aged 17+,QOF registered prevalence,241,OHID Fingertips / NHS England QOF,https://fingertips.phe.org.uk/
UK,E12000006,East of England,England,diabetes,Diabetes registered prevalence,2024,2024/25,7.903,7.881,7.926,446731,5652438,% registered prevalence,Registered patients aged 17+,QOF registered prevalence,241,OHID Fingertips / NHS England QOF,https://fingertips.phe.org.uk/
UK,E12000006,East of England,England,hypertension,Hypertension registered prevalence,2012,2012/13,14.053,14.026,14.081,859211,6113986,% registered prevalence,All registered patients,QOF registered prevalence,219,OHID Fingertips / NHS England QOF,https://fingertips.phe.org.uk/
UK,E12000006,East of England,England,hypertension,Hypertension registered prevalence,2013,2013/14,14.13,14.103,14.158,870841,6162937,% registered prevalence,All registered patients,QOF registered prevalence,219,OHID Fingertips / NHS England QOF,https://fingertips.phe.org.uk/
UK,E12000006,East of England,England,hypertension,Hypertension registered prevalence,2014,2014/15,14.15,14.123,14.178,883638,6244583,% registered prevalence,All registered patients,QOF registered prevalence,219,OHID Fingertips / NHS England QOF,https://fingertips.phe.org.uk/
UK,E12000006,East of England,England,hypertension,Hypertension registered prevalence,2015,2015/16,14.149,14.122,14.176,897594,6343899,% registered prevalence,All registered patients,QOF registered prevalence,219,OHID Fingertips / NHS England QOF,https://fingertips.phe.org.uk/
UK,E12000006,East of England,England,hypertension,Hypertension registered prevalence,2016,2016/17,14.119,14.092,14.146,911105,6453089,% registered prevalence,All registered patients,QOF registered prevalence,219,OHID Fingertips / NHS England QOF,https://fingertips.phe.org.uk/
UK,E12000006,East of England,England,hypertension,Hypertension registered prevalence,2017,2017/18,14.265,14.238,14.292,921341,6458693,% registered prevalence,All registered patients,QOF registered prevalence,219,OHID Fingertips / NHS England QOF,https://fingertips.phe.org.uk/
UK,E12000006,East of England,England,hypertension,Hypertension registered prevalence,2018,2018/19,14.349,14.322,14.376,937333,6532563,% registered prevalence,All registered patients,QOF registered prevalence,219,OHID Fingertips / NHS England QOF,https://fingertips.phe.org.uk/
UK,E12000006,East of England,England,hypertension,Hypertension registered prevalence,2019,2019/20,14.427,14.4,14.454,955478,6622754,% registered prevalence,All registered patients,QOF registered prevalence,219,OHID Fingertips / NHS England QOF,https://fingertips.phe.org.uk/
UK,E12000006,East of England,England,hypertension,Hypertension registered prevalence,2020,2020/21,14.27,14.243,14.296,949551,6654328,% registered prevalence,All registered patients,QOF registered prevalence,219,OHID Fingertips / NHS England QOF,https://fingertips.phe.org.uk/
UK,E12000006,East of England,England,hypertension,Hypertension registered prevalence,2021,2021/22,14.372,14.346,14.399,968448,6738385,% registered prevalence,All registered patients,QOF registered prevalence,219,OHID Fingertips / NHS England QOF,https://fingertips.phe.org.uk/
UK,E12000006,East of England,England,hypertension,Hypertension registered prevalence,2022,2022/23,14.794,14.767,14.82,1009281,6822379,% registered prevalence,All registered patients,QOF registered prevalence,219,OHID Fingertips / NHS England QOF,https://fingertips.phe.org.uk/
UK,E12000006,East of England,England,hypertension,Hypertension registered prevalence,2023,2023/24,15.148,15.122,15.175,1046884,6910865,% registered prevalence,All registered patients,QOF registered prevalence,219,OHID Fingertips / NHS England QOF,https://fingertips.phe.org.uk/
UK,E12000006,East of England,England,hypertension,Hypertension registered prevalence,2024,2024/25,15.619,15.592,15.646,1088921,6971858,% registered prevalence,All registered patients,QOF registered prevalence,219,OHID Fingertips / NHS England QOF,https://fingertips.phe.org.uk/
UK,E12000007,London,England,asthma,Asthma registered prevalence,2020,2020/21,4.721,4.708,4.735,457220,9683869,% registered prevalence,Registered patients aged 6+,QOF registered prevalence,90933,OHID Fingertips / NHS England QOF,https://fingertips.phe.org.uk/
UK,E12000007,London,England,asthma,Asthma registered prevalence,2021,2021/22,4.745,4.732,4.758,473761,9984355,% registered prevalence,Registered patients aged 6+,QOF registered prevalence,90933,OHID Fingertips / NHS England QOF,https://fingertips.phe.org.uk/
UK,E12000007,London,England,asthma,Asthma registered prevalence,2022,2022/23,4.725,4.712,4.738,481433,10189659,% registered prevalence,Registered patients aged 6+,QOF registered prevalence,90933,OHID Fingertips / NHS England QOF,https://fingertips.phe.org.uk/
UK,E12000007,London,England,asthma,Asthma registered prevalence,2023,2023/24,4.73,4.717,4.743,490663,10372898,% registered prevalence,Registered patients aged 6+,QOF registered prevalence,90933,OHID Fingertips / NHS England QOF,https://fingertips.phe.org.uk/
UK,E12000007,London,England,asthma,Asthma registered prevalence,2024,2024/25,4.727,4.714,4.739,496622,10507017,% registered prevalence,Registered patients aged 6+,QOF registered prevalence,90933,OHID Fingertips / NHS England QOF,https://fingertips.phe.org.uk/
UK,E12000007,London,England,cancer,Cancer registered prevalence,2012,2012/13,1.365,1.357,1.372,123584,9056401,% registered prevalence,All registered patients,QOF registered prevalence,276,OHID Fingertips / NHS England QOF,https://fingertips.phe.org.uk/
UK,E12000007,London,England,cancer,Cancer registered prevalence,2013,2013/14,1.457,1.449,1.465,132259,9078143,% registered prevalence,All registered patients,QOF registered prevalence,276,OHID Fingertips / NHS England QOF,https://fingertips.phe.org.uk/
UK,E12000007,London,England,cancer,Cancer registered prevalence,2014,2014/15,1.545,1.537,1.553,142936,9254101,% registered prevalence,All registered patients,QOF registered prevalence,276,OHID Fingertips / NHS England QOF,https://fingertips.phe.org.uk/
UK,E12000007,London,England,cancer,Cancer registered prevalence,2015,2015/16,1.662,1.654,1.671,156592,9419566,% registered prevalence,All registered patients,QOF registered prevalence,276,OHID Fingertips / NHS England QOF,https://fingertips.phe.org.uk/
UK,E12000007,London,England,cancer,Cancer registered prevalence,2016,2016/17,1.756,1.748,1.764,168481,9594167,% registered prevalence,All registered patients,QOF registered prevalence,276,OHID Fingertips / NHS England QOF,https://fingertips.phe.org.uk/
UK,E12000007,London,England,cancer,Cancer registered prevalence,2017,2017/18,1.847,1.839,1.856,180890,9792591,% registered prevalence,All registered patients,QOF registered prevalence,276,OHID Fingertips / NHS England QOF,https://fingertips.phe.org.uk/
UK,E12000007,London,England,cancer,Cancer registered prevalence,2018,2018/19,2.034,2.025,2.042,204646,10063429,% registered prevalence,All registered patients,QOF registered prevalence,276,OHID Fingertips / NHS England QOF,https://fingertips.phe.org.uk/
UK,E12000007,London,England,cancer,Cancer registered prevalence,2019,2019/20,2.143,2.134,2.152,220286,10280490,% registered prevalence,All registered patients,QOF registered prevalence,276,OHID Fingertips / NHS England QOF,https://fingertips.phe.org.uk/
UK,E12000007,London,England,cancer,Cancer registered prevalence,2020,2020/21,2.185,2.176,2.194,226480,10364349,% registered prevalence,All registered patients,QOF registered prevalence,276,OHID Fingertips / NHS England QOF,https://fingertips.phe.org.uk/
UK,E12000007,London,England,cancer,Cancer registered prevalence,2021,2021/22,2.268,2.259,2.276,241444,10647997,% registered prevalence,All registered patients,QOF registered prevalence,276,OHID Fingertips / NHS England QOF,https://fingertips.phe.org.uk/
UK,E12000007,London,England,cancer,Cancer registered prevalence,2022,2022/23,2.377,2.368,2.386,257641,10840022,% registered prevalence,All registered patients,QOF registered prevalence,276,OHID Fingertips / NHS England QOF,https://fingertips.phe.org.uk/
UK,E12000007,London,England,cancer,Cancer registered prevalence,2023,2023/24,2.491,2.482,2.5,274297,11011953,% registered prevalence,All registered patients,QOF registered prevalence,276,OHID Fingertips / NHS England QOF,https://fingertips.phe.org.uk/
UK,E12000007,London,England,cancer,Cancer registered prevalence,2024,2024/25,2.617,2.607,2.626,291307,11133395,% registered prevalence,All registered patients,QOF registered prevalence,276,OHID Fingertips / NHS England QOF,https://fingertips.phe.org.uk/
UK,E12000007,London,England,chd,Coronary heart disease registered prevalence,2012,2012/13,2.138,2.128,2.147,193614,9056401,% registered prevalence,All registered patients,QOF registered prevalence,273,OHID Fingertips / NHS England QOF,https://fingertips.phe.org.uk/
UK,E12000007,London,England,chd,Coronary heart disease registered prevalence,2013,2013/14,2.112,2.103,2.121,191732,9078143,% registered prevalence,All registered patients,QOF registered prevalence,273,OHID Fingertips / NHS England QOF,https://fingertips.phe.org.uk/
UK,E12000007,London,England,chd,Coronary heart disease registered prevalence,2014,2014/15,2.067,2.058,2.077,191318,9254101,% registered prevalence,All registered patients,QOF registered prevalence,273,OHID Fingertips / NHS England QOF,https://fingertips.phe.org.uk/
UK,E12000007,London,England,chd,Coronary heart disease registered prevalence,2015,2015/16,2.036,2.027,2.045,191768,9419566,% registered prevalence,All registered patients,QOF registered prevalence,273,OHID Fingertips / NHS England QOF,https://fingertips.phe.org.uk/
UK,E12000007,London,England,chd,Coronary heart disease registered prevalence,2016,2016/17,2.008,1.999,2.017,192622,9594167,% registered prevalence,All registered patients,QOF registered prevalence,273,OHID Fingertips / NHS England QOF,https://fingertips.phe.org.uk/
UK,E12000007,London,England,chd,Coronary heart disease registered prevalence,2017,2017/18,1.969,1.961,1.978,192858,9792591,% registered prevalence,All registered patients,QOF registered prevalence,273,OHID Fingertips / NHS England QOF,https://fingertips.phe.org.uk/
UK,E12000007,London,England,chd,Coronary heart disease registered prevalence,2018,2018/19,1.952,1.943,1.96,196429,10063429,% registered prevalence,All registered patients,QOF registered prevalence,273,OHID Fingertips / NHS England QOF,https://fingertips.phe.org.uk/
UK,E12000007,London,England,chd,Coronary heart disease registered prevalence,2019,2019/20,1.946,1.938,1.955,200105,10280490,% registered prevalence,All registered patients,QOF registered prevalence,273,OHID Fingertips / NHS England QOF,https://fingertips.phe.org.uk/
UK,E12000007,London,England,chd,Coronary heart disease registered prevalence,2020,2020/21,1.906,1.897,1.914,197508,10364349,% registered prevalence,All registered patients,QOF registered prevalence,273,OHID Fingertips / NHS England QOF,https://fingertips.phe.org.uk/
UK,E12000007,London,England,chd,Coronary heart disease registered prevalence,2021,2021/22,1.872,1.864,1.88,199337,10647997,% registered prevalence,All registered patients,QOF registered prevalence,273,OHID Fingertips / NHS England QOF,https://fingertips.phe.org.uk/
UK,E12000007,London,England,chd,Coronary heart disease registered prevalence,2022,2022/23,1.859,1.851,1.867,201540,10840022,% registered prevalence,All registered patients,QOF registered prevalence,273,OHID Fingertips / NHS England QOF,https://fingertips.phe.org.uk/
UK,E12000007,London,England,chd,Coronary heart disease registered prevalence,2023,2023/24,1.861,1.853,1.869,204982,11011953,% registered prevalence,All registered patients,QOF registered prevalence,273,OHID Fingertips / NHS England QOF,https://fingertips.phe.org.uk/
UK,E12000007,London,England,chd,Coronary heart disease registered prevalence,2024,2024/25,1.881,1.873,1.889,209432,11133395,% registered prevalence,All registered patients,QOF registered prevalence,273,OHID Fingertips / NHS England QOF,https://fingertips.phe.org.uk/
UK,E12000007,London,England,copd,COPD registered prevalence,2012,2012/13,1.089,1.082,1.095,98586,9056401,% registered prevalence,All registered patients,QOF registered prevalence,253,OHID Fingertips / NHS England QOF,https://fingertips.phe.org.uk/
UK,E12000007,London,England,copd,COPD registered prevalence,2013,2013/14,1.113,1.106,1.119,101001,9078143,% registered prevalence,All registered patients,QOF registered prevalence,253,OHID Fingertips / NHS England QOF,https://fingertips.phe.org.uk/
UK,E12000007,London,England,copd,COPD registered prevalence,2014,2014/15,1.131,1.124,1.138,104638,9254101,% registered prevalence,All registered patients,QOF registered prevalence,253,OHID Fingertips / NHS England QOF,https://fingertips.phe.org.uk/
UK,E12000007,London,England,copd,COPD registered prevalence,2015,2015/16,1.142,1.136,1.149,107606,9419566,% registered prevalence,All registered patients,QOF registered prevalence,253,OHID Fingertips / NHS England QOF,https://fingertips.phe.org.uk/
UK,E12000007,London,England,copd,COPD registered prevalence,2016,2016/17,1.147,1.14,1.154,110037,9594167,% registered prevalence,All registered patients,QOF registered prevalence,253,OHID Fingertips / NHS England QOF,https://fingertips.phe.org.uk/
UK,E12000007,London,England,copd,COPD registered prevalence,2017,2017/18,1.144,1.137,1.151,112030,9792591,% registered prevalence,All registered patients,QOF registered prevalence,253,OHID Fingertips / NHS England QOF,https://fingertips.phe.org.uk/
UK,E12000007,London,England,copd,COPD registered prevalence,2018,2018/19,1.145,1.138,1.151,115179,10063429,% registered prevalence,All registered patients,QOF registered prevalence,253,OHID Fingertips / NHS England QOF,https://fingertips.phe.org.uk/
UK,E12000007,London,England,copd,COPD registered prevalence,2019,2019/20,1.14,1.134,1.147,117246,10280490,% registered prevalence,All registered patients,QOF registered prevalence,253,OHID Fingertips / NHS England QOF,https://fingertips.phe.org.uk/
UK,E12000007,London,England,copd,COPD registered prevalence,2020,2020/21,1.109,1.103,1.116,114982,10364349,% registered prevalence,All registered patients,QOF registered prevalence,253,OHID Fingertips / NHS England QOF,https://fingertips.phe.org.uk/
UK,E12000007,London,England,copd,COPD registered prevalence,2021,2021/22,1.059,1.052,1.065,112717,10647997,% registered prevalence,All registered patients,QOF registered prevalence,253,OHID Fingertips / NHS England QOF,https://fingertips.phe.org.uk/
UK,E12000007,London,England,copd,COPD registered prevalence,2022,2022/23,1.021,1.015,1.027,110656,10840022,% registered prevalence,All registered patients,QOF registered prevalence,253,OHID Fingertips / NHS England QOF,https://fingertips.phe.org.uk/
UK,E12000007,London,England,copd,COPD registered prevalence,2023,2023/24,1.015,1.009,1.021,111765,11011953,% registered prevalence,All registered patients,QOF registered prevalence,253,OHID Fingertips / NHS England QOF,https://fingertips.phe.org.uk/
UK,E12000007,London,England,copd,COPD registered prevalence,2024,2024/25,1.028,1.022,1.034,114481,11133395,% registered prevalence,All registered patients,QOF registered prevalence,253,OHID Fingertips / NHS England QOF,https://fingertips.phe.org.uk/
UK,E12000007,London,England,depression,Depression registered prevalence,2012,2012/13,4.357,4.342,4.372,308648,7083595,% registered prevalence,Registered patients aged 18+,QOF registered prevalence,848,OHID Fingertips / NHS England QOF,https://fingertips.phe.org.uk/
UK,E12000007,London,England,depression,Depression registered prevalence,2013,2013/14,4.773,4.757,4.789,340080,7125135,% registered prevalence,Registered patients aged 18+,QOF registered prevalence,848,OHID Fingertips / NHS England QOF,https://fingertips.phe.org.uk/
UK,E12000007,London,England,depression,Depression registered prevalence,2014,2014/15,5.332,5.316,5.349,388167,7279612,% registered prevalence,Registered patients aged 18+,QOF registered prevalence,848,OHID Fingertips / NHS England QOF,https://fingertips.phe.org.uk/
UK,E12000007,London,England,depression,Depression registered prevalence,2015,2015/16,6.04,6.023,6.058,447953,7415915,% registered prevalence,Registered patients aged 18+,QOF registered prevalence,848,OHID Fingertips / NHS England QOF,https://fingertips.phe.org.uk/
UK,E12000007,London,England,depression,Depression registered prevalence,2016,2016/17,6.633,6.615,6.651,502077,7569435,% registered prevalence,Registered patients aged 18+,QOF registered prevalence,848,OHID Fingertips / NHS England QOF,https://fingertips.phe.org.uk/
UK,E12000007,London,England,depression,Depression registered prevalence,2017,2017/18,7.112,7.094,7.13,551154,7749879,% registered prevalence,Registered patients aged 18+,QOF registered prevalence,848,OHID Fingertips / NHS England QOF,https://fingertips.phe.org.uk/
UK,E12000007,London,England,depression,Depression registered prevalence,2018,2018/19,7.644,7.626,7.663,610429,7985211,% registered prevalence,Registered patients aged 18+,QOF registered prevalence,848,OHID Fingertips / NHS England QOF,https://fingertips.phe.org.uk/
UK,E12000007,London,England,depression,Depression registered prevalence,2019,2019/20,8.202,8.183,8.22,671635,8189005,% registered prevalence,Registered patients aged 18+,QOF registered prevalence,848,OHID Fingertips / NHS England QOF,https://fingertips.phe.org.uk/
UK,E12000007,London,England,depression,Depression registered prevalence,2020,2020/21,8.728,8.709,8.747,722821,8281655,% registered prevalence,Registered patients aged 18+,QOF registered prevalence,848,OHID Fingertips / NHS England QOF,https://fingertips.phe.org.uk/
UK,E12000007,London,England,depression,Depression registered prevalence,2021,2021/22,9.003,8.984,9.022,770884,8562317,% registered prevalence,Registered patients aged 18+,QOF registered prevalence,848,OHID Fingertips / NHS England QOF,https://fingertips.phe.org.uk/
UK,E12000007,London,England,depression,Depression registered prevalence,2022,2022/23,9.452,9.432,9.471,826939,8749012,% registered prevalence,Registered patients aged 18+,QOF registered prevalence,848,OHID Fingertips / NHS England QOF,https://fingertips.phe.org.uk/
UK,E12000007,London,England,depression,Depression registered prevalence,2024,2024/25,10.342,10.322,10.362,936198,9052297,% registered prevalence,Registered patients aged 18+,QOF registered prevalence,848,OHID Fingertips / NHS England QOF,https://fingertips.phe.org.uk/
UK,E12000007,London,England,diabetes,Diabetes registered prevalence,2012,2012/13,5.82,5.802,5.837,418722,7195109,% registered prevalence,Registered patients aged 17+,QOF registered prevalence,241,OHID Fingertips / NHS England QOF,https://fingertips.phe.org.uk/
UK,E12000007,London,England,diabetes,Diabetes registered prevalence,2013,2013/14,5.997,5.979,6.014,433027,7221165,% registered prevalence,Registered patients aged 17+,QOF registered prevalence,241,OHID Fingertips / NHS England QOF,https://fingertips.phe.org.uk/
UK,E12000007,London,England,diabetes,Diabetes registered prevalence,2014,2014/15,6.141,6.124,6.159,452997,7376280,% registered prevalence,Registered patients aged 17+,QOF registered prevalence,241,OHID Fingertips / NHS England QOF,https://fingertips.phe.org.uk/
UK,E12000007,London,England,diabetes,Diabetes registered prevalence,2015,2015/16,6.323,6.306,6.34,475035,7512891,% registered prevalence,Registered patients aged 17+,QOF registered prevalence,241,OHID Fingertips / NHS England QOF,https://fingertips.phe.org.uk/
UK,E12000007,London,England,diabetes,Diabetes registered prevalence,2016,2016/17,6.462,6.444,6.479,495441,7667245,% registered prevalence,Registered patients aged 17+,QOF registered prevalence,241,OHID Fingertips / NHS England QOF,https://fingertips.phe.org.uk/
UK,E12000007,London,England,diabetes,Diabetes registered prevalence,2017,2017/18,6.515,6.498,6.532,511256,7847491,% registered prevalence,Registered patients aged 17+,QOF registered prevalence,241,OHID Fingertips / NHS England QOF,https://fingertips.phe.org.uk/
UK,E12000007,London,England,diabetes,Diabetes registered prevalence,2018,2018/19,6.633,6.616,6.65,536218,8084350,% registered prevalence,Registered patients aged 17+,QOF registered prevalence,241,OHID Fingertips / NHS England QOF,https://fingertips.phe.org.uk/
UK,E12000007,London,England,diabetes,Diabetes registered prevalence,2019,2019/20,6.757,6.74,6.774,560249,8291437,% registered prevalence,Registered patients aged 17+,QOF registered prevalence,241,OHID Fingertips / NHS England QOF,https://fingertips.phe.org.uk/
UK,E12000007,London,England,diabetes,Diabetes registered prevalence,2020,2020/21,6.701,6.684,6.718,562129,8388240,% registered prevalence,Registered patients aged 17+,QOF registered prevalence,241,OHID Fingertips / NHS England QOF,https://fingertips.phe.org.uk/
UK,E12000007,London,England,diabetes,Diabetes registered prevalence,2021,2021/22,6.752,6.735,6.769,585595,8673154,% registered prevalence,Registered patients aged 17+,QOF registered prevalence,241,OHID Fingertips / NHS England QOF,https://fingertips.phe.org.uk/
UK,E12000007,London,England,diabetes,Diabetes registered prevalence,2022,2022/23,6.87,6.853,6.886,608803,8862239,% registered prevalence,Registered patients aged 17+,QOF registered prevalence,241,OHID Fingertips / NHS England QOF,https://fingertips.phe.org.uk/
UK,E12000007,London,England,diabetes,Diabetes registered prevalence,2023,2023/24,7.032,7.015,7.048,635383,9036193,% registered prevalence,Registered patients aged 17+,QOF registered prevalence,241,OHID Fingertips / NHS England QOF,https://fingertips.phe.org.uk/
UK,E12000007,London,England,diabetes,Diabetes registered prevalence,2024,2024/25,7.218,7.201,7.234,662320,9176362,% registered prevalence,Registered patients aged 17+,QOF registered prevalence,241,OHID Fingertips / NHS England QOF,https://fingertips.phe.org.uk/
UK,E12000007,London,England,hypertension,Hypertension registered prevalence,2012,2012/13,11.037,11.017,11.058,999576,9056401,% registered prevalence,All registered patients,QOF registered prevalence,219,OHID Fingertips / NHS England QOF,https://fingertips.phe.org.uk/
UK,E12000007,London,England,hypertension,Hypertension registered prevalence,2013,2013/14,11.05,11.03,11.071,1003148,9078143,% registered prevalence,All registered patients,QOF registered prevalence,219,OHID Fingertips / NHS England QOF,https://fingertips.phe.org.uk/
UK,E12000007,London,England,hypertension,Hypertension registered prevalence,2014,2014/15,11.059,11.038,11.079,1023370,9254101,% registered prevalence,All registered patients,QOF registered prevalence,219,OHID Fingertips / NHS England QOF,https://fingertips.phe.org.uk/
UK,E12000007,London,England,hypertension,Hypertension registered prevalence,2015,2015/16,11.048,11.028,11.068,1040664,9419556,% registered prevalence,All registered patients,QOF registered prevalence,219,OHID Fingertips / NHS England QOF,https://fingertips.phe.org.uk/
UK,E12000007,London,England,hypertension,Hypertension registered prevalence,2016,2016/17,11.085,11.065,11.105,1063510,9594167,% registered prevalence,All registered patients,QOF registered prevalence,219,OHID Fingertips / NHS England QOF,https://fingertips.phe.org.uk/
UK,E12000007,London,England,hypertension,Hypertension registered prevalence,2017,2017/18,11.036,11.017,11.056,1080733,9792591,% registered prevalence,All registered patients,QOF registered prevalence,219,OHID Fingertips / NHS England QOF,https://fingertips.phe.org.uk/
UK,E12000007,London,England,hypertension,Hypertension registered prevalence,2018,2018/19,10.962,10.943,10.981,1103140,10063429,% registered prevalence,All registered patients,QOF registered prevalence,219,OHID Fingertips / NHS England QOF,https://fingertips.phe.org.uk/
UK,E12000007,London,England,hypertension,Hypertension registered prevalence,2019,2019/20,11.02,11.0,11.039,1132860,10280490,% registered prevalence,All registered patients,QOF registered prevalence,219,OHID Fingertips / NHS England QOF,https://fingertips.phe.org.uk/
UK,E12000007,London,England,hypertension,Hypertension registered prevalence,2020,2020/21,10.773,10.754,10.792,1116517,10364349,% registered prevalence,All registered patients,QOF registered prevalence,219,OHID Fingertips / NHS England QOF,https://fingertips.phe.org.uk/
UK,E12000007,London,England,hypertension,Hypertension registered prevalence,2021,2021/22,10.637,10.618,10.655,1132600,10647997,% registered prevalence,All registered patients,QOF registered prevalence,219,OHID Fingertips / NHS England QOF,https://fingertips.phe.org.uk/
UK,E12000007,London,England,hypertension,Hypertension registered prevalence,2022,2022/23,10.923,10.905,10.942,1184087,10840022,% registered prevalence,All registered patients,QOF registered prevalence,219,OHID Fingertips / NHS England QOF,https://fingertips.phe.org.uk/
UK,E12000007,London,England,hypertension,Hypertension registered prevalence,2023,2023/24,11.075,11.056,11.093,1219565,11011953,% registered prevalence,All registered patients,QOF registered prevalence,219,OHID Fingertips / NHS England QOF,https://fingertips.phe.org.uk/
UK,E12000007,London,England,hypertension,Hypertension registered prevalence,2024,2024/25,11.273,11.255,11.292,1255100,11133395,% registered prevalence,All registered patients,QOF registered prevalence,219,OHID Fingertips / NHS England QOF,https://fingertips.phe.org.uk/
UK,E12000008,South East,England,asthma,Asthma registered prevalence,2020,2020/21,6.244,6.228,6.259,573576,9186743,% registered prevalence,Registered patients aged 6+,QOF registered prevalence,90933,OHID Fingertips / NHS England QOF,https://fingertips.phe.org.uk/
UK,E12000008,South East,England,asthma,Asthma registered prevalence,2021,2021/22,6.376,6.361,6.392,594287,9320242,% registered prevalence,Registered patients aged 6+,QOF registered prevalence,90933,OHID Fingertips / NHS England QOF,https://fingertips.phe.org.uk/
UK,E12000008,South East,England,asthma,Asthma registered prevalence,2022,2022/23,6.438,6.423,6.454,608219,9446752,% registered prevalence,Registered patients aged 6+,QOF registered prevalence,90933,OHID Fingertips / NHS England QOF,https://fingertips.phe.org.uk/
UK,E12000008,South East,England,asthma,Asthma registered prevalence,2023,2023/24,6.439,6.424,6.455,616478,9573515,% registered prevalence,Registered patients aged 6+,QOF registered prevalence,90933,OHID Fingertips / NHS England QOF,https://fingertips.phe.org.uk/
UK,E12000008,South East,England,asthma,Asthma registered prevalence,2024,2024/25,6.48,6.465,6.496,626505,9667803,% registered prevalence,Registered patients aged 6+,QOF registered prevalence,90933,OHID Fingertips / NHS England QOF,https://fingertips.phe.org.uk/
UK,E12000008,South East,England,cancer,Cancer registered prevalence,2012,2012/13,2.04,2.031,2.05,185161,9074471,% registered prevalence,All registered patients,QOF registered prevalence,276,OHID Fingertips / NHS England QOF,https://fingertips.phe.org.uk/
UK,E12000008,South East,England,cancer,Cancer registered prevalence,2013,2013/14,2.221,2.212,2.231,202939,9135750,% registered prevalence,All registered patients,QOF registered prevalence,276,OHID Fingertips / NHS England QOF,https://fingertips.phe.org.uk/
UK,E12000008,South East,England,cancer,Cancer registered prevalence,2014,2014/15,2.397,2.387,2.407,221141,9226460,% registered prevalence,All registered patients,QOF registered prevalence,276,OHID Fingertips / NHS England QOF,https://fingertips.phe.org.uk/
UK,E12000008,South East,England,cancer,Cancer registered prevalence,2015,2015/16,2.608,2.597,2.618,243211,9326653,% registered prevalence,All registered patients,QOF registered prevalence,276,OHID Fingertips / NHS England QOF,https://fingertips.phe.org.uk/
UK,E12000008,South East,England,cancer,Cancer registered prevalence,2016,2016/17,2.8,2.789,2.81,263635,9417143,% registered prevalence,All registered patients,QOF registered prevalence,276,OHID Fingertips / NHS England QOF,https://fingertips.phe.org.uk/
UK,E12000008,South East,England,cancer,Cancer registered prevalence,2017,2017/18,2.989,2.977,3.0,268101,8971006,% registered prevalence,All registered patients,QOF registered prevalence,276,OHID Fingertips / NHS England QOF,https://fingertips.phe.org.uk/
UK,E12000008,South East,England,cancer,Cancer registered prevalence,2018,2018/19,3.278,3.267,3.289,316561,9657368,% registered prevalence,All registered patients,QOF registered prevalence,276,OHID Fingertips / NHS England QOF,https://fingertips.phe.org.uk/
UK,E12000008,South East,England,cancer,Cancer registered prevalence,2019,2019/20,3.476,3.465,3.488,338316,9732668,% registered prevalence,All registered patients,QOF registered prevalence,276,OHID Fingertips / NHS England QOF,https://fingertips.phe.org.uk/
UK,E12000008,South East,England,cancer,Cancer registered prevalence,2020,2020/21,3.609,3.597,3.62,353199,9787971,% registered prevalence,All registered patients,QOF registered prevalence,276,OHID Fingertips / NHS England QOF,https://fingertips.phe.org.uk/
UK,E12000008,South East,England,cancer,Cancer registered prevalence,2021,2021/22,3.783,3.772,3.795,375181,9916320,% registered prevalence,All registered patients,QOF registered prevalence,276,OHID Fingertips / NHS England QOF,https://fingertips.phe.org.uk/
UK,E12000008,South East,England,cancer,Cancer registered prevalence,2022,2022/23,3.971,3.959,3.983,398588,10038401,% registered prevalence,All registered patients,QOF registered prevalence,276,OHID Fingertips / NHS England QOF,https://fingertips.phe.org.uk/
UK,E12000008,South East,England,cancer,Cancer registered prevalence,2023,2023/24,4.154,4.142,4.166,421948,10157615,% registered prevalence,All registered patients,QOF registered prevalence,276,OHID Fingertips / NHS England QOF,https://fingertips.phe.org.uk/
UK,E12000008,South East,England,cancer,Cancer registered prevalence,2024,2024/25,4.346,4.334,4.359,445147,10242543,% registered prevalence,All registered patients,QOF registered prevalence,276,OHID Fingertips / NHS England QOF,https://fingertips.phe.org.uk/
UK,E12000008,South East,England,chd,Coronary heart disease registered prevalence,2012,2012/13,3.039,3.028,3.051,275806,9074471,% registered prevalence,All registered patients,QOF registered prevalence,273,OHID Fingertips / NHS England QOF,https://fingertips.phe.org.uk/
UK,E12000008,South East,England,chd,Coronary heart disease registered prevalence,2013,2013/14,2.991,2.98,3.003,273292,9135750,% registered prevalence,All registered patients,QOF registered prevalence,273,OHID Fingertips / NHS England QOF,https://fingertips.phe.org.uk/
UK,E12000008,South East,England,chd,Coronary heart disease registered prevalence,2014,2014/15,2.945,2.934,2.956,271683,9226460,% registered prevalence,All registered patients,QOF registered prevalence,273,OHID Fingertips / NHS England QOF,https://fingertips.phe.org.uk/
UK,E12000008,South East,England,chd,Coronary heart disease registered prevalence,2015,2015/16,2.911,2.9,2.922,271501,9326653,% registered prevalence,All registered patients,QOF registered prevalence,273,OHID Fingertips / NHS England QOF,https://fingertips.phe.org.uk/
UK,E12000008,South East,England,chd,Coronary heart disease registered prevalence,2016,2016/17,2.875,2.864,2.886,270755,9417143,% registered prevalence,All registered patients,QOF registered prevalence,273,OHID Fingertips / NHS England QOF,https://fingertips.phe.org.uk/
UK,E12000008,South East,England,chd,Coronary heart disease registered prevalence,2017,2017/18,2.862,2.851,2.873,256731,8971006,% registered prevalence,All registered patients,QOF registered prevalence,273,OHID Fingertips / NHS England QOF,https://fingertips.phe.org.uk/
UK,E12000008,South East,England,chd,Coronary heart disease registered prevalence,2018,2018/19,2.852,2.841,2.862,275399,9657368,% registered prevalence,All registered patients,QOF registered prevalence,273,OHID Fingertips / NHS England QOF,https://fingertips.phe.org.uk/
UK,E12000008,South East,England,chd,Coronary heart disease registered prevalence,2019,2019/20,2.858,2.848,2.869,278170,9732668,% registered prevalence,All registered patients,QOF registered prevalence,273,OHID Fingertips / NHS England QOF,https://fingertips.phe.org.uk/
UK,E12000008,South East,England,chd,Coronary heart disease registered prevalence,2020,2020/21,2.834,2.824,2.845,277407,9787971,% registered prevalence,All registered patients,QOF registered prevalence,273,OHID Fingertips / NHS England QOF,https://fingertips.phe.org.uk/
UK,E12000008,South East,England,chd,Coronary heart disease registered prevalence,2021,2021/22,2.825,2.814,2.835,280100,9916320,% registered prevalence,All registered patients,QOF registered prevalence,273,OHID Fingertips / NHS England QOF,https://fingertips.phe.org.uk/
UK,E12000008,South East,England,chd,Coronary heart disease registered prevalence,2022,2022/23,2.813,2.803,2.823,282381,10038401,% registered prevalence,All registered patients,QOF registered prevalence,273,OHID Fingertips / NHS England QOF,https://fingertips.phe.org.uk/
UK,E12000008,South East,England,chd,Coronary heart disease registered prevalence,2023,2023/24,2.811,2.8,2.821,285480,10157615,% registered prevalence,All registered patients,QOF registered prevalence,273,OHID Fingertips / NHS England QOF,https://fingertips.phe.org.uk/
UK,E12000008,South East,England,chd,Coronary heart disease registered prevalence,2024,2024/25,2.829,2.819,2.84,289810,10242543,% registered prevalence,All registered patients,QOF registered prevalence,273,OHID Fingertips / NHS England QOF,https://fingertips.phe.org.uk/
UK,E12000008,South East,England,copd,COPD registered prevalence,2012,2012/13,1.477,1.469,1.484,133990,9074471,% registered prevalence,All registered patients,QOF registered prevalence,253,OHID Fingertips / NHS England QOF,https://fingertips.phe.org.uk/
UK,E12000008,South East,England,copd,COPD registered prevalence,2013,2013/14,1.516,1.508,1.524,138499,9135750,% registered prevalence,All registered patients,QOF registered prevalence,253,OHID Fingertips / NHS England QOF,https://fingertips.phe.org.uk/
UK,E12000008,South East,England,copd,COPD registered prevalence,2014,2014/15,1.555,1.547,1.563,143488,9226460,% registered prevalence,All registered patients,QOF registered prevalence,253,OHID Fingertips / NHS England QOF,https://fingertips.phe.org.uk/
UK,E12000008,South East,England,copd,COPD registered prevalence,2015,2015/16,1.599,1.591,1.607,149108,9326653,% registered prevalence,All registered patients,QOF registered prevalence,253,OHID Fingertips / NHS England QOF,https://fingertips.phe.org.uk/
UK,E12000008,South East,England,copd,COPD registered prevalence,2016,2016/17,1.631,1.622,1.639,153547,9417143,% registered prevalence,All registered patients,QOF registered prevalence,253,OHID Fingertips / NHS England QOF,https://fingertips.phe.org.uk/
UK,E12000008,South East,England,copd,COPD registered prevalence,2017,2017/18,1.688,1.679,1.696,151386,8971006,% registered prevalence,All registered patients,QOF registered prevalence,253,OHID Fingertips / NHS England QOF,https://fingertips.phe.org.uk/
UK,E12000008,South East,England,copd,COPD registered prevalence,2018,2018/19,1.697,1.689,1.705,163859,9657368,% registered prevalence,All registered patients,QOF registered prevalence,253,OHID Fingertips / NHS England QOF,https://fingertips.phe.org.uk/
UK,E12000008,South East,England,copd,COPD registered prevalence,2019,2019/20,1.712,1.703,1.72,166577,9732668,% registered prevalence,All registered patients,QOF registered prevalence,253,OHID Fingertips / NHS England QOF,https://fingertips.phe.org.uk/
UK,E12000008,South East,England,copd,COPD registered prevalence,2020,2020/21,1.714,1.705,1.722,167725,9787971,% registered prevalence,All registered patients,QOF registered prevalence,253,OHID Fingertips / NHS England QOF,https://fingertips.phe.org.uk/
UK,E12000008,South East,England,copd,COPD registered prevalence,2021,2021/22,1.672,1.664,1.68,165794,9916320,% registered prevalence,All registered patients,QOF registered prevalence,253,OHID Fingertips / NHS England QOF,https://fingertips.phe.org.uk/
UK,E12000008,South East,England,copd,COPD registered prevalence,2022,2022/23,1.652,1.645,1.66,165877,10038401,% registered prevalence,All registered patients,QOF registered prevalence,253,OHID Fingertips / NHS England QOF,https://fingertips.phe.org.uk/
UK,E12000008,South East,England,copd,COPD registered prevalence,2023,2023/24,1.677,1.669,1.685,170315,10157615,% registered prevalence,All registered patients,QOF registered prevalence,253,OHID Fingertips / NHS England QOF,https://fingertips.phe.org.uk/
UK,E12000008,South East,England,copd,COPD registered prevalence,2024,2024/25,1.718,1.71,1.726,175995,10242543,% registered prevalence,All registered patients,QOF registered prevalence,253,OHID Fingertips / NHS England QOF,https://fingertips.phe.org.uk/
UK,E12000008,South East,England,depression,Depression registered prevalence,2012,2012/13,5.818,5.801,5.836,417321,7172350,% registered prevalence,Registered patients aged 18+,QOF registered prevalence,848,OHID Fingertips / NHS England QOF,https://fingertips.phe.org.uk/
UK,E12000008,South East,England,depression,Depression registered prevalence,2013,2013/14,6.446,6.428,6.463,466459,7236942,% registered prevalence,Registered patients aged 18+,QOF registered prevalence,848,OHID Fingertips / NHS England QOF,https://fingertips.phe.org.uk/
UK,E12000008,South East,England,depression,Depression registered prevalence,2014,2014/15,7.29,7.271,7.309,532797,7308928,% registered prevalence,Registered patients aged 18+,QOF registered prevalence,848,OHID Fingertips / NHS England QOF,https://fingertips.phe.org.uk/
UK,E12000008,South East,England,depression,Depression registered prevalence,2015,2015/16,8.399,8.379,8.419,621072,7394563,% registered prevalence,Registered patients aged 18+,QOF registered prevalence,848,OHID Fingertips / NHS England QOF,https://fingertips.phe.org.uk/
UK,E12000008,South East,England,depression,Depression registered prevalence,2016,2016/17,9.302,9.281,9.322,695164,7473624,% registered prevalence,Registered patients aged 18+,QOF registered prevalence,848,OHID Fingertips / NHS England QOF,https://fingertips.phe.org.uk/
UK,E12000008,South East,England,depression,Depression registered prevalence,2017,2017/18,10.144,10.122,10.167,723724,7134225,% registered prevalence,Registered patients aged 18+,QOF registered prevalence,848,OHID Fingertips / NHS England QOF,https://fingertips.phe.org.uk/
UK,E12000008,South East,England,depression,Depression registered prevalence,2018,2018/19,10.995,10.973,11.017,844352,7679235,% registered prevalence,Registered patients aged 18+,QOF registered prevalence,848,OHID Fingertips / NHS England QOF,https://fingertips.phe.org.uk/
UK,E12000008,South East,England,depression,Depression registered prevalence,2019,2019/20,12.011,11.988,12.033,930068,7743755,% registered prevalence,Registered patients aged 18+,QOF registered prevalence,848,OHID Fingertips / NHS England QOF,https://fingertips.phe.org.uk/
UK,E12000008,South East,England,depression,Depression registered prevalence,2020,2020/21,12.968,12.945,12.992,1011247,7797827,% registered prevalence,Registered patients aged 18+,QOF registered prevalence,848,OHID Fingertips / NHS England QOF,https://fingertips.phe.org.uk/
UK,E12000008,South East,England,depression,Depression registered prevalence,2021,2021/22,13.134,13.11,13.157,1038726,7908977,% registered prevalence,Registered patients aged 18+,QOF registered prevalence,848,OHID Fingertips / NHS England QOF,https://fingertips.phe.org.uk/
UK,E12000008,South East,England,depression,Depression registered prevalence,2022,2022/23,13.767,13.743,13.791,1102562,8008908,% registered prevalence,Registered patients aged 18+,QOF registered prevalence,848,OHID Fingertips / NHS England QOF,https://fingertips.phe.org.uk/
UK,E12000008,South East,England,depression,Depression registered prevalence,2024,2024/25,14.892,14.868,14.917,1221754,8203917,% registered prevalence,Registered patients aged 18+,QOF registered prevalence,848,OHID Fingertips / NHS England QOF,https://fingertips.phe.org.uk/
UK,E12000008,South East,England,diabetes,Diabetes registered prevalence,2012,2012/13,5.415,5.398,5.431,394443,7284498,% registered prevalence,Registered patients aged 17+,QOF registered prevalence,241,OHID Fingertips / NHS England QOF,https://fingertips.phe.org.uk/
UK,E12000008,South East,England,diabetes,Diabetes registered prevalence,2013,2013/14,5.569,5.552,5.586,409071,7345585,% registered prevalence,Registered patients aged 17+,QOF registered prevalence,241,OHID Fingertips / NHS England QOF,https://fingertips.phe.org.uk/
UK,E12000008,South East,England,diabetes,Diabetes registered prevalence,2014,2014/15,5.683,5.667,5.7,421660,7419035,% registered prevalence,Registered patients aged 17+,QOF registered prevalence,241,OHID Fingertips / NHS England QOF,https://fingertips.phe.org.uk/
UK,E12000008,South East,England,diabetes,Diabetes registered prevalence,2015,2015/16,5.832,5.815,5.849,437650,7504460,% registered prevalence,Registered patients aged 17+,QOF registered prevalence,241,OHID Fingertips / NHS England QOF,https://fingertips.phe.org.uk/
UK,E12000008,South East,England,diabetes,Diabetes registered prevalence,2016,2016/17,5.957,5.941,5.974,451653,7581404,% registered prevalence,Registered patients aged 17+,QOF registered prevalence,241,OHID Fingertips / NHS England QOF,https://fingertips.phe.org.uk/
UK,E12000008,South East,England,diabetes,Diabetes registered prevalence,2017,2017/18,6.1,6.083,6.118,441321,7234373,% registered prevalence,Registered patients aged 17+,QOF registered prevalence,241,OHID Fingertips / NHS England QOF,https://fingertips.phe.org.uk/
UK,E12000008,South East,England,diabetes,Diabetes registered prevalence,2018,2018/19,6.224,6.207,6.241,484508,7784454,% registered prevalence,Registered patients aged 17+,QOF registered prevalence,241,OHID Fingertips / NHS England QOF,https://fingertips.phe.org.uk/
UK,E12000008,South East,England,diabetes,Diabetes registered prevalence,2019,2019/20,6.4,6.383,6.417,502494,7851130,% registered prevalence,Registered patients aged 17+,QOF registered prevalence,241,OHID Fingertips / NHS England QOF,https://fingertips.phe.org.uk/
UK,E12000008,South East,England,diabetes,Diabetes registered prevalence,2020,2020/21,6.471,6.454,6.488,511804,7909203,% registered prevalence,Registered patients aged 17+,QOF registered prevalence,241,OHID Fingertips / NHS England QOF,https://fingertips.phe.org.uk/
UK,E12000008,South East,England,diabetes,Diabetes registered prevalence,2021,2021/22,6.655,6.638,6.672,533844,8021932,% registered prevalence,Registered patients aged 17+,QOF registered prevalence,241,OHID Fingertips / NHS England QOF,https://fingertips.phe.org.uk/
UK,E12000008,South East,England,diabetes,Diabetes registered prevalence,2022,2022/23,6.867,6.849,6.884,557945,8125180,% registered prevalence,Registered patients aged 17+,QOF registered prevalence,241,OHID Fingertips / NHS England QOF,https://fingertips.phe.org.uk/
UK,E12000008,South East,England,diabetes,Diabetes registered prevalence,2023,2023/24,7.07,7.053,7.088,582478,8238271,% registered prevalence,Registered patients aged 17+,QOF registered prevalence,241,OHID Fingertips / NHS England QOF,https://fingertips.phe.org.uk/
UK,E12000008,South East,England,diabetes,Diabetes registered prevalence,2024,2024/25,7.302,7.284,7.32,608303,8330738,% registered prevalence,Registered patients aged 17+,QOF registered prevalence,241,OHID Fingertips / NHS England QOF,https://fingertips.phe.org.uk/
UK,E12000008,South East,England,hypertension,Hypertension registered prevalence,2012,2012/13,13.373,13.351,13.395,1213525,9074471,% registered prevalence,All registered patients,QOF registered prevalence,219,OHID Fingertips / NHS England QOF,https://fingertips.phe.org.uk/
UK,E12000008,South East,England,hypertension,Hypertension registered prevalence,2013,2013/14,13.448,13.426,13.47,1228605,9135750,% registered prevalence,All registered patients,QOF registered prevalence,219,OHID Fingertips / NHS England QOF,https://fingertips.phe.org.uk/
UK,E12000008,South East,England,hypertension,Hypertension registered prevalence,2014,2014/15,13.518,13.496,13.54,1247232,9226460,% registered prevalence,All registered patients,QOF registered prevalence,219,OHID Fingertips / NHS England QOF,https://fingertips.phe.org.uk/
UK,E12000008,South East,England,hypertension,Hypertension registered prevalence,2015,2015/16,13.58,13.558,13.602,1266551,9326653,% registered prevalence,All registered patients,QOF registered prevalence,219,OHID Fingertips / NHS England QOF,https://fingertips.phe.org.uk/
UK,E12000008,South East,England,hypertension,Hypertension registered prevalence,2016,2016/17,13.659,13.637,13.681,1286275,9417143,% registered prevalence,All registered patients,QOF registered prevalence,219,OHID Fingertips / NHS England QOF,https://fingertips.phe.org.uk/
UK,E12000008,South East,England,hypertension,Hypertension registered prevalence,2017,2017/18,13.881,13.858,13.903,1245237,8971006,% registered prevalence,All registered patients,QOF registered prevalence,219,OHID Fingertips / NHS England QOF,https://fingertips.phe.org.uk/
UK,E12000008,South East,England,hypertension,Hypertension registered prevalence,2018,2018/19,13.916,13.894,13.938,1343948,9657368,% registered prevalence,All registered patients,QOF registered prevalence,219,OHID Fingertips / NHS England QOF,https://fingertips.phe.org.uk/
UK,E12000008,South East,England,hypertension,Hypertension registered prevalence,2019,2019/20,14.187,14.165,14.209,1380761,9732530,% registered prevalence,All registered patients,QOF registered prevalence,219,OHID Fingertips / NHS England QOF,https://fingertips.phe.org.uk/
UK,E12000008,South East,England,hypertension,Hypertension registered prevalence,2020,2020/21,14.055,14.033,14.076,1375659,9787971,% registered prevalence,All registered patients,QOF registered prevalence,219,OHID Fingertips / NHS England QOF,https://fingertips.phe.org.uk/
UK,E12000008,South East,England,hypertension,Hypertension registered prevalence,2021,2021/22,14.137,14.116,14.159,1401902,9916320,% registered prevalence,All registered patients,QOF registered prevalence,219,OHID Fingertips / NHS England QOF,https://fingertips.phe.org.uk/
UK,E12000008,South East,England,hypertension,Hypertension registered prevalence,2022,2022/23,14.6,14.579,14.622,1465643,10038401,% registered prevalence,All registered patients,QOF registered prevalence,219,OHID Fingertips / NHS England QOF,https://fingertips.phe.org.uk/
UK,E12000008,South East,England,hypertension,Hypertension registered prevalence,2023,2023/24,14.965,14.943,14.987,1520065,10157615,% registered prevalence,All registered patients,QOF registered prevalence,219,OHID Fingertips / NHS England QOF,https://fingertips.phe.org.uk/
UK,E12000008,South East,England,hypertension,Hypertension registered prevalence,2024,2024/25,15.41,15.388,15.432,1578353,10242543,% registered prevalence,All registered patients,QOF registered prevalence,219,OHID Fingertips / NHS England QOF,https://fingertips.phe.org.uk/
UK,E12000009,South West,England,asthma,Asthma registered prevalence,2020,2020/21,7.118,7.097,7.139,397573,5585476,% registered prevalence,Registered patients aged 6+,QOF registered prevalence,90933,OHID Fingertips / NHS England QOF,https://fingertips.phe.org.uk/
UK,E12000009,South West,England,asthma,Asthma registered prevalence,2021,2021/22,7.246,7.225,7.268,410478,5664680,% registered prevalence,Registered patients aged 6+,QOF registered prevalence,90933,OHID Fingertips / NHS England QOF,https://fingertips.phe.org.uk/
UK,E12000009,South West,England,asthma,Asthma registered prevalence,2022,2022/23,7.378,7.357,7.4,422508,5726395,% registered prevalence,Registered patients aged 6+,QOF registered prevalence,90933,OHID Fingertips / NHS England QOF,https://fingertips.phe.org.uk/
UK,E12000009,South West,England,asthma,Asthma registered prevalence,2023,2023/24,7.391,7.37,7.413,427704,5786589,% registered prevalence,Registered patients aged 6+,QOF registered prevalence,90933,OHID Fingertips / NHS England QOF,https://fingertips.phe.org.uk/
UK,E12000009,South West,England,asthma,Asthma registered prevalence,2024,2024/25,7.474,7.453,7.496,435718,5829399,% registered prevalence,Registered patients aged 6+,QOF registered prevalence,90933,OHID Fingertips / NHS England QOF,https://fingertips.phe.org.uk/
UK,E12000009,South West,England,cancer,Cancer registered prevalence,2012,2012/13,2.318,2.306,2.331,128249,5532467,% registered prevalence,All registered patients,QOF registered prevalence,276,OHID Fingertips / NHS England QOF,https://fingertips.phe.org.uk/
UK,E12000009,South West,England,cancer,Cancer registered prevalence,2013,2013/14,2.521,2.508,2.534,140514,5574556,% registered prevalence,All registered patients,QOF registered prevalence,276,OHID Fingertips / NHS England QOF,https://fingertips.phe.org.uk/
UK,E12000009,South West,England,cancer,Cancer registered prevalence,2014,2014/15,2.729,2.716,2.743,152072,5571811,% registered prevalence,All registered patients,QOF registered prevalence,276,OHID Fingertips / NHS England QOF,https://fingertips.phe.org.uk/
UK,E12000009,South West,England,cancer,Cancer registered prevalence,2015,2015/16,2.923,2.909,2.937,164716,5635771,% registered prevalence,All registered patients,QOF registered prevalence,276,OHID Fingertips / NHS England QOF,https://fingertips.phe.org.uk/
UK,E12000009,South West,England,cancer,Cancer registered prevalence,2016,2016/17,3.136,3.122,3.15,178167,5681622,% registered prevalence,All registered patients,QOF registered prevalence,276,OHID Fingertips / NHS England QOF,https://fingertips.phe.org.uk/
UK,E12000009,South West,England,cancer,Cancer registered prevalence,2017,2017/18,3.291,3.277,3.306,189109,5746112,% registered prevalence,All registered patients,QOF registered prevalence,276,OHID Fingertips / NHS England QOF,https://fingertips.phe.org.uk/
UK,E12000009,South West,England,cancer,Cancer registered prevalence,2018,2018/19,3.585,3.57,3.601,196585,5482949,% registered prevalence,All registered patients,QOF registered prevalence,276,OHID Fingertips / NHS England QOF,https://fingertips.phe.org.uk/
UK,E12000009,South West,England,cancer,Cancer registered prevalence,2019,2019/20,3.771,3.756,3.787,221709,5878821,% registered prevalence,All registered patients,QOF registered prevalence,276,OHID Fingertips / NHS England QOF,https://fingertips.phe.org.uk/
UK,E12000009,South West,England,cancer,Cancer registered prevalence,2020,2020/21,3.887,3.872,3.903,230071,5918430,% registered prevalence,All registered patients,QOF registered prevalence,276,OHID Fingertips / NHS England QOF,https://fingertips.phe.org.uk/
UK,E12000009,South West,England,cancer,Cancer registered prevalence,2021,2021/22,4.046,4.031,4.062,242465,5992028,% registered prevalence,All registered patients,QOF registered prevalence,276,OHID Fingertips / NHS England QOF,https://fingertips.phe.org.uk/
UK,E12000009,South West,England,cancer,Cancer registered prevalence,2022,2022/23,4.226,4.21,4.242,255616,6048667,% registered prevalence,All registered patients,QOF registered prevalence,276,OHID Fingertips / NHS England QOF,https://fingertips.phe.org.uk/
UK,E12000009,South West,England,cancer,Cancer registered prevalence,2023,2023/24,4.404,4.388,4.42,268731,6101875,% registered prevalence,All registered patients,QOF registered prevalence,276,OHID Fingertips / NHS England QOF,https://fingertips.phe.org.uk/
UK,E12000009,South West,England,cancer,Cancer registered prevalence,2024,2024/25,4.597,4.581,4.614,282170,6137795,% registered prevalence,All registered patients,QOF registered prevalence,276,OHID Fingertips / NHS England QOF,https://fingertips.phe.org.uk/
UK,E12000009,South West,England,chd,Coronary heart disease registered prevalence,2012,2012/13,3.548,3.533,3.564,196301,5532467,% registered prevalence,All registered patients,QOF registered prevalence,273,OHID Fingertips / NHS England QOF,https://fingertips.phe.org.uk/
UK,E12000009,South West,England,chd,Coronary heart disease registered prevalence,2013,2013/14,3.517,3.502,3.532,196065,5574556,% registered prevalence,All registered patients,QOF registered prevalence,273,OHID Fingertips / NHS England QOF,https://fingertips.phe.org.uk/
UK,E12000009,South West,England,chd,Coronary heart disease registered prevalence,2014,2014/15,3.539,3.524,3.554,197186,5571811,% registered prevalence,All registered patients,QOF registered prevalence,273,OHID Fingertips / NHS England QOF,https://fingertips.phe.org.uk/
UK,E12000009,South West,England,chd,Coronary heart disease registered prevalence,2015,2015/16,3.515,3.5,3.53,198091,5635771,% registered prevalence,All registered patients,QOF registered prevalence,273,OHID Fingertips / NHS England QOF,https://fingertips.phe.org.uk/
UK,E12000009,South West,England,chd,Coronary heart disease registered prevalence,2016,2016/17,3.536,3.521,3.551,200904,5681622,% registered prevalence,All registered patients,QOF registered prevalence,273,OHID Fingertips / NHS England QOF,https://fingertips.phe.org.uk/
UK,E12000009,South West,England,chd,Coronary heart disease registered prevalence,2017,2017/18,3.531,3.516,3.546,202891,5746112,% registered prevalence,All registered patients,QOF registered prevalence,273,OHID Fingertips / NHS England QOF,https://fingertips.phe.org.uk/
UK,E12000009,South West,England,chd,Coronary heart disease registered prevalence,2018,2018/19,3.509,3.493,3.524,192386,5482949,% registered prevalence,All registered patients,QOF registered prevalence,273,OHID Fingertips / NHS England QOF,https://fingertips.phe.org.uk/
UK,E12000009,South West,England,chd,Coronary heart disease registered prevalence,2019,2019/20,3.577,3.562,3.593,210314,5878821,% registered prevalence,All registered patients,QOF registered prevalence,273,OHID Fingertips / NHS England QOF,https://fingertips.phe.org.uk/
UK,E12000009,South West,England,chd,Coronary heart disease registered prevalence,2020,2020/21,3.574,3.559,3.589,211543,5918430,% registered prevalence,All registered patients,QOF registered prevalence,273,OHID Fingertips / NHS England QOF,https://fingertips.phe.org.uk/
UK,E12000009,South West,England,chd,Coronary heart disease registered prevalence,2021,2021/22,3.564,3.549,3.579,213559,5992028,% registered prevalence,All registered patients,QOF registered prevalence,273,OHID Fingertips / NHS England QOF,https://fingertips.phe.org.uk/
UK,E12000009,South West,England,chd,Coronary heart disease registered prevalence,2022,2022/23,3.569,3.554,3.584,215875,6048667,% registered prevalence,All registered patients,QOF registered prevalence,273,OHID Fingertips / NHS England QOF,https://fingertips.phe.org.uk/
UK,E12000009,South West,England,chd,Coronary heart disease registered prevalence,2023,2023/24,3.602,3.587,3.616,219769,6101875,% registered prevalence,All registered patients,QOF registered prevalence,273,OHID Fingertips / NHS England QOF,https://fingertips.phe.org.uk/
UK,E12000009,South West,England,chd,Coronary heart disease registered prevalence,2024,2024/25,3.647,3.633,3.662,223870,6137795,% registered prevalence,All registered patients,QOF registered prevalence,273,OHID Fingertips / NHS England QOF,https://fingertips.phe.org.uk/
UK,E12000009,South West,England,copd,COPD registered prevalence,2012,2012/13,1.762,1.751,1.773,97478,5532467,% registered prevalence,All registered patients,QOF registered prevalence,253,OHID Fingertips / NHS England QOF,https://fingertips.phe.org.uk/
UK,E12000009,South West,England,copd,COPD registered prevalence,2013,2013/14,1.813,1.802,1.824,101059,5574556,% registered prevalence,All registered patients,QOF registered prevalence,253,OHID Fingertips / NHS England QOF,https://fingertips.phe.org.uk/
UK,E12000009,South West,England,copd,COPD registered prevalence,2014,2014/15,1.862,1.851,1.873,103757,5571811,% registered prevalence,All registered patients,QOF registered prevalence,253,OHID Fingertips / NHS England QOF,https://fingertips.phe.org.uk/
UK,E12000009,South West,England,copd,COPD registered prevalence,2015,2015/16,1.903,1.892,1.915,107264,5635771,% registered prevalence,All registered patients,QOF registered prevalence,253,OHID Fingertips / NHS England QOF,https://fingertips.phe.org.uk/
UK,E12000009,South West,England,copd,COPD registered prevalence,2016,2016/17,1.953,1.942,1.965,110978,5681622,% registered prevalence,All registered patients,QOF registered prevalence,253,OHID Fingertips / NHS England QOF,https://fingertips.phe.org.uk/
UK,E12000009,South West,England,copd,COPD registered prevalence,2017,2017/18,1.994,1.982,2.005,114568,5746112,% registered prevalence,All registered patients,QOF registered prevalence,253,OHID Fingertips / NHS England QOF,https://fingertips.phe.org.uk/
UK,E12000009,South West,England,copd,COPD registered prevalence,2018,2018/19,2.026,2.015,2.038,111111,5482949,% registered prevalence,All registered patients,QOF registered prevalence,253,OHID Fingertips / NHS England QOF,https://fingertips.phe.org.uk/
UK,E12000009,South West,England,copd,COPD registered prevalence,2019,2019/20,2.069,2.057,2.08,121610,5878821,% registered prevalence,All registered patients,QOF registered prevalence,253,OHID Fingertips / NHS England QOF,https://fingertips.phe.org.uk/
UK,E12000009,South West,England,copd,COPD registered prevalence,2020,2020/21,2.07,2.058,2.081,122505,5918430,% registered prevalence,All registered patients,QOF registered prevalence,253,OHID Fingertips / NHS England QOF,https://fingertips.phe.org.uk/
UK,E12000009,South West,England,copd,COPD registered prevalence,2021,2021/22,2.022,2.011,2.034,121185,5992028,% registered prevalence,All registered patients,QOF registered prevalence,253,OHID Fingertips / NHS England QOF,https://fingertips.phe.org.uk/
UK,E12000009,South West,England,copd,COPD registered prevalence,2022,2022/23,2.02,2.009,2.031,122183,6048667,% registered prevalence,All registered patients,QOF registered prevalence,253,OHID Fingertips / NHS England QOF,https://fingertips.phe.org.uk/
UK,E12000009,South West,England,copd,COPD registered prevalence,2023,2023/24,2.059,2.048,2.07,125643,6101875,% registered prevalence,All registered patients,QOF registered prevalence,253,OHID Fingertips / NHS England QOF,https://fingertips.phe.org.uk/
UK,E12000009,South West,England,copd,COPD registered prevalence,2024,2024/25,2.12,2.108,2.131,130091,6137795,% registered prevalence,All registered patients,QOF registered prevalence,253,OHID Fingertips / NHS England QOF,https://fingertips.phe.org.uk/
UK,E12000009,South West,England,depression,Depression registered prevalence,2012,2012/13,5.944,5.922,5.966,263791,4437905,% registered prevalence,Registered patients aged 18+,QOF registered prevalence,848,OHID Fingertips / NHS England QOF,https://fingertips.phe.org.uk/
UK,E12000009,South West,England,depression,Depression registered prevalence,2013,2013/14,6.673,6.65,6.696,299976,4495421,% registered prevalence,Registered patients aged 18+,QOF registered prevalence,848,OHID Fingertips / NHS England QOF,https://fingertips.phe.org.uk/
UK,E12000009,South West,England,depression,Depression registered prevalence,2014,2014/15,7.455,7.431,7.479,334807,4490939,% registered prevalence,Registered patients aged 18+,QOF registered prevalence,848,OHID Fingertips / NHS England QOF,https://fingertips.phe.org.uk/
UK,E12000009,South West,England,depression,Depression registered prevalence,2015,2015/16,8.397,8.372,8.423,381730,4545862,% registered prevalence,Registered patients aged 18+,QOF registered prevalence,848,OHID Fingertips / NHS England QOF,https://fingertips.phe.org.uk/
UK,E12000009,South West,England,depression,Depression registered prevalence,2016,2016/17,9.345,9.318,9.372,428543,4585845,% registered prevalence,Registered patients aged 18+,QOF registered prevalence,848,OHID Fingertips / NHS England QOF,https://fingertips.phe.org.uk/
UK,E12000009,South West,England,depression,Depression registered prevalence,2017,2017/18,10.143,10.115,10.17,471143,4645210,% registered prevalence,Registered patients aged 18+,QOF registered prevalence,848,OHID Fingertips / NHS England QOF,https://fingertips.phe.org.uk/
UK,E12000009,South West,England,depression,Depression registered prevalence,2018,2018/19,11.213,11.183,11.242,497440,4436375,% registered prevalence,Registered patients aged 18+,QOF registered prevalence,848,OHID Fingertips / NHS England QOF,https://fingertips.phe.org.uk/
UK,E12000009,South West,England,depression,Depression registered prevalence,2019,2019/20,11.909,11.88,11.938,567553,4765638,% registered prevalence,Registered patients aged 18+,QOF registered prevalence,848,OHID Fingertips / NHS England QOF,https://fingertips.phe.org.uk/
UK,E12000009,South West,England,depression,Depression registered prevalence,2020,2020/21,12.638,12.609,12.668,607443,4806404,% registered prevalence,Registered patients aged 18+,QOF registered prevalence,848,OHID Fingertips / NHS England QOF,https://fingertips.phe.org.uk/
UK,E12000009,South West,England,depression,Depression registered prevalence,2021,2021/22,12.993,12.963,13.022,633495,4875850,% registered prevalence,Registered patients aged 18+,QOF registered prevalence,848,OHID Fingertips / NHS England QOF,https://fingertips.phe.org.uk/
UK,E12000009,South West,England,depression,Depression registered prevalence,2022,2022/23,13.55,13.52,13.58,667438,4925703,% registered prevalence,Registered patients aged 18+,QOF registered prevalence,848,OHID Fingertips / NHS England QOF,https://fingertips.phe.org.uk/
UK,E12000009,South West,England,depression,Depression registered prevalence,2024,2024/25,14.467,14.436,14.497,726186,5019733,% registered prevalence,Registered patients aged 18+,QOF registered prevalence,848,OHID Fingertips / NHS England QOF,https://fingertips.phe.org.uk/
UK,E12000009,South West,England,diabetes,Diabetes registered prevalence,2012,2012/13,5.703,5.681,5.724,256958,4506043,% registered prevalence,Registered patients aged 17+,QOF registered prevalence,241,OHID Fingertips / NHS England QOF,https://fingertips.phe.org.uk/
UK,E12000009,South West,England,diabetes,Diabetes registered prevalence,2013,2013/14,5.86,5.838,5.882,267262,4560772,% registered prevalence,Registered patients aged 17+,QOF registered prevalence,241,OHID Fingertips / NHS England QOF,https://fingertips.phe.org.uk/
UK,E12000009,South West,England,diabetes,Diabetes registered prevalence,2014,2014/15,6.057,6.035,6.079,275941,4555554,% registered prevalence,Registered patients aged 17+,QOF registered prevalence,241,OHID Fingertips / NHS England QOF,https://fingertips.phe.org.uk/
UK,E12000009,South West,England,diabetes,Diabetes registered prevalence,2015,2015/16,6.255,6.233,6.277,288346,4609813,% registered prevalence,Registered patients aged 17+,QOF registered prevalence,241,OHID Fingertips / NHS England QOF,https://fingertips.phe.org.uk/
UK,E12000009,South West,England,diabetes,Diabetes registered prevalence,2016,2016/17,6.433,6.41,6.455,299009,4648381,% registered prevalence,Registered patients aged 17+,QOF registered prevalence,241,OHID Fingertips / NHS England QOF,https://fingertips.phe.org.uk/
UK,E12000009,South West,England,diabetes,Diabetes registered prevalence,2017,2017/18,6.501,6.479,6.523,305961,4706252,% registered prevalence,Registered patients aged 17+,QOF registered prevalence,241,OHID Fingertips / NHS England QOF,https://fingertips.phe.org.uk/
UK,E12000009,South West,England,diabetes,Diabetes registered prevalence,2018,2018/19,6.648,6.625,6.671,298652,4492477,% registered prevalence,Registered patients aged 17+,QOF registered prevalence,241,OHID Fingertips / NHS England QOF,https://fingertips.phe.org.uk/
UK,E12000009,South West,England,diabetes,Diabetes registered prevalence,2019,2019/20,6.817,6.795,6.84,329036,4826578,% registered prevalence,Registered patients aged 17+,QOF registered prevalence,241,OHID Fingertips / NHS England QOF,https://fingertips.phe.org.uk/
UK,E12000009,South West,England,diabetes,Diabetes registered prevalence,2020,2020/21,6.89,6.867,6.912,335472,4869137,% registered prevalence,Registered patients aged 17+,QOF registered prevalence,241,OHID Fingertips / NHS England QOF,https://fingertips.phe.org.uk/
UK,E12000009,South West,England,diabetes,Diabetes registered prevalence,2021,2021/22,7.016,6.994,7.039,346542,4939249,% registered prevalence,Registered patients aged 17+,QOF registered prevalence,241,OHID Fingertips / NHS England QOF,https://fingertips.phe.org.uk/
UK,E12000009,South West,England,diabetes,Diabetes registered prevalence,2022,2022/23,7.188,7.166,7.211,358726,4990362,% registered prevalence,Registered patients aged 17+,QOF registered prevalence,241,OHID Fingertips / NHS England QOF,https://fingertips.phe.org.uk/
UK,E12000009,South West,England,diabetes,Diabetes registered prevalence,2023,2023/24,7.351,7.328,7.373,370902,5045905,% registered prevalence,Registered patients aged 17+,QOF registered prevalence,241,OHID Fingertips / NHS England QOF,https://fingertips.phe.org.uk/
UK,E12000009,South West,England,diabetes,Diabetes registered prevalence,2024,2024/25,7.552,7.529,7.575,384401,5089857,% registered prevalence,Registered patients aged 17+,QOF registered prevalence,241,OHID Fingertips / NHS England QOF,https://fingertips.phe.org.uk/
UK,E12000009,South West,England,hypertension,Hypertension registered prevalence,2012,2012/13,14.476,14.447,14.506,800900,5532467,% registered prevalence,All registered patients,QOF registered prevalence,219,OHID Fingertips / NHS England QOF,https://fingertips.phe.org.uk/
UK,E12000009,South West,England,hypertension,Hypertension registered prevalence,2013,2013/14,14.518,14.488,14.547,809288,5574556,% registered prevalence,All registered patients,QOF registered prevalence,219,OHID Fingertips / NHS England QOF,https://fingertips.phe.org.uk/
UK,E12000009,South West,England,hypertension,Hypertension registered prevalence,2014,2014/15,14.688,14.659,14.718,818397,5571811,% registered prevalence,All registered patients,QOF registered prevalence,219,OHID Fingertips / NHS England QOF,https://fingertips.phe.org.uk/
UK,E12000009,South West,England,hypertension,Hypertension registered prevalence,2015,2015/16,14.726,14.697,14.755,829913,5635771,% registered prevalence,All registered patients,QOF registered prevalence,219,OHID Fingertips / NHS England QOF,https://fingertips.phe.org.uk/
UK,E12000009,South West,England,hypertension,Hypertension registered prevalence,2016,2016/17,14.832,14.803,14.861,842684,5681622,% registered prevalence,All registered patients,QOF registered prevalence,219,OHID Fingertips / NHS England QOF,https://fingertips.phe.org.uk/
UK,E12000009,South West,England,hypertension,Hypertension registered prevalence,2017,2017/18,14.865,14.836,14.895,854185,5746112,% registered prevalence,All registered patients,QOF registered prevalence,219,OHID Fingertips / NHS England QOF,https://fingertips.phe.org.uk/
UK,E12000009,South West,England,hypertension,Hypertension registered prevalence,2018,2018/19,14.888,14.858,14.918,816295,5482949,% registered prevalence,All registered patients,QOF registered prevalence,219,OHID Fingertips / NHS England QOF,https://fingertips.phe.org.uk/
UK,E12000009,South West,England,hypertension,Hypertension registered prevalence,2019,2019/20,15.03,15.001,15.059,883579,5878821,% registered prevalence,All registered patients,QOF registered prevalence,219,OHID Fingertips / NHS England QOF,https://fingertips.phe.org.uk/
UK,E12000009,South West,England,hypertension,Hypertension registered prevalence,2020,2020/21,14.965,14.936,14.994,885682,5918430,% registered prevalence,All registered patients,QOF registered prevalence,219,OHID Fingertips / NHS England QOF,https://fingertips.phe.org.uk/
UK,E12000009,South West,England,hypertension,Hypertension registered prevalence,2021,2021/22,15.075,15.046,15.104,903294,5992028,% registered prevalence,All registered patients,QOF registered prevalence,219,OHID Fingertips / NHS England QOF,https://fingertips.phe.org.uk/
UK,E12000009,South West,England,hypertension,Hypertension registered prevalence,2022,2022/23,15.666,15.637,15.695,947585,6048667,% registered prevalence,All registered patients,QOF registered prevalence,219,OHID Fingertips / NHS England QOF,https://fingertips.phe.org.uk/
UK,E12000009,South West,England,hypertension,Hypertension registered prevalence,2023,2023/24,16.132,16.103,16.161,984346,6101875,% registered prevalence,All registered patients,QOF registered prevalence,219,OHID Fingertips / NHS England QOF,https://fingertips.phe.org.uk/
UK,E12000009,South West,England,hypertension,Hypertension registered prevalence,2024,2024/25,16.664,16.635,16.694,1022818,6137795,% registered prevalence,All registered patients,QOF registered prevalence,219,OHID Fingertips / NHS England QOF,https://fingertips.phe.org.uk/
