country,area_code,area_name,macro_region,latitude,longitude,metric_key,metric_label,year,period,value,lower_ci,upper_ci,unit,population,measure_type,source_id,source_name,source_url
USA,AK,Alaska,Far West,64.84507995700051,-147.722059,asthma,Current asthma among adults,2019,2019,10.5,8.9,12.4,% age-adjusted prevalence,Adults aged 18+,BRFSS age-adjusted prevalence,AST02,CDC Chronic Disease Indicators,https://data.cdc.gov/d/hksd-2xuw
USA,AK,Alaska,Far West,64.84507995700051,-147.722059,asthma,Current asthma among adults,2020,2020,9.8,8.4,11.5,% age-adjusted prevalence,Adults aged 18+,BRFSS age-adjusted prevalence,AST02,CDC Chronic Disease Indicators,https://data.cdc.gov/d/hksd-2xuw
USA,AK,Alaska,Far West,64.84507995700051,-147.722059,asthma,Current asthma among adults,2021,2021,9.9,8.8,11.2,% age-adjusted prevalence,Adults aged 18+,BRFSS age-adjusted prevalence,AST02,CDC Chronic Disease Indicators,https://data.cdc.gov/d/hksd-2xuw
USA,AK,Alaska,Far West,64.84507995700051,-147.722059,asthma,Current asthma among adults,2022,2022,10.7,9.6,11.9,% age-adjusted prevalence,Adults aged 18+,BRFSS age-adjusted prevalence,AST02,CDC Chronic Disease Indicators,https://data.cdc.gov/d/hksd-2xuw
USA,AK,Alaska,Far West,64.84507995700051,-147.722059,asthma,Current asthma among adults,2023,2023,10.9,9.7,12.1,% age-adjusted prevalence,Adults aged 18+,BRFSS age-adjusted prevalence,AST02,CDC Chronic Disease Indicators,https://data.cdc.gov/d/hksd-2xuw
USA,AK,Alaska,Far West,64.84507995700051,-147.722059,copd,COPD among adults,2019,2019,4.6,3.7,5.6,% age-adjusted prevalence,Adults aged 18+,BRFSS age-adjusted prevalence,COPD01,CDC Chronic Disease Indicators,https://data.cdc.gov/d/hksd-2xuw
USA,AK,Alaska,Far West,64.84507995700051,-147.722059,copd,COPD among adults,2020,2020,4.6,3.8,5.5,% age-adjusted prevalence,Adults aged 18+,BRFSS age-adjusted prevalence,COPD01,CDC Chronic Disease Indicators,https://data.cdc.gov/d/hksd-2xuw
USA,AK,Alaska,Far West,64.84507995700051,-147.722059,copd,COPD among adults,2021,2021,5.5,4.7,6.3,% age-adjusted prevalence,Adults aged 18+,BRFSS age-adjusted prevalence,COPD01,CDC Chronic Disease Indicators,https://data.cdc.gov/d/hksd-2xuw
USA,AK,Alaska,Far West,64.84507995700051,-147.722059,copd,COPD among adults,2022,2022,5.4,4.7,6.2,% age-adjusted prevalence,Adults aged 18+,BRFSS age-adjusted prevalence,COPD01,CDC Chronic Disease Indicators,https://data.cdc.gov/d/hksd-2xuw
USA,AK,Alaska,Far West,64.84507995700051,-147.722059,copd,COPD among adults,2023,2023,5.6,4.8,6.5,% age-adjusted prevalence,Adults aged 18+,BRFSS age-adjusted prevalence,COPD01,CDC Chronic Disease Indicators,https://data.cdc.gov/d/hksd-2xuw
USA,AK,Alaska,Far West,64.84507995700051,-147.722059,depression,Depression among adults,2019,2019,17.2,15.2,19.5,% age-adjusted prevalence,Adults aged 18+,BRFSS age-adjusted prevalence,MEN02,CDC Chronic Disease Indicators,https://data.cdc.gov/d/hksd-2xuw
USA,AK,Alaska,Far West,64.84507995700051,-147.722059,depression,Depression among adults,2020,2020,15.6,13.9,17.5,% age-adjusted prevalence,Adults aged 18+,BRFSS age-adjusted prevalence,MEN02,CDC Chronic Disease Indicators,https://data.cdc.gov/d/hksd-2xuw
USA,AK,Alaska,Far West,64.84507995700051,-147.722059,depression,Depression among adults,2021,2021,19.9,18.2,21.6,% age-adjusted prevalence,Adults aged 18+,BRFSS age-adjusted prevalence,MEN02,CDC Chronic Disease Indicators,https://data.cdc.gov/d/hksd-2xuw
USA,AK,Alaska,Far West,64.84507995700051,-147.722059,depression,Depression among adults,2022,2022,20.4,19.0,21.9,% age-adjusted prevalence,Adults aged 18+,BRFSS age-adjusted prevalence,MEN02,CDC Chronic Disease Indicators,https://data.cdc.gov/d/hksd-2xuw
USA,AK,Alaska,Far West,64.84507995700051,-147.722059,depression,Depression among adults,2023,2023,19.8,18.3,21.3,% age-adjusted prevalence,Adults aged 18+,BRFSS age-adjusted prevalence,MEN02,CDC Chronic Disease Indicators,https://data.cdc.gov/d/hksd-2xuw
USA,AK,Alaska,Far West,64.84507995700051,-147.722059,diabetes,Diabetes among adults,2019,2019,7.2,6.1,8.5,% age-adjusted prevalence,Adults aged 18+,BRFSS age-adjusted prevalence,DIA01,CDC Chronic Disease Indicators,https://data.cdc.gov/d/hksd-2xuw
USA,AK,Alaska,Far West,64.84507995700051,-147.722059,diabetes,Diabetes among adults,2020,2020,7.4,6.4,8.6,% age-adjusted prevalence,Adults aged 18+,BRFSS age-adjusted prevalence,DIA01,CDC Chronic Disease Indicators,https://data.cdc.gov/d/hksd-2xuw
USA,AK,Alaska,Far West,64.84507995700051,-147.722059,diabetes,Diabetes among adults,2021,2021,8.1,7.2,9.2,% age-adjusted prevalence,Adults aged 18+,BRFSS age-adjusted prevalence,DIA01,CDC Chronic Disease Indicators,https://data.cdc.gov/d/hksd-2xuw
USA,AK,Alaska,Far West,64.84507995700051,-147.722059,diabetes,Diabetes among adults,2022,2022,8.5,7.6,9.4,% age-adjusted prevalence,Adults aged 18+,BRFSS age-adjusted prevalence,DIA01,CDC Chronic Disease Indicators,https://data.cdc.gov/d/hksd-2xuw
USA,AK,Alaska,Far West,64.84507995700051,-147.722059,diabetes,Diabetes among adults,2023,2023,8.2,7.4,9.2,% age-adjusted prevalence,Adults aged 18+,BRFSS age-adjusted prevalence,DIA01,CDC Chronic Disease Indicators,https://data.cdc.gov/d/hksd-2xuw
USA,AK,Alaska,Far West,64.84507995700051,-147.722059,hypertension,High blood pressure among adults,2019,2019,32.8,30.4,35.3,% age-adjusted prevalence,Adults aged 18+,BRFSS age-adjusted prevalence,CVD01,CDC Chronic Disease Indicators,https://data.cdc.gov/d/hksd-2xuw
USA,AK,Alaska,Far West,64.84507995700051,-147.722059,hypertension,High blood pressure among adults,2021,2021,29.9,28.3,31.6,% age-adjusted prevalence,Adults aged 18+,BRFSS age-adjusted prevalence,CVD01,CDC Chronic Disease Indicators,https://data.cdc.gov/d/hksd-2xuw
USA,AK,Alaska,Far West,64.84507995700051,-147.722059,hypertension,High blood pressure among adults,2023,2023,32.6,31.1,34.2,% age-adjusted prevalence,Adults aged 18+,BRFSS age-adjusted prevalence,CVD01,CDC Chronic Disease Indicators,https://data.cdc.gov/d/hksd-2xuw
USA,AK,Alaska,Far West,64.84507995700051,-147.722059,obesity,Obesity among adults,2019,2019,30.7,28.0,33.6,% age-adjusted prevalence,Adults aged 18+,BRFSS age-adjusted prevalence,NPW14,CDC Chronic Disease Indicators,https://data.cdc.gov/d/hksd-2xuw
USA,AK,Alaska,Far West,64.84507995700051,-147.722059,obesity,Obesity among adults,2020,2020,31.8,29.4,34.4,% age-adjusted prevalence,Adults aged 18+,BRFSS age-adjusted prevalence,NPW14,CDC Chronic Disease Indicators,https://data.cdc.gov/d/hksd-2xuw
USA,AK,Alaska,Far West,64.84507995700051,-147.722059,obesity,Obesity among adults,2021,2021,33.4,31.5,35.5,% age-adjusted prevalence,Adults aged 18+,BRFSS age-adjusted prevalence,NPW14,CDC Chronic Disease Indicators,https://data.cdc.gov/d/hksd-2xuw
USA,AK,Alaska,Far West,64.84507995700051,-147.722059,obesity,Obesity among adults,2022,2022,32.3,30.6,34.2,% age-adjusted prevalence,Adults aged 18+,BRFSS age-adjusted prevalence,NPW14,CDC Chronic Disease Indicators,https://data.cdc.gov/d/hksd-2xuw
USA,AK,Alaska,Far West,64.84507995700051,-147.722059,obesity,Obesity among adults,2023,2023,35.3,33.4,37.2,% age-adjusted prevalence,Adults aged 18+,BRFSS age-adjusted prevalence,NPW14,CDC Chronic Disease Indicators,https://data.cdc.gov/d/hksd-2xuw
USA,AL,Alabama,Southeast,32.84057112200048,-86.63186076,asthma,Current asthma among adults,2019,2019,10.3,9.2,11.4,% age-adjusted prevalence,Adults aged 18+,BRFSS age-adjusted prevalence,AST02,CDC Chronic Disease Indicators,https://data.cdc.gov/d/hksd-2xuw
USA,AL,Alabama,Southeast,32.84057112200048,-86.63186076,asthma,Current asthma among adults,2020,2020,9.7,8.7,10.9,% age-adjusted prevalence,Adults aged 18+,BRFSS age-adjusted prevalence,AST02,CDC Chronic Disease Indicators,https://data.cdc.gov/d/hksd-2xuw
USA,AL,Alabama,Southeast,32.84057112200048,-86.63186076,asthma,Current asthma among adults,2021,2021,10.7,9.4,12.1,% age-adjusted prevalence,Adults aged 18+,BRFSS age-adjusted prevalence,AST02,CDC Chronic Disease Indicators,https://data.cdc.gov/d/hksd-2xuw
USA,AL,Alabama,Southeast,32.84057112200048,-86.63186076,asthma,Current asthma among adults,2022,2022,9.7,8.5,11.0,% age-adjusted prevalence,Adults aged 18+,BRFSS age-adjusted prevalence,AST02,CDC Chronic Disease Indicators,https://data.cdc.gov/d/hksd-2xuw
USA,AL,Alabama,Southeast,32.84057112200048,-86.63186076,asthma,Current asthma among adults,2023,2023,8.9,7.7,10.1,% age-adjusted prevalence,Adults aged 18+,BRFSS age-adjusted prevalence,AST02,CDC Chronic Disease Indicators,https://data.cdc.gov/d/hksd-2xuw
USA,AL,Alabama,Southeast,32.84057112200048,-86.63186076,copd,COPD among adults,2019,2019,9.3,8.4,10.3,% age-adjusted prevalence,Adults aged 18+,BRFSS age-adjusted prevalence,COPD01,CDC Chronic Disease Indicators,https://data.cdc.gov/d/hksd-2xuw
USA,AL,Alabama,Southeast,32.84057112200048,-86.63186076,copd,COPD among adults,2020,2020,8.9,7.9,10.0,% age-adjusted prevalence,Adults aged 18+,BRFSS age-adjusted prevalence,COPD01,CDC Chronic Disease Indicators,https://data.cdc.gov/d/hksd-2xuw
USA,AL,Alabama,Southeast,32.84057112200048,-86.63186076,copd,COPD among adults,2021,2021,8.6,7.6,9.8,% age-adjusted prevalence,Adults aged 18+,BRFSS age-adjusted prevalence,COPD01,CDC Chronic Disease Indicators,https://data.cdc.gov/d/hksd-2xuw
USA,AL,Alabama,Southeast,32.84057112200048,-86.63186076,copd,COPD among adults,2022,2022,8.3,7.4,9.4,% age-adjusted prevalence,Adults aged 18+,BRFSS age-adjusted prevalence,COPD01,CDC Chronic Disease Indicators,https://data.cdc.gov/d/hksd-2xuw
USA,AL,Alabama,Southeast,32.84057112200048,-86.63186076,copd,COPD among adults,2023,2023,8.0,7.0,9.1,% age-adjusted prevalence,Adults aged 18+,BRFSS age-adjusted prevalence,COPD01,CDC Chronic Disease Indicators,https://data.cdc.gov/d/hksd-2xuw
USA,AL,Alabama,Southeast,32.84057112200048,-86.63186076,depression,Depression among adults,2019,2019,24.5,23.1,26.0,% age-adjusted prevalence,Adults aged 18+,BRFSS age-adjusted prevalence,MEN02,CDC Chronic Disease Indicators,https://data.cdc.gov/d/hksd-2xuw
USA,AL,Alabama,Southeast,32.84057112200048,-86.63186076,depression,Depression among adults,2020,2020,24.0,22.4,25.6,% age-adjusted prevalence,Adults aged 18+,BRFSS age-adjusted prevalence,MEN02,CDC Chronic Disease Indicators,https://data.cdc.gov/d/hksd-2xuw
USA,AL,Alabama,Southeast,32.84057112200048,-86.63186076,depression,Depression among adults,2021,2021,23.0,21.3,24.9,% age-adjusted prevalence,Adults aged 18+,BRFSS age-adjusted prevalence,MEN02,CDC Chronic Disease Indicators,https://data.cdc.gov/d/hksd-2xuw
USA,AL,Alabama,Southeast,32.84057112200048,-86.63186076,depression,Depression among adults,2022,2022,24.6,22.7,26.6,% age-adjusted prevalence,Adults aged 18+,BRFSS age-adjusted prevalence,MEN02,CDC Chronic Disease Indicators,https://data.cdc.gov/d/hksd-2xuw
USA,AL,Alabama,Southeast,32.84057112200048,-86.63186076,depression,Depression among adults,2023,2023,23.2,21.4,25.1,% age-adjusted prevalence,Adults aged 18+,BRFSS age-adjusted prevalence,MEN02,CDC Chronic Disease Indicators,https://data.cdc.gov/d/hksd-2xuw
USA,AL,Alabama,Southeast,32.84057112200048,-86.63186076,diabetes,Diabetes among adults,2019,2019,12.4,11.5,13.2,% age-adjusted prevalence,Adults aged 18+,BRFSS age-adjusted prevalence,DIA01,CDC Chronic Disease Indicators,https://data.cdc.gov/d/hksd-2xuw
USA,AL,Alabama,Southeast,32.84057112200048,-86.63186076,diabetes,Diabetes among adults,2020,2020,13.1,12.1,14.3,% age-adjusted prevalence,Adults aged 18+,BRFSS age-adjusted prevalence,DIA01,CDC Chronic Disease Indicators,https://data.cdc.gov/d/hksd-2xuw
USA,AL,Alabama,Southeast,32.84057112200048,-86.63186076,diabetes,Diabetes among adults,2021,2021,13.5,12.3,14.8,% age-adjusted prevalence,Adults aged 18+,BRFSS age-adjusted prevalence,DIA01,CDC Chronic Disease Indicators,https://data.cdc.gov/d/hksd-2xuw
USA,AL,Alabama,Southeast,32.84057112200048,-86.63186076,diabetes,Diabetes among adults,2022,2022,13.6,12.4,14.9,% age-adjusted prevalence,Adults aged 18+,BRFSS age-adjusted prevalence,DIA01,CDC Chronic Disease Indicators,https://data.cdc.gov/d/hksd-2xuw
USA,AL,Alabama,Southeast,32.84057112200048,-86.63186076,diabetes,Diabetes among adults,2023,2023,14.0,12.7,15.3,% age-adjusted prevalence,Adults aged 18+,BRFSS age-adjusted prevalence,DIA01,CDC Chronic Disease Indicators,https://data.cdc.gov/d/hksd-2xuw
USA,AL,Alabama,Southeast,32.84057112200048,-86.63186076,hypertension,High blood pressure among adults,2019,2019,39.4,38.1,40.8,% age-adjusted prevalence,Adults aged 18+,BRFSS age-adjusted prevalence,CVD01,CDC Chronic Disease Indicators,https://data.cdc.gov/d/hksd-2xuw
USA,AL,Alabama,Southeast,32.84057112200048,-86.63186076,hypertension,High blood pressure among adults,2021,2021,39.4,37.6,41.2,% age-adjusted prevalence,Adults aged 18+,BRFSS age-adjusted prevalence,CVD01,CDC Chronic Disease Indicators,https://data.cdc.gov/d/hksd-2xuw
USA,AL,Alabama,Southeast,32.84057112200048,-86.63186076,hypertension,High blood pressure among adults,2023,2023,41.0,39.1,42.9,% age-adjusted prevalence,Adults aged 18+,BRFSS age-adjusted prevalence,CVD01,CDC Chronic Disease Indicators,https://data.cdc.gov/d/hksd-2xuw
USA,AL,Alabama,Southeast,32.84057112200048,-86.63186076,obesity,Obesity among adults,2019,2019,36.3,34.7,38.0,% age-adjusted prevalence,Adults aged 18+,BRFSS age-adjusted prevalence,NPW14,CDC Chronic Disease Indicators,https://data.cdc.gov/d/hksd-2xuw
USA,AL,Alabama,Southeast,32.84057112200048,-86.63186076,obesity,Obesity among adults,2020,2020,39.3,37.4,41.1,% age-adjusted prevalence,Adults aged 18+,BRFSS age-adjusted prevalence,NPW14,CDC Chronic Disease Indicators,https://data.cdc.gov/d/hksd-2xuw
USA,AL,Alabama,Southeast,32.84057112200048,-86.63186076,obesity,Obesity among adults,2021,2021,40.6,38.6,42.7,% age-adjusted prevalence,Adults aged 18+,BRFSS age-adjusted prevalence,NPW14,CDC Chronic Disease Indicators,https://data.cdc.gov/d/hksd-2xuw
USA,AL,Alabama,Southeast,32.84057112200048,-86.63186076,obesity,Obesity among adults,2022,2022,38.4,36.3,40.5,% age-adjusted prevalence,Adults aged 18+,BRFSS age-adjusted prevalence,NPW14,CDC Chronic Disease Indicators,https://data.cdc.gov/d/hksd-2xuw
USA,AL,Alabama,Southeast,32.84057112200048,-86.63186076,obesity,Obesity among adults,2023,2023,39.9,37.8,42.0,% age-adjusted prevalence,Adults aged 18+,BRFSS age-adjusted prevalence,NPW14,CDC Chronic Disease Indicators,https://data.cdc.gov/d/hksd-2xuw
USA,AR,Arkansas,Southeast,34.74865012400045,-92.27449074,asthma,Current asthma among adults,2019,2019,10.1,8.9,11.4,% age-adjusted prevalence,Adults aged 18+,BRFSS age-adjusted prevalence,AST02,CDC Chronic Disease Indicators,https://data.cdc.gov/d/hksd-2xuw
USA,AR,Arkansas,Southeast,34.74865012400045,-92.27449074,asthma,Current asthma among adults,2020,2020,9.6,8.5,10.9,% age-adjusted prevalence,Adults aged 18+,BRFSS age-adjusted prevalence,AST02,CDC Chronic Disease Indicators,https://data.cdc.gov/d/hksd-2xuw
USA,AR,Arkansas,Southeast,34.74865012400045,-92.27449074,asthma,Current asthma among adults,2021,2021,10.1,8.8,11.6,% age-adjusted prevalence,Adults aged 18+,BRFSS age-adjusted prevalence,AST02,CDC Chronic Disease Indicators,https://data.cdc.gov/d/hksd-2xuw
USA,AR,Arkansas,Southeast,34.74865012400045,-92.27449074,asthma,Current asthma among adults,2022,2022,10.4,9.3,11.6,% age-adjusted prevalence,Adults aged 18+,BRFSS age-adjusted prevalence,AST02,CDC Chronic Disease Indicators,https://data.cdc.gov/d/hksd-2xuw
USA,AR,Arkansas,Southeast,34.74865012400045,-92.27449074,asthma,Current asthma among adults,2023,2023,10.0,8.9,11.3,% age-adjusted prevalence,Adults aged 18+,BRFSS age-adjusted prevalence,AST02,CDC Chronic Disease Indicators,https://data.cdc.gov/d/hksd-2xuw
USA,AR,Arkansas,Southeast,34.74865012400045,-92.27449074,copd,COPD among adults,2019,2019,9.7,8.7,10.8,% age-adjusted prevalence,Adults aged 18+,BRFSS age-adjusted prevalence,COPD01,CDC Chronic Disease Indicators,https://data.cdc.gov/d/hksd-2xuw
USA,AR,Arkansas,Southeast,34.74865012400045,-92.27449074,copd,COPD among adults,2020,2020,8.1,7.2,9.0,% age-adjusted prevalence,Adults aged 18+,BRFSS age-adjusted prevalence,COPD01,CDC Chronic Disease Indicators,https://data.cdc.gov/d/hksd-2xuw
USA,AR,Arkansas,Southeast,34.74865012400045,-92.27449074,copd,COPD among adults,2021,2021,8.7,7.8,9.8,% age-adjusted prevalence,Adults aged 18+,BRFSS age-adjusted prevalence,COPD01,CDC Chronic Disease Indicators,https://data.cdc.gov/d/hksd-2xuw
USA,AR,Arkansas,Southeast,34.74865012400045,-92.27449074,copd,COPD among adults,2022,2022,8.9,8.0,9.9,% age-adjusted prevalence,Adults aged 18+,BRFSS age-adjusted prevalence,COPD01,CDC Chronic Disease Indicators,https://data.cdc.gov/d/hksd-2xuw
USA,AR,Arkansas,Southeast,34.74865012400045,-92.27449074,copd,COPD among adults,2023,2023,8.0,7.2,9.0,% age-adjusted prevalence,Adults aged 18+,BRFSS age-adjusted prevalence,COPD01,CDC Chronic Disease Indicators,https://data.cdc.gov/d/hksd-2xuw
USA,AR,Arkansas,Southeast,34.74865012400045,-92.27449074,depression,Depression among adults,2019,2019,25.6,23.8,27.5,% age-adjusted prevalence,Adults aged 18+,BRFSS age-adjusted prevalence,MEN02,CDC Chronic Disease Indicators,https://data.cdc.gov/d/hksd-2xuw
USA,AR,Arkansas,Southeast,34.74865012400045,-92.27449074,depression,Depression among adults,2020,2020,24.0,22.3,25.8,% age-adjusted prevalence,Adults aged 18+,BRFSS age-adjusted prevalence,MEN02,CDC Chronic Disease Indicators,https://data.cdc.gov/d/hksd-2xuw
USA,AR,Arkansas,Southeast,34.74865012400045,-92.27449074,depression,Depression among adults,2021,2021,25.3,23.3,27.3,% age-adjusted prevalence,Adults aged 18+,BRFSS age-adjusted prevalence,MEN02,CDC Chronic Disease Indicators,https://data.cdc.gov/d/hksd-2xuw
USA,AR,Arkansas,Southeast,34.74865012400045,-92.27449074,depression,Depression among adults,2022,2022,27.6,25.8,29.4,% age-adjusted prevalence,Adults aged 18+,BRFSS age-adjusted prevalence,MEN02,CDC Chronic Disease Indicators,https://data.cdc.gov/d/hksd-2xuw
USA,AR,Arkansas,Southeast,34.74865012400045,-92.27449074,depression,Depression among adults,2023,2023,25.3,23.6,27.0,% age-adjusted prevalence,Adults aged 18+,BRFSS age-adjusted prevalence,MEN02,CDC Chronic Disease Indicators,https://data.cdc.gov/d/hksd-2xuw
USA,AR,Arkansas,Southeast,34.74865012400045,-92.27449074,diabetes,Diabetes among adults,2019,2019,12.3,11.2,13.4,% age-adjusted prevalence,Adults aged 18+,BRFSS age-adjusted prevalence,DIA01,CDC Chronic Disease Indicators,https://data.cdc.gov/d/hksd-2xuw
USA,AR,Arkansas,Southeast,34.74865012400045,-92.27449074,diabetes,Diabetes among adults,2020,2020,11.9,10.9,13.0,% age-adjusted prevalence,Adults aged 18+,BRFSS age-adjusted prevalence,DIA01,CDC Chronic Disease Indicators,https://data.cdc.gov/d/hksd-2xuw
USA,AR,Arkansas,Southeast,34.74865012400045,-92.27449074,diabetes,Diabetes among adults,2021,2021,11.0,10.0,12.0,% age-adjusted prevalence,Adults aged 18+,BRFSS age-adjusted prevalence,DIA01,CDC Chronic Disease Indicators,https://data.cdc.gov/d/hksd-2xuw
USA,AR,Arkansas,Southeast,34.74865012400045,-92.27449074,diabetes,Diabetes among adults,2022,2022,14.1,13.0,15.3,% age-adjusted prevalence,Adults aged 18+,BRFSS age-adjusted prevalence,DIA01,CDC Chronic Disease Indicators,https://data.cdc.gov/d/hksd-2xuw
USA,AR,Arkansas,Southeast,34.74865012400045,-92.27449074,diabetes,Diabetes among adults,2023,2023,13.1,12.0,14.3,% age-adjusted prevalence,Adults aged 18+,BRFSS age-adjusted prevalence,DIA01,CDC Chronic Disease Indicators,https://data.cdc.gov/d/hksd-2xuw
USA,AR,Arkansas,Southeast,34.74865012400045,-92.27449074,hypertension,High blood pressure among adults,2019,2019,38.2,36.5,40.0,% age-adjusted prevalence,Adults aged 18+,BRFSS age-adjusted prevalence,CVD01,CDC Chronic Disease Indicators,https://data.cdc.gov/d/hksd-2xuw
USA,AR,Arkansas,Southeast,34.74865012400045,-92.27449074,hypertension,High blood pressure among adults,2021,2021,37.6,35.8,39.4,% age-adjusted prevalence,Adults aged 18+,BRFSS age-adjusted prevalence,CVD01,CDC Chronic Disease Indicators,https://data.cdc.gov/d/hksd-2xuw
USA,AR,Arkansas,Southeast,34.74865012400045,-92.27449074,hypertension,High blood pressure among adults,2023,2023,39.3,37.6,41.0,% age-adjusted prevalence,Adults aged 18+,BRFSS age-adjusted prevalence,CVD01,CDC Chronic Disease Indicators,https://data.cdc.gov/d/hksd-2xuw
USA,AR,Arkansas,Southeast,34.74865012400045,-92.27449074,obesity,Obesity among adults,2019,2019,38.0,35.9,40.2,% age-adjusted prevalence,Adults aged 18+,BRFSS age-adjusted prevalence,NPW14,CDC Chronic Disease Indicators,https://data.cdc.gov/d/hksd-2xuw
USA,AR,Arkansas,Southeast,34.74865012400045,-92.27449074,obesity,Obesity among adults,2020,2020,37.2,35.1,39.3,% age-adjusted prevalence,Adults aged 18+,BRFSS age-adjusted prevalence,NPW14,CDC Chronic Disease Indicators,https://data.cdc.gov/d/hksd-2xuw
USA,AR,Arkansas,Southeast,34.74865012400045,-92.27449074,obesity,Obesity among adults,2021,2021,39.3,37.0,41.6,% age-adjusted prevalence,Adults aged 18+,BRFSS age-adjusted prevalence,NPW14,CDC Chronic Disease Indicators,https://data.cdc.gov/d/hksd-2xuw
USA,AR,Arkansas,Southeast,34.74865012400045,-92.27449074,obesity,Obesity among adults,2022,2022,37.9,35.9,39.9,% age-adjusted prevalence,Adults aged 18+,BRFSS age-adjusted prevalence,NPW14,CDC Chronic Disease Indicators,https://data.cdc.gov/d/hksd-2xuw
USA,AR,Arkansas,Southeast,34.74865012400045,-92.27449074,obesity,Obesity among adults,2023,2023,40.9,39.0,42.8,% age-adjusted prevalence,Adults aged 18+,BRFSS age-adjusted prevalence,NPW14,CDC Chronic Disease Indicators,https://data.cdc.gov/d/hksd-2xuw
USA,AZ,Arizona,Southwest,34.865970280000454,-111.7638113,asthma,Current asthma among adults,2019,2019,10.5,9.4,11.7,% age-adjusted prevalence,Adults aged 18+,BRFSS age-adjusted prevalence,AST02,CDC Chronic Disease Indicators,https://data.cdc.gov/d/hksd-2xuw
USA,AZ,Arizona,Southwest,34.865970280000454,-111.7638113,asthma,Current asthma among adults,2020,2020,10.2,9.4,11.1,% age-adjusted prevalence,Adults aged 18+,BRFSS age-adjusted prevalence,AST02,CDC Chronic Disease Indicators,https://data.cdc.gov/d/hksd-2xuw
USA,AZ,Arizona,Southwest,34.865970280000454,-111.7638113,asthma,Current asthma among adults,2021,2021,10.0,9.3,10.9,% age-adjusted prevalence,Adults aged 18+,BRFSS age-adjusted prevalence,AST02,CDC Chronic Disease Indicators,https://data.cdc.gov/d/hksd-2xuw
USA,AZ,Arizona,Southwest,34.865970280000454,-111.7638113,asthma,Current asthma among adults,2022,2022,9.8,8.8,10.8,% age-adjusted prevalence,Adults aged 18+,BRFSS age-adjusted prevalence,AST02,CDC Chronic Disease Indicators,https://data.cdc.gov/d/hksd-2xuw
USA,AZ,Arizona,Southwest,34.865970280000454,-111.7638113,asthma,Current asthma among adults,2023,2023,10.4,9.4,11.3,% age-adjusted prevalence,Adults aged 18+,BRFSS age-adjusted prevalence,AST02,CDC Chronic Disease Indicators,https://data.cdc.gov/d/hksd-2xuw
USA,AZ,Arizona,Southwest,34.865970280000454,-111.7638113,copd,COPD among adults,2019,2019,6.0,5.3,6.9,% age-adjusted prevalence,Adults aged 18+,BRFSS age-adjusted prevalence,COPD01,CDC Chronic Disease Indicators,https://data.cdc.gov/d/hksd-2xuw
USA,AZ,Arizona,Southwest,34.865970280000454,-111.7638113,copd,COPD among adults,2020,2020,5.4,4.8,6.0,% age-adjusted prevalence,Adults aged 18+,BRFSS age-adjusted prevalence,COPD01,CDC Chronic Disease Indicators,https://data.cdc.gov/d/hksd-2xuw
USA,AZ,Arizona,Southwest,34.865970280000454,-111.7638113,copd,COPD among adults,2021,2021,5.1,4.5,5.6,% age-adjusted prevalence,Adults aged 18+,BRFSS age-adjusted prevalence,COPD01,CDC Chronic Disease Indicators,https://data.cdc.gov/d/hksd-2xuw
USA,AZ,Arizona,Southwest,34.865970280000454,-111.7638113,copd,COPD among adults,2022,2022,5.9,5.3,6.7,% age-adjusted prevalence,Adults aged 18+,BRFSS age-adjusted prevalence,COPD01,CDC Chronic Disease Indicators,https://data.cdc.gov/d/hksd-2xuw
USA,AZ,Arizona,Southwest,34.865970280000454,-111.7638113,copd,COPD among adults,2023,2023,4.9,4.4,5.4,% age-adjusted prevalence,Adults aged 18+,BRFSS age-adjusted prevalence,COPD01,CDC Chronic Disease Indicators,https://data.cdc.gov/d/hksd-2xuw
USA,AZ,Arizona,Southwest,34.865970280000454,-111.7638113,depression,Depression among adults,2019,2019,17.2,15.8,18.7,% age-adjusted prevalence,Adults aged 18+,BRFSS age-adjusted prevalence,MEN02,CDC Chronic Disease Indicators,https://data.cdc.gov/d/hksd-2xuw
USA,AZ,Arizona,Southwest,34.865970280000454,-111.7638113,depression,Depression among adults,2020,2020,17.7,16.6,18.8,% age-adjusted prevalence,Adults aged 18+,BRFSS age-adjusted prevalence,MEN02,CDC Chronic Disease Indicators,https://data.cdc.gov/d/hksd-2xuw
USA,AZ,Arizona,Southwest,34.865970280000454,-111.7638113,depression,Depression among adults,2021,2021,17.8,16.7,18.9,% age-adjusted prevalence,Adults aged 18+,BRFSS age-adjusted prevalence,MEN02,CDC Chronic Disease Indicators,https://data.cdc.gov/d/hksd-2xuw
USA,AZ,Arizona,Southwest,34.865970280000454,-111.7638113,depression,Depression among adults,2022,2022,20.6,19.2,22.0,% age-adjusted prevalence,Adults aged 18+,BRFSS age-adjusted prevalence,MEN02,CDC Chronic Disease Indicators,https://data.cdc.gov/d/hksd-2xuw
USA,AZ,Arizona,Southwest,34.865970280000454,-111.7638113,depression,Depression among adults,2023,2023,18.6,17.5,19.8,% age-adjusted prevalence,Adults aged 18+,BRFSS age-adjusted prevalence,MEN02,CDC Chronic Disease Indicators,https://data.cdc.gov/d/hksd-2xuw
USA,AZ,Arizona,Southwest,34.865970280000454,-111.7638113,diabetes,Diabetes among adults,2019,2019,9.9,8.9,10.9,% age-adjusted prevalence,Adults aged 18+,BRFSS age-adjusted prevalence,DIA01,CDC Chronic Disease Indicators,https://data.cdc.gov/d/hksd-2xuw
USA,AZ,Arizona,Southwest,34.865970280000454,-111.7638113,diabetes,Diabetes among adults,2020,2020,9.9,9.1,10.7,% age-adjusted prevalence,Adults aged 18+,BRFSS age-adjusted prevalence,DIA01,CDC Chronic Disease Indicators,https://data.cdc.gov/d/hksd-2xuw
USA,AZ,Arizona,Southwest,34.865970280000454,-111.7638113,diabetes,Diabetes among adults,2021,2021,9.8,9.1,10.6,% age-adjusted prevalence,Adults aged 18+,BRFSS age-adjusted prevalence,DIA01,CDC Chronic Disease Indicators,https://data.cdc.gov/d/hksd-2xuw
USA,AZ,Arizona,Southwest,34.865970280000454,-111.7638113,diabetes,Diabetes among adults,2022,2022,11.4,10.4,12.4,% age-adjusted prevalence,Adults aged 18+,BRFSS age-adjusted prevalence,DIA01,CDC Chronic Disease Indicators,https://data.cdc.gov/d/hksd-2xuw
USA,AZ,Arizona,Southwest,34.865970280000454,-111.7638113,diabetes,Diabetes among adults,2023,2023,9.9,9.2,10.7,% age-adjusted prevalence,Adults aged 18+,BRFSS age-adjusted prevalence,DIA01,CDC Chronic Disease Indicators,https://data.cdc.gov/d/hksd-2xuw
USA,AZ,Arizona,Southwest,34.865970280000454,-111.7638113,hypertension,High blood pressure among adults,2019,2019,29.9,28.4,31.5,% age-adjusted prevalence,Adults aged 18+,BRFSS age-adjusted prevalence,CVD01,CDC Chronic Disease Indicators,https://data.cdc.gov/d/hksd-2xuw
USA,AZ,Arizona,Southwest,34.865970280000454,-111.7638113,hypertension,High blood pressure among adults,2021,2021,28.0,26.9,29.1,% age-adjusted prevalence,Adults aged 18+,BRFSS age-adjusted prevalence,CVD01,CDC Chronic Disease Indicators,https://data.cdc.gov/d/hksd-2xuw
USA,AZ,Arizona,Southwest,34.865970280000454,-111.7638113,hypertension,High blood pressure among adults,2023,2023,30.0,28.8,31.2,% age-adjusted prevalence,Adults aged 18+,BRFSS age-adjusted prevalence,CVD01,CDC Chronic Disease Indicators,https://data.cdc.gov/d/hksd-2xuw
USA,AZ,Arizona,Southwest,34.865970280000454,-111.7638113,obesity,Obesity among adults,2019,2019,31.9,30.1,33.8,% age-adjusted prevalence,Adults aged 18+,BRFSS age-adjusted prevalence,NPW14,CDC Chronic Disease Indicators,https://data.cdc.gov/d/hksd-2xuw
USA,AZ,Arizona,Southwest,34.865970280000454,-111.7638113,obesity,Obesity among adults,2020,2020,31.5,30.1,33.0,% age-adjusted prevalence,Adults aged 18+,BRFSS age-adjusted prevalence,NPW14,CDC Chronic Disease Indicators,https://data.cdc.gov/d/hksd-2xuw
USA,AZ,Arizona,Southwest,34.865970280000454,-111.7638113,obesity,Obesity among adults,2021,2021,31.8,30.4,33.2,% age-adjusted prevalence,Adults aged 18+,BRFSS age-adjusted prevalence,NPW14,CDC Chronic Disease Indicators,https://data.cdc.gov/d/hksd-2xuw
USA,AZ,Arizona,Southwest,34.865970280000454,-111.7638113,obesity,Obesity among adults,2022,2022,33.5,31.8,35.3,% age-adjusted prevalence,Adults aged 18+,BRFSS age-adjusted prevalence,NPW14,CDC Chronic Disease Indicators,https://data.cdc.gov/d/hksd-2xuw
USA,AZ,Arizona,Southwest,34.865970280000454,-111.7638113,obesity,Obesity among adults,2023,2023,32.6,31.1,34.1,% age-adjusted prevalence,Adults aged 18+,BRFSS age-adjusted prevalence,NPW14,CDC Chronic Disease Indicators,https://data.cdc.gov/d/hksd-2xuw
USA,CA,California,Far West,37.63864012300047,-120.9999995,asthma,Current asthma among adults,2019,2019,8.3,7.7,9.0,% age-adjusted prevalence,Adults aged 18+,BRFSS age-adjusted prevalence,AST02,CDC Chronic Disease Indicators,https://data.cdc.gov/d/hksd-2xuw
USA,CA,California,Far West,37.63864012300047,-120.9999995,asthma,Current asthma among adults,2020,2020,9.9,8.8,11.2,% age-adjusted prevalence,Adults aged 18+,BRFSS age-adjusted prevalence,AST02,CDC Chronic Disease Indicators,https://data.cdc.gov/d/hksd-2xuw
USA,CA,California,Far West,37.63864012300047,-120.9999995,asthma,Current asthma among adults,2021,2021,9.4,8.5,10.4,% age-adjusted prevalence,Adults aged 18+,BRFSS age-adjusted prevalence,AST02,CDC Chronic Disease Indicators,https://data.cdc.gov/d/hksd-2xuw
USA,CA,California,Far West,37.63864012300047,-120.9999995,asthma,Current asthma among adults,2022,2022,8.7,7.9,9.5,% age-adjusted prevalence,Adults aged 18+,BRFSS age-adjusted prevalence,AST02,CDC Chronic Disease Indicators,https://data.cdc.gov/d/hksd-2xuw
USA,CA,California,Far West,37.63864012300047,-120.9999995,asthma,Current asthma among adults,2023,2023,8.8,8.0,9.6,% age-adjusted prevalence,Adults aged 18+,BRFSS age-adjusted prevalence,AST02,CDC Chronic Disease Indicators,https://data.cdc.gov/d/hksd-2xuw
USA,CA,California,Far West,37.63864012300047,-120.9999995,copd,COPD among adults,2019,2019,4.2,3.8,4.7,% age-adjusted prevalence,Adults aged 18+,BRFSS age-adjusted prevalence,COPD01,CDC Chronic Disease Indicators,https://data.cdc.gov/d/hksd-2xuw
USA,CA,California,Far West,37.63864012300047,-120.9999995,copd,COPD among adults,2020,2020,5.1,4.3,6.0,% age-adjusted prevalence,Adults aged 18+,BRFSS age-adjusted prevalence,COPD01,CDC Chronic Disease Indicators,https://data.cdc.gov/d/hksd-2xuw
USA,CA,California,Far West,37.63864012300047,-120.9999995,copd,COPD among adults,2021,2021,4.4,3.8,5.0,% age-adjusted prevalence,Adults aged 18+,BRFSS age-adjusted prevalence,COPD01,CDC Chronic Disease Indicators,https://data.cdc.gov/d/hksd-2xuw
USA,CA,California,Far West,37.63864012300047,-120.9999995,copd,COPD among adults,2022,2022,4.4,3.9,4.9,% age-adjusted prevalence,Adults aged 18+,BRFSS age-adjusted prevalence,COPD01,CDC Chronic Disease Indicators,https://data.cdc.gov/d/hksd-2xuw
USA,CA,California,Far West,37.63864012300047,-120.9999995,copd,COPD among adults,2023,2023,3.9,3.5,4.4,% age-adjusted prevalence,Adults aged 18+,BRFSS age-adjusted prevalence,COPD01,CDC Chronic Disease Indicators,https://data.cdc.gov/d/hksd-2xuw
USA,CA,California,Far West,37.63864012300047,-120.9999995,depression,Depression among adults,2019,2019,14.6,13.8,15.5,% age-adjusted prevalence,Adults aged 18+,BRFSS age-adjusted prevalence,MEN02,CDC Chronic Disease Indicators,https://data.cdc.gov/d/hksd-2xuw
USA,CA,California,Far West,37.63864012300047,-120.9999995,depression,Depression among adults,2020,2020,14.1,12.8,15.4,% age-adjusted prevalence,Adults aged 18+,BRFSS age-adjusted prevalence,MEN02,CDC Chronic Disease Indicators,https://data.cdc.gov/d/hksd-2xuw
USA,CA,California,Far West,37.63864012300047,-120.9999995,depression,Depression among adults,2021,2021,15.3,14.2,16.5,% age-adjusted prevalence,Adults aged 18+,BRFSS age-adjusted prevalence,MEN02,CDC Chronic Disease Indicators,https://data.cdc.gov/d/hksd-2xuw
USA,CA,California,Far West,37.63864012300047,-120.9999995,depression,Depression among adults,2022,2022,18.2,17.1,19.2,% age-adjusted prevalence,Adults aged 18+,BRFSS age-adjusted prevalence,MEN02,CDC Chronic Disease Indicators,https://data.cdc.gov/d/hksd-2xuw
USA,CA,California,Far West,37.63864012300047,-120.9999995,depression,Depression among adults,2023,2023,17.0,16.1,18.0,% age-adjusted prevalence,Adults aged 18+,BRFSS age-adjusted prevalence,MEN02,CDC Chronic Disease Indicators,https://data.cdc.gov/d/hksd-2xuw
USA,CA,California,Far West,37.63864012300047,-120.9999995,diabetes,Diabetes among adults,2019,2019,9.5,8.9,10.2,% age-adjusted prevalence,Adults aged 18+,BRFSS age-adjusted prevalence,DIA01,CDC Chronic Disease Indicators,https://data.cdc.gov/d/hksd-2xuw
USA,CA,California,Far West,37.63864012300047,-120.9999995,diabetes,Diabetes among adults,2020,2020,9.3,8.3,10.5,% age-adjusted prevalence,Adults aged 18+,BRFSS age-adjusted prevalence,DIA01,CDC Chronic Disease Indicators,https://data.cdc.gov/d/hksd-2xuw
USA,CA,California,Far West,37.63864012300047,-120.9999995,diabetes,Diabetes among adults,2021,2021,10.9,10.0,12.0,% age-adjusted prevalence,Adults aged 18+,BRFSS age-adjusted prevalence,DIA01,CDC Chronic Disease Indicators,https://data.cdc.gov/d/hksd-2xuw
USA,CA,California,Far West,37.63864012300047,-120.9999995,diabetes,Diabetes among adults,2022,2022,10.7,9.8,11.6,% age-adjusted prevalence,Adults aged 18+,BRFSS age-adjusted prevalence,DIA01,CDC Chronic Disease Indicators,https://data.cdc.gov/d/hksd-2xuw
USA,CA,California,Far West,37.63864012300047,-120.9999995,diabetes,Diabetes among adults,2023,2023,10.6,9.8,11.4,% age-adjusted prevalence,Adults aged 18+,BRFSS age-adjusted prevalence,DIA01,CDC Chronic Disease Indicators,https://data.cdc.gov/d/hksd-2xuw
USA,CA,California,Far West,37.63864012300047,-120.9999995,hypertension,High blood pressure among adults,2019,2019,26.6,25.7,27.6,% age-adjusted prevalence,Adults aged 18+,BRFSS age-adjusted prevalence,CVD01,CDC Chronic Disease Indicators,https://data.cdc.gov/d/hksd-2xuw
USA,CA,California,Far West,37.63864012300047,-120.9999995,hypertension,High blood pressure among adults,2021,2021,26.3,25.0,27.6,% age-adjusted prevalence,Adults aged 18+,BRFSS age-adjusted prevalence,CVD01,CDC Chronic Disease Indicators,https://data.cdc.gov/d/hksd-2xuw
USA,CA,California,Far West,37.63864012300047,-120.9999995,hypertension,High blood pressure among adults,2023,2023,28.9,27.8,30.1,% age-adjusted prevalence,Adults aged 18+,BRFSS age-adjusted prevalence,CVD01,CDC Chronic Disease Indicators,https://data.cdc.gov/d/hksd-2xuw
USA,CA,California,Far West,37.63864012300047,-120.9999995,obesity,Obesity among adults,2019,2019,26.2,25.2,27.3,% age-adjusted prevalence,Adults aged 18+,BRFSS age-adjusted prevalence,NPW14,CDC Chronic Disease Indicators,https://data.cdc.gov/d/hksd-2xuw
USA,CA,California,Far West,37.63864012300047,-120.9999995,obesity,Obesity among adults,2020,2020,30.2,28.2,32.2,% age-adjusted prevalence,Adults aged 18+,BRFSS age-adjusted prevalence,NPW14,CDC Chronic Disease Indicators,https://data.cdc.gov/d/hksd-2xuw
USA,CA,California,Far West,37.63864012300047,-120.9999995,obesity,Obesity among adults,2021,2021,27.8,26.4,29.4,% age-adjusted prevalence,Adults aged 18+,BRFSS age-adjusted prevalence,NPW14,CDC Chronic Disease Indicators,https://data.cdc.gov/d/hksd-2xuw
USA,CA,California,Far West,37.63864012300047,-120.9999995,obesity,Obesity among adults,2022,2022,28.3,26.9,29.7,% age-adjusted prevalence,Adults aged 18+,BRFSS age-adjusted prevalence,NPW14,CDC Chronic Disease Indicators,https://data.cdc.gov/d/hksd-2xuw
USA,CA,California,Far West,37.63864012300047,-120.9999995,obesity,Obesity among adults,2023,2023,27.9,26.6,29.2,% age-adjusted prevalence,Adults aged 18+,BRFSS age-adjusted prevalence,NPW14,CDC Chronic Disease Indicators,https://data.cdc.gov/d/hksd-2xuw
USA,CO,Colorado,Rocky Mountain,38.843840757000464,-106.1336109,asthma,Current asthma among adults,2019,2019,10.7,10.0,11.6,% age-adjusted prevalence,Adults aged 18+,BRFSS age-adjusted prevalence,AST02,CDC Chronic Disease Indicators,https://data.cdc.gov/d/hksd-2xuw
USA,CO,Colorado,Rocky Mountain,38.843840757000464,-106.1336109,asthma,Current asthma among adults,2020,2020,10.5,9.7,11.2,% age-adjusted prevalence,Adults aged 18+,BRFSS age-adjusted prevalence,AST02,CDC Chronic Disease Indicators,https://data.cdc.gov/d/hksd-2xuw
USA,CO,Colorado,Rocky Mountain,38.843840757000464,-106.1336109,asthma,Current asthma among adults,2021,2021,11.2,10.5,12.0,% age-adjusted prevalence,Adults aged 18+,BRFSS age-adjusted prevalence,AST02,CDC Chronic Disease Indicators,https://data.cdc.gov/d/hksd-2xuw
USA,CO,Colorado,Rocky Mountain,38.843840757000464,-106.1336109,asthma,Current asthma among adults,2022,2022,10.9,10.1,11.8,% age-adjusted prevalence,Adults aged 18+,BRFSS age-adjusted prevalence,AST02,CDC Chronic Disease Indicators,https://data.cdc.gov/d/hksd-2xuw
USA,CO,Colorado,Rocky Mountain,38.843840757000464,-106.1336109,asthma,Current asthma among adults,2023,2023,11.4,10.5,12.3,% age-adjusted prevalence,Adults aged 18+,BRFSS age-adjusted prevalence,AST02,CDC Chronic Disease Indicators,https://data.cdc.gov/d/hksd-2xuw
USA,CO,Colorado,Rocky Mountain,38.843840757000464,-106.1336109,copd,COPD among adults,2019,2019,4.3,3.8,4.7,% age-adjusted prevalence,Adults aged 18+,BRFSS age-adjusted prevalence,COPD01,CDC Chronic Disease Indicators,https://data.cdc.gov/d/hksd-2xuw
USA,CO,Colorado,Rocky Mountain,38.843840757000464,-106.1336109,copd,COPD among adults,2020,2020,4.3,3.9,4.7,% age-adjusted prevalence,Adults aged 18+,BRFSS age-adjusted prevalence,COPD01,CDC Chronic Disease Indicators,https://data.cdc.gov/d/hksd-2xuw
USA,CO,Colorado,Rocky Mountain,38.843840757000464,-106.1336109,copd,COPD among adults,2021,2021,4.8,4.3,5.3,% age-adjusted prevalence,Adults aged 18+,BRFSS age-adjusted prevalence,COPD01,CDC Chronic Disease Indicators,https://data.cdc.gov/d/hksd-2xuw
USA,CO,Colorado,Rocky Mountain,38.843840757000464,-106.1336109,copd,COPD among adults,2022,2022,4.9,4.4,5.5,% age-adjusted prevalence,Adults aged 18+,BRFSS age-adjusted prevalence,COPD01,CDC Chronic Disease Indicators,https://data.cdc.gov/d/hksd-2xuw
USA,CO,Colorado,Rocky Mountain,38.843840757000464,-106.1336109,copd,COPD among adults,2023,2023,4.3,3.8,4.8,% age-adjusted prevalence,Adults aged 18+,BRFSS age-adjusted prevalence,COPD01,CDC Chronic Disease Indicators,https://data.cdc.gov/d/hksd-2xuw
USA,CO,Colorado,Rocky Mountain,38.843840757000464,-106.1336109,depression,Depression among adults,2019,2019,17.2,16.2,18.2,% age-adjusted prevalence,Adults aged 18+,BRFSS age-adjusted prevalence,MEN02,CDC Chronic Disease Indicators,https://data.cdc.gov/d/hksd-2xuw
USA,CO,Colorado,Rocky Mountain,38.843840757000464,-106.1336109,depression,Depression among adults,2020,2020,18.6,17.7,19.6,% age-adjusted prevalence,Adults aged 18+,BRFSS age-adjusted prevalence,MEN02,CDC Chronic Disease Indicators,https://data.cdc.gov/d/hksd-2xuw
USA,CO,Colorado,Rocky Mountain,38.843840757000464,-106.1336109,depression,Depression among adults,2021,2021,20.7,19.8,21.7,% age-adjusted prevalence,Adults aged 18+,BRFSS age-adjusted prevalence,MEN02,CDC Chronic Disease Indicators,https://data.cdc.gov/d/hksd-2xuw
USA,CO,Colorado,Rocky Mountain,38.843840757000464,-106.1336109,depression,Depression among adults,2022,2022,21.8,20.7,22.8,% age-adjusted prevalence,Adults aged 18+,BRFSS age-adjusted prevalence,MEN02,CDC Chronic Disease Indicators,https://data.cdc.gov/d/hksd-2xuw
USA,CO,Colorado,Rocky Mountain,38.843840757000464,-106.1336109,depression,Depression among adults,2023,2023,21.9,20.8,23.0,% age-adjusted prevalence,Adults aged 18+,BRFSS age-adjusted prevalence,MEN02,CDC Chronic Disease Indicators,https://data.cdc.gov/d/hksd-2xuw
USA,CO,Colorado,Rocky Mountain,38.843840757000464,-106.1336109,diabetes,Diabetes among adults,2019,2019,6.6,6.1,7.2,% age-adjusted prevalence,Adults aged 18+,BRFSS age-adjusted prevalence,DIA01,CDC Chronic Disease Indicators,https://data.cdc.gov/d/hksd-2xuw
USA,CO,Colorado,Rocky Mountain,38.843840757000464,-106.1336109,diabetes,Diabetes among adults,2020,2020,7.1,6.6,7.6,% age-adjusted prevalence,Adults aged 18+,BRFSS age-adjusted prevalence,DIA01,CDC Chronic Disease Indicators,https://data.cdc.gov/d/hksd-2xuw
USA,CO,Colorado,Rocky Mountain,38.843840757000464,-106.1336109,diabetes,Diabetes among adults,2021,2021,6.5,6.0,7.1,% age-adjusted prevalence,Adults aged 18+,BRFSS age-adjusted prevalence,DIA01,CDC Chronic Disease Indicators,https://data.cdc.gov/d/hksd-2xuw
USA,CO,Colorado,Rocky Mountain,38.843840757000464,-106.1336109,diabetes,Diabetes among adults,2022,2022,7.6,6.9,8.3,% age-adjusted prevalence,Adults aged 18+,BRFSS age-adjusted prevalence,DIA01,CDC Chronic Disease Indicators,https://data.cdc.gov/d/hksd-2xuw
USA,CO,Colorado,Rocky Mountain,38.843840757000464,-106.1336109,diabetes,Diabetes among adults,2023,2023,8.0,7.3,8.7,% age-adjusted prevalence,Adults aged 18+,BRFSS age-adjusted prevalence,DIA01,CDC Chronic Disease Indicators,https://data.cdc.gov/d/hksd-2xuw
USA,CO,Colorado,Rocky Mountain,38.843840757000464,-106.1336109,hypertension,High blood pressure among adults,2019,2019,24.6,23.6,25.5,% age-adjusted prevalence,Adults aged 18+,BRFSS age-adjusted prevalence,CVD01,CDC Chronic Disease Indicators,https://data.cdc.gov/d/hksd-2xuw
USA,CO,Colorado,Rocky Mountain,38.843840757000464,-106.1336109,hypertension,High blood pressure among adults,2021,2021,24.7,23.8,25.6,% age-adjusted prevalence,Adults aged 18+,BRFSS age-adjusted prevalence,CVD01,CDC Chronic Disease Indicators,https://data.cdc.gov/d/hksd-2xuw
USA,CO,Colorado,Rocky Mountain,38.843840757000464,-106.1336109,hypertension,High blood pressure among adults,2023,2023,25.8,24.7,26.8,% age-adjusted prevalence,Adults aged 18+,BRFSS age-adjusted prevalence,CVD01,CDC Chronic Disease Indicators,https://data.cdc.gov/d/hksd-2xuw
USA,CO,Colorado,Rocky Mountain,38.843840757000464,-106.1336109,obesity,Obesity among adults,2019,2019,23.6,22.5,24.7,% age-adjusted prevalence,Adults aged 18+,BRFSS age-adjusted prevalence,NPW14,CDC Chronic Disease Indicators,https://data.cdc.gov/d/hksd-2xuw
USA,CO,Colorado,Rocky Mountain,38.843840757000464,-106.1336109,obesity,Obesity among adults,2020,2020,24.2,23.1,25.2,% age-adjusted prevalence,Adults aged 18+,BRFSS age-adjusted prevalence,NPW14,CDC Chronic Disease Indicators,https://data.cdc.gov/d/hksd-2xuw
USA,CO,Colorado,Rocky Mountain,38.843840757000464,-106.1336109,obesity,Obesity among adults,2021,2021,25.1,24.0,26.2,% age-adjusted prevalence,Adults aged 18+,BRFSS age-adjusted prevalence,NPW14,CDC Chronic Disease Indicators,https://data.cdc.gov/d/hksd-2xuw
USA,CO,Colorado,Rocky Mountain,38.843840757000464,-106.1336109,obesity,Obesity among adults,2022,2022,25.0,23.8,26.1,% age-adjusted prevalence,Adults aged 18+,BRFSS age-adjusted prevalence,NPW14,CDC Chronic Disease Indicators,https://data.cdc.gov/d/hksd-2xuw
USA,CO,Colorado,Rocky Mountain,38.843840757000464,-106.1336109,obesity,Obesity among adults,2023,2023,24.7,23.5,25.9,% age-adjusted prevalence,Adults aged 18+,BRFSS age-adjusted prevalence,NPW14,CDC Chronic Disease Indicators,https://data.cdc.gov/d/hksd-2xuw
USA,CT,Connecticut,New England,41.56266102000046,-72.64984095,asthma,Current asthma among adults,2019,2019,11.4,10.4,12.5,% age-adjusted prevalence,Adults aged 18+,BRFSS age-adjusted prevalence,AST02,CDC Chronic Disease Indicators,https://data.cdc.gov/d/hksd-2xuw
USA,CT,Connecticut,New England,41.56266102000046,-72.64984095,asthma,Current asthma among adults,2020,2020,11.7,10.6,12.9,% age-adjusted prevalence,Adults aged 18+,BRFSS age-adjusted prevalence,AST02,CDC Chronic Disease Indicators,https://data.cdc.gov/d/hksd-2xuw
USA,CT,Connecticut,New England,41.56266102000046,-72.64984095,asthma,Current asthma among adults,2021,2021,11.4,10.4,12.4,% age-adjusted prevalence,Adults aged 18+,BRFSS age-adjusted prevalence,AST02,CDC Chronic Disease Indicators,https://data.cdc.gov/d/hksd-2xuw
USA,CT,Connecticut,New England,41.56266102000046,-72.64984095,asthma,Current asthma among adults,2022,2022,12.5,11.5,13.6,% age-adjusted prevalence,Adults aged 18+,BRFSS age-adjusted prevalence,AST02,CDC Chronic Disease Indicators,https://data.cdc.gov/d/hksd-2xuw
USA,CT,Connecticut,New England,41.56266102000046,-72.64984095,asthma,Current asthma among adults,2023,2023,11.0,10.0,12.1,% age-adjusted prevalence,Adults aged 18+,BRFSS age-adjusted prevalence,AST02,CDC Chronic Disease Indicators,https://data.cdc.gov/d/hksd-2xuw
USA,CT,Connecticut,New England,41.56266102000046,-72.64984095,copd,COPD among adults,2019,2019,4.6,4.1,5.2,% age-adjusted prevalence,Adults aged 18+,BRFSS age-adjusted prevalence,COPD01,CDC Chronic Disease Indicators,https://data.cdc.gov/d/hksd-2xuw
USA,CT,Connecticut,New England,41.56266102000046,-72.64984095,copd,COPD among adults,2020,2020,4.6,4.0,5.2,% age-adjusted prevalence,Adults aged 18+,BRFSS age-adjusted prevalence,COPD01,CDC Chronic Disease Indicators,https://data.cdc.gov/d/hksd-2xuw
USA,CT,Connecticut,New England,41.56266102000046,-72.64984095,copd,COPD among adults,2021,2021,4.5,4.0,5.1,% age-adjusted prevalence,Adults aged 18+,BRFSS age-adjusted prevalence,COPD01,CDC Chronic Disease Indicators,https://data.cdc.gov/d/hksd-2xuw
USA,CT,Connecticut,New England,41.56266102000046,-72.64984095,copd,COPD among adults,2022,2022,5.0,4.4,5.7,% age-adjusted prevalence,Adults aged 18+,BRFSS age-adjusted prevalence,COPD01,CDC Chronic Disease Indicators,https://data.cdc.gov/d/hksd-2xuw
USA,CT,Connecticut,New England,41.56266102000046,-72.64984095,copd,COPD among adults,2023,2023,4.2,3.6,4.9,% age-adjusted prevalence,Adults aged 18+,BRFSS age-adjusted prevalence,COPD01,CDC Chronic Disease Indicators,https://data.cdc.gov/d/hksd-2xuw
USA,CT,Connecticut,New England,41.56266102000046,-72.64984095,depression,Depression among adults,2019,2019,14.4,13.4,15.5,% age-adjusted prevalence,Adults aged 18+,BRFSS age-adjusted prevalence,MEN02,CDC Chronic Disease Indicators,https://data.cdc.gov/d/hksd-2xuw
USA,CT,Connecticut,New England,41.56266102000046,-72.64984095,depression,Depression among adults,2020,2020,18.4,17.0,19.8,% age-adjusted prevalence,Adults aged 18+,BRFSS age-adjusted prevalence,MEN02,CDC Chronic Disease Indicators,https://data.cdc.gov/d/hksd-2xuw
USA,CT,Connecticut,New England,41.56266102000046,-72.64984095,depression,Depression among adults,2021,2021,18.6,17.4,19.8,% age-adjusted prevalence,Adults aged 18+,BRFSS age-adjusted prevalence,MEN02,CDC Chronic Disease Indicators,https://data.cdc.gov/d/hksd-2xuw
USA,CT,Connecticut,New England,41.56266102000046,-72.64984095,depression,Depression among adults,2022,2022,20.0,18.7,21.3,% age-adjusted prevalence,Adults aged 18+,BRFSS age-adjusted prevalence,MEN02,CDC Chronic Disease Indicators,https://data.cdc.gov/d/hksd-2xuw
USA,CT,Connecticut,New England,41.56266102000046,-72.64984095,depression,Depression among adults,2023,2023,19.4,18.1,20.8,% age-adjusted prevalence,Adults aged 18+,BRFSS age-adjusted prevalence,MEN02,CDC Chronic Disease Indicators,https://data.cdc.gov/d/hksd-2xuw
USA,CT,Connecticut,New England,41.56266102000046,-72.64984095,diabetes,Diabetes among adults,2019,2019,8.3,7.6,9.0,% age-adjusted prevalence,Adults aged 18+,BRFSS age-adjusted prevalence,DIA01,CDC Chronic Disease Indicators,https://data.cdc.gov/d/hksd-2xuw
USA,CT,Connecticut,New England,41.56266102000046,-72.64984095,diabetes,Diabetes among adults,2020,2020,8.3,7.5,9.1,% age-adjusted prevalence,Adults aged 18+,BRFSS age-adjusted prevalence,DIA01,CDC Chronic Disease Indicators,https://data.cdc.gov/d/hksd-2xuw
USA,CT,Connecticut,New England,41.56266102000046,-72.64984095,diabetes,Diabetes among adults,2021,2021,9.4,8.6,10.2,% age-adjusted prevalence,Adults aged 18+,BRFSS age-adjusted prevalence,DIA01,CDC Chronic Disease Indicators,https://data.cdc.gov/d/hksd-2xuw
USA,CT,Connecticut,New England,41.56266102000046,-72.64984095,diabetes,Diabetes among adults,2022,2022,9.2,8.4,10.1,% age-adjusted prevalence,Adults aged 18+,BRFSS age-adjusted prevalence,DIA01,CDC Chronic Disease Indicators,https://data.cdc.gov/d/hksd-2xuw
USA,CT,Connecticut,New England,41.56266102000046,-72.64984095,diabetes,Diabetes among adults,2023,2023,8.4,7.6,9.3,% age-adjusted prevalence,Adults aged 18+,BRFSS age-adjusted prevalence,DIA01,CDC Chronic Disease Indicators,https://data.cdc.gov/d/hksd-2xuw
USA,CT,Connecticut,New England,41.56266102000046,-72.64984095,hypertension,High blood pressure among adults,2019,2019,27.6,26.5,28.8,% age-adjusted prevalence,Adults aged 18+,BRFSS age-adjusted prevalence,CVD01,CDC Chronic Disease Indicators,https://data.cdc.gov/d/hksd-2xuw
USA,CT,Connecticut,New England,41.56266102000046,-72.64984095,hypertension,High blood pressure among adults,2021,2021,28.2,26.9,29.4,% age-adjusted prevalence,Adults aged 18+,BRFSS age-adjusted prevalence,CVD01,CDC Chronic Disease Indicators,https://data.cdc.gov/d/hksd-2xuw
USA,CT,Connecticut,New England,41.56266102000046,-72.64984095,hypertension,High blood pressure among adults,2023,2023,28.5,27.2,29.9,% age-adjusted prevalence,Adults aged 18+,BRFSS age-adjusted prevalence,CVD01,CDC Chronic Disease Indicators,https://data.cdc.gov/d/hksd-2xuw
USA,CT,Connecticut,New England,41.56266102000046,-72.64984095,obesity,Obesity among adults,2019,2019,29.1,27.6,30.6,% age-adjusted prevalence,Adults aged 18+,BRFSS age-adjusted prevalence,NPW14,CDC Chronic Disease Indicators,https://data.cdc.gov/d/hksd-2xuw
USA,CT,Connecticut,New England,41.56266102000046,-72.64984095,obesity,Obesity among adults,2020,2020,29.5,27.8,31.1,% age-adjusted prevalence,Adults aged 18+,BRFSS age-adjusted prevalence,NPW14,CDC Chronic Disease Indicators,https://data.cdc.gov/d/hksd-2xuw
USA,CT,Connecticut,New England,41.56266102000046,-72.64984095,obesity,Obesity among adults,2021,2021,30.6,29.0,32.2,% age-adjusted prevalence,Adults aged 18+,BRFSS age-adjusted prevalence,NPW14,CDC Chronic Disease Indicators,https://data.cdc.gov/d/hksd-2xuw
USA,CT,Connecticut,New England,41.56266102000046,-72.64984095,obesity,Obesity among adults,2022,2022,30.7,29.1,32.3,% age-adjusted prevalence,Adults aged 18+,BRFSS age-adjusted prevalence,NPW14,CDC Chronic Disease Indicators,https://data.cdc.gov/d/hksd-2xuw
USA,CT,Connecticut,New England,41.56266102000046,-72.64984095,obesity,Obesity among adults,2023,2023,29.6,28.0,31.2,% age-adjusted prevalence,Adults aged 18+,BRFSS age-adjusted prevalence,NPW14,CDC Chronic Disease Indicators,https://data.cdc.gov/d/hksd-2xuw
USA,DC,District of Columbia,Mideast,38.907192,-77.036871,asthma,Current asthma among adults,2019,2019,12.1,10.6,13.8,% age-adjusted prevalence,Adults aged 18+,BRFSS age-adjusted prevalence,AST02,CDC Chronic Disease Indicators,https://data.cdc.gov/d/hksd-2xuw
USA,DC,District of Columbia,Mideast,38.907192,-77.036871,asthma,Current asthma among adults,2020,2020,11.6,10.2,13.1,% age-adjusted prevalence,Adults aged 18+,BRFSS age-adjusted prevalence,AST02,CDC Chronic Disease Indicators,https://data.cdc.gov/d/hksd-2xuw
USA,DC,District of Columbia,Mideast,38.907192,-77.036871,asthma,Current asthma among adults,2021,2021,12.7,11.0,14.5,% age-adjusted prevalence,Adults aged 18+,BRFSS age-adjusted prevalence,AST02,CDC Chronic Disease Indicators,https://data.cdc.gov/d/hksd-2xuw
USA,DC,District of Columbia,Mideast,38.907192,-77.036871,asthma,Current asthma among adults,2022,2022,11.0,9.6,12.5,% age-adjusted prevalence,Adults aged 18+,BRFSS age-adjusted prevalence,AST02,CDC Chronic Disease Indicators,https://data.cdc.gov/d/hksd-2xuw
USA,DC,District of Columbia,Mideast,38.907192,-77.036871,asthma,Current asthma among adults,2023,2023,10.7,9.1,12.5,% age-adjusted prevalence,Adults aged 18+,BRFSS age-adjusted prevalence,AST02,CDC Chronic Disease Indicators,https://data.cdc.gov/d/hksd-2xuw
USA,DC,District of Columbia,Mideast,38.907192,-77.036871,copd,COPD among adults,2019,2019,4.9,4.1,6.0,% age-adjusted prevalence,Adults aged 18+,BRFSS age-adjusted prevalence,COPD01,CDC Chronic Disease Indicators,https://data.cdc.gov/d/hksd-2xuw
USA,DC,District of Columbia,Mideast,38.907192,-77.036871,copd,COPD among adults,2020,2020,4.6,3.7,5.6,% age-adjusted prevalence,Adults aged 18+,BRFSS age-adjusted prevalence,COPD01,CDC Chronic Disease Indicators,https://data.cdc.gov/d/hksd-2xuw
USA,DC,District of Columbia,Mideast,38.907192,-77.036871,copd,COPD among adults,2021,2021,4.8,4.0,5.7,% age-adjusted prevalence,Adults aged 18+,BRFSS age-adjusted prevalence,COPD01,CDC Chronic Disease Indicators,https://data.cdc.gov/d/hksd-2xuw
USA,DC,District of Columbia,Mideast,38.907192,-77.036871,copd,COPD among adults,2022,2022,4.1,3.4,4.9,% age-adjusted prevalence,Adults aged 18+,BRFSS age-adjusted prevalence,COPD01,CDC Chronic Disease Indicators,https://data.cdc.gov/d/hksd-2xuw
USA,DC,District of Columbia,Mideast,38.907192,-77.036871,copd,COPD among adults,2023,2023,4.2,3.3,5.4,% age-adjusted prevalence,Adults aged 18+,BRFSS age-adjusted prevalence,COPD01,CDC Chronic Disease Indicators,https://data.cdc.gov/d/hksd-2xuw
USA,DC,District of Columbia,Mideast,38.907192,-77.036871,depression,Depression among adults,2019,2019,19.8,17.9,21.8,% age-adjusted prevalence,Adults aged 18+,BRFSS age-adjusted prevalence,MEN02,CDC Chronic Disease Indicators,https://data.cdc.gov/d/hksd-2xuw
USA,DC,District of Columbia,Mideast,38.907192,-77.036871,depression,Depression among adults,2020,2020,19.9,18.1,21.8,% age-adjusted prevalence,Adults aged 18+,BRFSS age-adjusted prevalence,MEN02,CDC Chronic Disease Indicators,https://data.cdc.gov/d/hksd-2xuw
USA,DC,District of Columbia,Mideast,38.907192,-77.036871,depression,Depression among adults,2021,2021,20.4,18.5,22.5,% age-adjusted prevalence,Adults aged 18+,BRFSS age-adjusted prevalence,MEN02,CDC Chronic Disease Indicators,https://data.cdc.gov/d/hksd-2xuw
USA,DC,District of Columbia,Mideast,38.907192,-77.036871,depression,Depression among adults,2022,2022,19.3,17.6,21.2,% age-adjusted prevalence,Adults aged 18+,BRFSS age-adjusted prevalence,MEN02,CDC Chronic Disease Indicators,https://data.cdc.gov/d/hksd-2xuw
USA,DC,District of Columbia,Mideast,38.907192,-77.036871,depression,Depression among adults,2023,2023,20.8,18.8,23.0,% age-adjusted prevalence,Adults aged 18+,BRFSS age-adjusted prevalence,MEN02,CDC Chronic Disease Indicators,https://data.cdc.gov/d/hksd-2xuw
USA,DC,District of Columbia,Mideast,38.907192,-77.036871,diabetes,Diabetes among adults,2019,2019,9.5,8.4,10.7,% age-adjusted prevalence,Adults aged 18+,BRFSS age-adjusted prevalence,DIA01,CDC Chronic Disease Indicators,https://data.cdc.gov/d/hksd-2xuw
USA,DC,District of Columbia,Mideast,38.907192,-77.036871,diabetes,Diabetes among adults,2020,2020,8.4,7.3,9.6,% age-adjusted prevalence,Adults aged 18+,BRFSS age-adjusted prevalence,DIA01,CDC Chronic Disease Indicators,https://data.cdc.gov/d/hksd-2xuw
USA,DC,District of Columbia,Mideast,38.907192,-77.036871,diabetes,Diabetes among adults,2021,2021,8.4,7.3,9.6,% age-adjusted prevalence,Adults aged 18+,BRFSS age-adjusted prevalence,DIA01,CDC Chronic Disease Indicators,https://data.cdc.gov/d/hksd-2xuw
USA,DC,District of Columbia,Mideast,38.907192,-77.036871,diabetes,Diabetes among adults,2022,2022,8.8,7.6,10.1,% age-adjusted prevalence,Adults aged 18+,BRFSS age-adjusted prevalence,DIA01,CDC Chronic Disease Indicators,https://data.cdc.gov/d/hksd-2xuw
USA,DC,District of Columbia,Mideast,38.907192,-77.036871,diabetes,Diabetes among adults,2023,2023,8.2,7.1,9.5,% age-adjusted prevalence,Adults aged 18+,BRFSS age-adjusted prevalence,DIA01,CDC Chronic Disease Indicators,https://data.cdc.gov/d/hksd-2xuw
USA,DC,District of Columbia,Mideast,38.907192,-77.036871,hypertension,High blood pressure among adults,2019,2019,29.1,27.4,31.0,% age-adjusted prevalence,Adults aged 18+,BRFSS age-adjusted prevalence,CVD01,CDC Chronic Disease Indicators,https://data.cdc.gov/d/hksd-2xuw
USA,DC,District of Columbia,Mideast,38.907192,-77.036871,hypertension,High blood pressure among adults,2021,2021,29.7,27.9,31.6,% age-adjusted prevalence,Adults aged 18+,BRFSS age-adjusted prevalence,CVD01,CDC Chronic Disease Indicators,https://data.cdc.gov/d/hksd-2xuw
USA,DC,District of Columbia,Mideast,38.907192,-77.036871,hypertension,High blood pressure among adults,2023,2023,31.2,29.2,33.3,% age-adjusted prevalence,Adults aged 18+,BRFSS age-adjusted prevalence,CVD01,CDC Chronic Disease Indicators,https://data.cdc.gov/d/hksd-2xuw
USA,DC,District of Columbia,Mideast,38.907192,-77.036871,obesity,Obesity among adults,2019,2019,24.4,22.4,26.5,% age-adjusted prevalence,Adults aged 18+,BRFSS age-adjusted prevalence,NPW14,CDC Chronic Disease Indicators,https://data.cdc.gov/d/hksd-2xuw
USA,DC,District of Columbia,Mideast,38.907192,-77.036871,obesity,Obesity among adults,2020,2020,25.3,23.3,27.5,% age-adjusted prevalence,Adults aged 18+,BRFSS age-adjusted prevalence,NPW14,CDC Chronic Disease Indicators,https://data.cdc.gov/d/hksd-2xuw
USA,DC,District of Columbia,Mideast,38.907192,-77.036871,obesity,Obesity among adults,2021,2021,25.2,23.0,27.5,% age-adjusted prevalence,Adults aged 18+,BRFSS age-adjusted prevalence,NPW14,CDC Chronic Disease Indicators,https://data.cdc.gov/d/hksd-2xuw
USA,DC,District of Columbia,Mideast,38.907192,-77.036871,obesity,Obesity among adults,2022,2022,25.4,23.2,27.6,% age-adjusted prevalence,Adults aged 18+,BRFSS age-adjusted prevalence,NPW14,CDC Chronic Disease Indicators,https://data.cdc.gov/d/hksd-2xuw
USA,DC,District of Columbia,Mideast,38.907192,-77.036871,obesity,Obesity among adults,2023,2023,24.3,22.2,26.6,% age-adjusted prevalence,Adults aged 18+,BRFSS age-adjusted prevalence,NPW14,CDC Chronic Disease Indicators,https://data.cdc.gov/d/hksd-2xuw
USA,DE,Delaware,Mideast,39.008830667000495,-75.57774117,asthma,Current asthma among adults,2019,2019,10.9,9.4,12.6,% age-adjusted prevalence,Adults aged 18+,BRFSS age-adjusted prevalence,AST02,CDC Chronic Disease Indicators,https://data.cdc.gov/d/hksd-2xuw
USA,DE,Delaware,Mideast,39.008830667000495,-75.57774117,asthma,Current asthma among adults,2020,2020,11.4,9.9,13.0,% age-adjusted prevalence,Adults aged 18+,BRFSS age-adjusted prevalence,AST02,CDC Chronic Disease Indicators,https://data.cdc.gov/d/hksd-2xuw
USA,DE,Delaware,Mideast,39.008830667000495,-75.57774117,asthma,Current asthma among adults,2021,2021,11.0,9.5,12.7,% age-adjusted prevalence,Adults aged 18+,BRFSS age-adjusted prevalence,AST02,CDC Chronic Disease Indicators,https://data.cdc.gov/d/hksd-2xuw
USA,DE,Delaware,Mideast,39.008830667000495,-75.57774117,asthma,Current asthma among adults,2022,2022,9.8,8.6,11.3,% age-adjusted prevalence,Adults aged 18+,BRFSS age-adjusted prevalence,AST02,CDC Chronic Disease Indicators,https://data.cdc.gov/d/hksd-2xuw
USA,DE,Delaware,Mideast,39.008830667000495,-75.57774117,asthma,Current asthma among adults,2023,2023,11.4,9.9,13.1,% age-adjusted prevalence,Adults aged 18+,BRFSS age-adjusted prevalence,AST02,CDC Chronic Disease Indicators,https://data.cdc.gov/d/hksd-2xuw
USA,DE,Delaware,Mideast,39.008830667000495,-75.57774117,copd,COPD among adults,2019,2019,7.3,6.3,8.5,% age-adjusted prevalence,Adults aged 18+,BRFSS age-adjusted prevalence,COPD01,CDC Chronic Disease Indicators,https://data.cdc.gov/d/hksd-2xuw
USA,DE,Delaware,Mideast,39.008830667000495,-75.57774117,copd,COPD among adults,2020,2020,5.2,4.4,6.0,% age-adjusted prevalence,Adults aged 18+,BRFSS age-adjusted prevalence,COPD01,CDC Chronic Disease Indicators,https://data.cdc.gov/d/hksd-2xuw
USA,DE,Delaware,Mideast,39.008830667000495,-75.57774117,copd,COPD among adults,2021,2021,5.3,4.5,6.2,% age-adjusted prevalence,Adults aged 18+,BRFSS age-adjusted prevalence,COPD01,CDC Chronic Disease Indicators,https://data.cdc.gov/d/hksd-2xuw
USA,DE,Delaware,Mideast,39.008830667000495,-75.57774117,copd,COPD among adults,2022,2022,6.3,5.4,7.3,% age-adjusted prevalence,Adults aged 18+,BRFSS age-adjusted prevalence,COPD01,CDC Chronic Disease Indicators,https://data.cdc.gov/d/hksd-2xuw
USA,DE,Delaware,Mideast,39.008830667000495,-75.57774117,copd,COPD among adults,2023,2023,5.7,4.8,6.6,% age-adjusted prevalence,Adults aged 18+,BRFSS age-adjusted prevalence,COPD01,CDC Chronic Disease Indicators,https://data.cdc.gov/d/hksd-2xuw
USA,DE,Delaware,Mideast,39.008830667000495,-75.57774117,depression,Depression among adults,2019,2019,19.7,17.8,21.8,% age-adjusted prevalence,Adults aged 18+,BRFSS age-adjusted prevalence,MEN02,CDC Chronic Disease Indicators,https://data.cdc.gov/d/hksd-2xuw
USA,DE,Delaware,Mideast,39.008830667000495,-75.57774117,depression,Depression among adults,2020,2020,15.9,14.3,17.6,% age-adjusted prevalence,Adults aged 18+,BRFSS age-adjusted prevalence,MEN02,CDC Chronic Disease Indicators,https://data.cdc.gov/d/hksd-2xuw
USA,DE,Delaware,Mideast,39.008830667000495,-75.57774117,depression,Depression among adults,2021,2021,17.4,15.6,19.3,% age-adjusted prevalence,Adults aged 18+,BRFSS age-adjusted prevalence,MEN02,CDC Chronic Disease Indicators,https://data.cdc.gov/d/hksd-2xuw
USA,DE,Delaware,Mideast,39.008830667000495,-75.57774117,depression,Depression among adults,2022,2022,20.9,19.0,23.0,% age-adjusted prevalence,Adults aged 18+,BRFSS age-adjusted prevalence,MEN02,CDC Chronic Disease Indicators,https://data.cdc.gov/d/hksd-2xuw
USA,DE,Delaware,Mideast,39.008830667000495,-75.57774117,depression,Depression among adults,2023,2023,21.3,19.3,23.3,% age-adjusted prevalence,Adults aged 18+,BRFSS age-adjusted prevalence,MEN02,CDC Chronic Disease Indicators,https://data.cdc.gov/d/hksd-2xuw
USA,DE,Delaware,Mideast,39.008830667000495,-75.57774117,diabetes,Diabetes among adults,2019,2019,11.0,9.8,12.4,% age-adjusted prevalence,Adults aged 18+,BRFSS age-adjusted prevalence,DIA01,CDC Chronic Disease Indicators,https://data.cdc.gov/d/hksd-2xuw
USA,DE,Delaware,Mideast,39.008830667000495,-75.57774117,diabetes,Diabetes among adults,2020,2020,10.6,9.4,12.0,% age-adjusted prevalence,Adults aged 18+,BRFSS age-adjusted prevalence,DIA01,CDC Chronic Disease Indicators,https://data.cdc.gov/d/hksd-2xuw
USA,DE,Delaware,Mideast,39.008830667000495,-75.57774117,diabetes,Diabetes among adults,2021,2021,10.0,8.8,11.3,% age-adjusted prevalence,Adults aged 18+,BRFSS age-adjusted prevalence,DIA01,CDC Chronic Disease Indicators,https://data.cdc.gov/d/hksd-2xuw
USA,DE,Delaware,Mideast,39.008830667000495,-75.57774117,diabetes,Diabetes among adults,2022,2022,11.9,10.7,13.3,% age-adjusted prevalence,Adults aged 18+,BRFSS age-adjusted prevalence,DIA01,CDC Chronic Disease Indicators,https://data.cdc.gov/d/hksd-2xuw
USA,DE,Delaware,Mideast,39.008830667000495,-75.57774117,diabetes,Diabetes among adults,2023,2023,11.1,9.8,12.6,% age-adjusted prevalence,Adults aged 18+,BRFSS age-adjusted prevalence,DIA01,CDC Chronic Disease Indicators,https://data.cdc.gov/d/hksd-2xuw
USA,DE,Delaware,Mideast,39.008830667000495,-75.57774117,hypertension,High blood pressure among adults,2019,2019,32.4,30.4,34.4,% age-adjusted prevalence,Adults aged 18+,BRFSS age-adjusted prevalence,CVD01,CDC Chronic Disease Indicators,https://data.cdc.gov/d/hksd-2xuw
USA,DE,Delaware,Mideast,39.008830667000495,-75.57774117,hypertension,High blood pressure among adults,2021,2021,32.0,30.1,34.0,% age-adjusted prevalence,Adults aged 18+,BRFSS age-adjusted prevalence,CVD01,CDC Chronic Disease Indicators,https://data.cdc.gov/d/hksd-2xuw
USA,DE,Delaware,Mideast,39.008830667000495,-75.57774117,hypertension,High blood pressure among adults,2023,2023,33.1,31.1,35.1,% age-adjusted prevalence,Adults aged 18+,BRFSS age-adjusted prevalence,CVD01,CDC Chronic Disease Indicators,https://data.cdc.gov/d/hksd-2xuw
USA,DE,Delaware,Mideast,39.008830667000495,-75.57774117,obesity,Obesity among adults,2019,2019,34.2,31.8,36.7,% age-adjusted prevalence,Adults aged 18+,BRFSS age-adjusted prevalence,NPW14,CDC Chronic Disease Indicators,https://data.cdc.gov/d/hksd-2xuw
USA,DE,Delaware,Mideast,39.008830667000495,-75.57774117,obesity,Obesity among adults,2020,2020,36.2,33.9,38.6,% age-adjusted prevalence,Adults aged 18+,BRFSS age-adjusted prevalence,NPW14,CDC Chronic Disease Indicators,https://data.cdc.gov/d/hksd-2xuw
USA,DE,Delaware,Mideast,39.008830667000495,-75.57774117,obesity,Obesity among adults,2021,2021,33.8,31.5,36.1,% age-adjusted prevalence,Adults aged 18+,BRFSS age-adjusted prevalence,NPW14,CDC Chronic Disease Indicators,https://data.cdc.gov/d/hksd-2xuw
USA,DE,Delaware,Mideast,39.008830667000495,-75.57774117,obesity,Obesity among adults,2022,2022,38.0,35.6,40.5,% age-adjusted prevalence,Adults aged 18+,BRFSS age-adjusted prevalence,NPW14,CDC Chronic Disease Indicators,https://data.cdc.gov/d/hksd-2xuw
USA,DE,Delaware,Mideast,39.008830667000495,-75.57774117,obesity,Obesity among adults,2023,2023,36.0,33.6,38.6,% age-adjusted prevalence,Adults aged 18+,BRFSS age-adjusted prevalence,NPW14,CDC Chronic Disease Indicators,https://data.cdc.gov/d/hksd-2xuw
USA,FL,Florida,Southeast,28.932040377000476,-81.92896054,asthma,Current asthma among adults,2019,2019,7.9,7.0,8.8,% age-adjusted prevalence,Adults aged 18+,BRFSS age-adjusted prevalence,AST02,CDC Chronic Disease Indicators,https://data.cdc.gov/d/hksd-2xuw
USA,FL,Florida,Southeast,28.932040377000476,-81.92896054,asthma,Current asthma among adults,2020,2020,7.7,6.8,8.7,% age-adjusted prevalence,Adults aged 18+,BRFSS age-adjusted prevalence,AST02,CDC Chronic Disease Indicators,https://data.cdc.gov/d/hksd-2xuw
USA,FL,Florida,Southeast,28.932040377000476,-81.92896054,asthma,Current asthma among adults,2022,2022,9.3,8.3,10.5,% age-adjusted prevalence,Adults aged 18+,BRFSS age-adjusted prevalence,AST02,CDC Chronic Disease Indicators,https://data.cdc.gov/d/hksd-2xuw
USA,FL,Florida,Southeast,28.932040377000476,-81.92896054,asthma,Current asthma among adults,2023,2023,8.5,7.5,9.5,% age-adjusted prevalence,Adults aged 18+,BRFSS age-adjusted prevalence,AST02,CDC Chronic Disease Indicators,https://data.cdc.gov/d/hksd-2xuw
USA,FL,Florida,Southeast,28.932040377000476,-81.92896054,copd,COPD among adults,2019,2019,6.6,5.9,7.3,% age-adjusted prevalence,Adults aged 18+,BRFSS age-adjusted prevalence,COPD01,CDC Chronic Disease Indicators,https://data.cdc.gov/d/hksd-2xuw
USA,FL,Florida,Southeast,28.932040377000476,-81.92896054,copd,COPD among adults,2020,2020,6.2,5.4,7.0,% age-adjusted prevalence,Adults aged 18+,BRFSS age-adjusted prevalence,COPD01,CDC Chronic Disease Indicators,https://data.cdc.gov/d/hksd-2xuw
USA,FL,Florida,Southeast,28.932040377000476,-81.92896054,copd,COPD among adults,2022,2022,6.2,5.5,7.0,% age-adjusted prevalence,Adults aged 18+,BRFSS age-adjusted prevalence,COPD01,CDC Chronic Disease Indicators,https://data.cdc.gov/d/hksd-2xuw
USA,FL,Florida,Southeast,28.932040377000476,-81.92896054,copd,COPD among adults,2023,2023,5.5,4.8,6.2,% age-adjusted prevalence,Adults aged 18+,BRFSS age-adjusted prevalence,COPD01,CDC Chronic Disease Indicators,https://data.cdc.gov/d/hksd-2xuw
USA,FL,Florida,Southeast,28.932040377000476,-81.92896054,depression,Depression among adults,2019,2019,17.9,16.5,19.3,% age-adjusted prevalence,Adults aged 18+,BRFSS age-adjusted prevalence,MEN02,CDC Chronic Disease Indicators,https://data.cdc.gov/d/hksd-2xuw
USA,FL,Florida,Southeast,28.932040377000476,-81.92896054,depression,Depression among adults,2020,2020,15.0,13.6,16.5,% age-adjusted prevalence,Adults aged 18+,BRFSS age-adjusted prevalence,MEN02,CDC Chronic Disease Indicators,https://data.cdc.gov/d/hksd-2xuw
USA,FL,Florida,Southeast,28.932040377000476,-81.92896054,depression,Depression among adults,2022,2022,18.3,16.9,19.8,% age-adjusted prevalence,Adults aged 18+,BRFSS age-adjusted prevalence,MEN02,CDC Chronic Disease Indicators,https://data.cdc.gov/d/hksd-2xuw
USA,FL,Florida,Southeast,28.932040377000476,-81.92896054,depression,Depression among adults,2023,2023,17.0,15.6,18.4,% age-adjusted prevalence,Adults aged 18+,BRFSS age-adjusted prevalence,MEN02,CDC Chronic Disease Indicators,https://data.cdc.gov/d/hksd-2xuw
USA,FL,Florida,Southeast,28.932040377000476,-81.92896054,diabetes,Diabetes among adults,2019,2019,9.5,8.7,10.3,% age-adjusted prevalence,Adults aged 18+,BRFSS age-adjusted prevalence,DIA01,CDC Chronic Disease Indicators,https://data.cdc.gov/d/hksd-2xuw
USA,FL,Florida,Southeast,28.932040377000476,-81.92896054,diabetes,Diabetes among adults,2020,2020,9.6,8.6,10.6,% age-adjusted prevalence,Adults aged 18+,BRFSS age-adjusted prevalence,DIA01,CDC Chronic Disease Indicators,https://data.cdc.gov/d/hksd-2xuw
USA,FL,Florida,Southeast,28.932040377000476,-81.92896054,diabetes,Diabetes among adults,2022,2022,9.6,8.8,10.6,% age-adjusted prevalence,Adults aged 18+,BRFSS age-adjusted prevalence,DIA01,CDC Chronic Disease Indicators,https://data.cdc.gov/d/hksd-2xuw
USA,FL,Florida,Southeast,28.932040377000476,-81.92896054,diabetes,Diabetes among adults,2023,2023,10.1,9.1,11.1,% age-adjusted prevalence,Adults aged 18+,BRFSS age-adjusted prevalence,DIA01,CDC Chronic Disease Indicators,https://data.cdc.gov/d/hksd-2xuw
USA,FL,Florida,Southeast,28.932040377000476,-81.92896054,hypertension,High blood pressure among adults,2019,2019,28.8,27.4,30.2,% age-adjusted prevalence,Adults aged 18+,BRFSS age-adjusted prevalence,CVD01,CDC Chronic Disease Indicators,https://data.cdc.gov/d/hksd-2xuw
USA,FL,Florida,Southeast,28.932040377000476,-81.92896054,hypertension,High blood pressure among adults,2023,2023,30.1,28.6,31.7,% age-adjusted prevalence,Adults aged 18+,BRFSS age-adjusted prevalence,CVD01,CDC Chronic Disease Indicators,https://data.cdc.gov/d/hksd-2xuw
USA,FL,Florida,Southeast,28.932040377000476,-81.92896054,obesity,Obesity among adults,2019,2019,26.3,24.8,27.8,% age-adjusted prevalence,Adults aged 18+,BRFSS age-adjusted prevalence,NPW14,CDC Chronic Disease Indicators,https://data.cdc.gov/d/hksd-2xuw
USA,FL,Florida,Southeast,28.932040377000476,-81.92896054,obesity,Obesity among adults,2020,2020,28.3,26.4,30.3,% age-adjusted prevalence,Adults aged 18+,BRFSS age-adjusted prevalence,NPW14,CDC Chronic Disease Indicators,https://data.cdc.gov/d/hksd-2xuw
USA,FL,Florida,Southeast,28.932040377000476,-81.92896054,obesity,Obesity among adults,2022,2022,31.7,29.8,33.6,% age-adjusted prevalence,Adults aged 18+,BRFSS age-adjusted prevalence,NPW14,CDC Chronic Disease Indicators,https://data.cdc.gov/d/hksd-2xuw
USA,FL,Florida,Southeast,28.932040377000476,-81.92896054,obesity,Obesity among adults,2023,2023,29.8,28.1,31.7,% age-adjusted prevalence,Adults aged 18+,BRFSS age-adjusted prevalence,NPW14,CDC Chronic Disease Indicators,https://data.cdc.gov/d/hksd-2xuw
USA,GA,Georgia,Southeast,32.83968109300048,-83.62758035,asthma,Current asthma among adults,2019,2019,8.2,7.3,9.2,% age-adjusted prevalence,Adults aged 18+,BRFSS age-adjusted prevalence,AST02,CDC Chronic Disease Indicators,https://data.cdc.gov/d/hksd-2xuw
USA,GA,Georgia,Southeast,32.83968109300048,-83.62758035,asthma,Current asthma among adults,2020,2020,9.4,8.5,10.5,% age-adjusted prevalence,Adults aged 18+,BRFSS age-adjusted prevalence,AST02,CDC Chronic Disease Indicators,https://data.cdc.gov/d/hksd-2xuw
USA,GA,Georgia,Southeast,32.83968109300048,-83.62758035,asthma,Current asthma among adults,2021,2021,10.8,9.7,11.9,% age-adjusted prevalence,Adults aged 18+,BRFSS age-adjusted prevalence,AST02,CDC Chronic Disease Indicators,https://data.cdc.gov/d/hksd-2xuw
USA,GA,Georgia,Southeast,32.83968109300048,-83.62758035,asthma,Current asthma among adults,2022,2022,9.6,8.6,10.6,% age-adjusted prevalence,Adults aged 18+,BRFSS age-adjusted prevalence,AST02,CDC Chronic Disease Indicators,https://data.cdc.gov/d/hksd-2xuw
USA,GA,Georgia,Southeast,32.83968109300048,-83.62758035,asthma,Current asthma among adults,2023,2023,9.4,8.4,10.4,% age-adjusted prevalence,Adults aged 18+,BRFSS age-adjusted prevalence,AST02,CDC Chronic Disease Indicators,https://data.cdc.gov/d/hksd-2xuw
USA,GA,Georgia,Southeast,32.83968109300048,-83.62758035,copd,COPD among adults,2019,2019,7.0,6.3,7.9,% age-adjusted prevalence,Adults aged 18+,BRFSS age-adjusted prevalence,COPD01,CDC Chronic Disease Indicators,https://data.cdc.gov/d/hksd-2xuw
USA,GA,Georgia,Southeast,32.83968109300048,-83.62758035,copd,COPD among adults,2020,2020,6.2,5.6,7.0,% age-adjusted prevalence,Adults aged 18+,BRFSS age-adjusted prevalence,COPD01,CDC Chronic Disease Indicators,https://data.cdc.gov/d/hksd-2xuw
USA,GA,Georgia,Southeast,32.83968109300048,-83.62758035,copd,COPD among adults,2021,2021,6.2,5.5,7.0,% age-adjusted prevalence,Adults aged 18+,BRFSS age-adjusted prevalence,COPD01,CDC Chronic Disease Indicators,https://data.cdc.gov/d/hksd-2xuw
USA,GA,Georgia,Southeast,32.83968109300048,-83.62758035,copd,COPD among adults,2022,2022,6.6,6.0,7.3,% age-adjusted prevalence,Adults aged 18+,BRFSS age-adjusted prevalence,COPD01,CDC Chronic Disease Indicators,https://data.cdc.gov/d/hksd-2xuw
USA,GA,Georgia,Southeast,32.83968109300048,-83.62758035,copd,COPD among adults,2023,2023,5.6,5.0,6.3,% age-adjusted prevalence,Adults aged 18+,BRFSS age-adjusted prevalence,COPD01,CDC Chronic Disease Indicators,https://data.cdc.gov/d/hksd-2xuw
USA,GA,Georgia,Southeast,32.83968109300048,-83.62758035,depression,Depression among adults,2019,2019,17.1,15.8,18.5,% age-adjusted prevalence,Adults aged 18+,BRFSS age-adjusted prevalence,MEN02,CDC Chronic Disease Indicators,https://data.cdc.gov/d/hksd-2xuw
USA,GA,Georgia,Southeast,32.83968109300048,-83.62758035,depression,Depression among adults,2020,2020,17.5,16.2,18.9,% age-adjusted prevalence,Adults aged 18+,BRFSS age-adjusted prevalence,MEN02,CDC Chronic Disease Indicators,https://data.cdc.gov/d/hksd-2xuw
USA,GA,Georgia,Southeast,32.83968109300048,-83.62758035,depression,Depression among adults,2021,2021,18.0,16.7,19.3,% age-adjusted prevalence,Adults aged 18+,BRFSS age-adjusted prevalence,MEN02,CDC Chronic Disease Indicators,https://data.cdc.gov/d/hksd-2xuw
USA,GA,Georgia,Southeast,32.83968109300048,-83.62758035,depression,Depression among adults,2022,2022,19.4,18.1,20.7,% age-adjusted prevalence,Adults aged 18+,BRFSS age-adjusted prevalence,MEN02,CDC Chronic Disease Indicators,https://data.cdc.gov/d/hksd-2xuw
USA,GA,Georgia,Southeast,32.83968109300048,-83.62758035,depression,Depression among adults,2023,2023,17.9,16.7,19.3,% age-adjusted prevalence,Adults aged 18+,BRFSS age-adjusted prevalence,MEN02,CDC Chronic Disease Indicators,https://data.cdc.gov/d/hksd-2xuw
USA,GA,Georgia,Southeast,32.83968109300048,-83.62758035,diabetes,Diabetes among adults,2019,2019,11.3,10.3,12.3,% age-adjusted prevalence,Adults aged 18+,BRFSS age-adjusted prevalence,DIA01,CDC Chronic Disease Indicators,https://data.cdc.gov/d/hksd-2xuw
USA,GA,Georgia,Southeast,32.83968109300048,-83.62758035,diabetes,Diabetes among adults,2020,2020,10.8,10.0,11.6,% age-adjusted prevalence,Adults aged 18+,BRFSS age-adjusted prevalence,DIA01,CDC Chronic Disease Indicators,https://data.cdc.gov/d/hksd-2xuw
USA,GA,Georgia,Southeast,32.83968109300048,-83.62758035,diabetes,Diabetes among adults,2021,2021,11.5,10.6,12.5,% age-adjusted prevalence,Adults aged 18+,BRFSS age-adjusted prevalence,DIA01,CDC Chronic Disease Indicators,https://data.cdc.gov/d/hksd-2xuw
USA,GA,Georgia,Southeast,32.83968109300048,-83.62758035,diabetes,Diabetes among adults,2022,2022,11.0,10.3,11.9,% age-adjusted prevalence,Adults aged 18+,BRFSS age-adjusted prevalence,DIA01,CDC Chronic Disease Indicators,https://data.cdc.gov/d/hksd-2xuw
USA,GA,Georgia,Southeast,32.83968109300048,-83.62758035,diabetes,Diabetes among adults,2023,2023,11.5,10.7,12.3,% age-adjusted prevalence,Adults aged 18+,BRFSS age-adjusted prevalence,DIA01,CDC Chronic Disease Indicators,https://data.cdc.gov/d/hksd-2xuw
USA,GA,Georgia,Southeast,32.83968109300048,-83.62758035,hypertension,High blood pressure among adults,2019,2019,33.0,31.5,34.5,% age-adjusted prevalence,Adults aged 18+,BRFSS age-adjusted prevalence,CVD01,CDC Chronic Disease Indicators,https://data.cdc.gov/d/hksd-2xuw
USA,GA,Georgia,Southeast,32.83968109300048,-83.62758035,hypertension,High blood pressure among adults,2021,2021,34.8,33.4,36.2,% age-adjusted prevalence,Adults aged 18+,BRFSS age-adjusted prevalence,CVD01,CDC Chronic Disease Indicators,https://data.cdc.gov/d/hksd-2xuw
USA,GA,Georgia,Southeast,32.83968109300048,-83.62758035,hypertension,High blood pressure among adults,2023,2023,33.1,31.8,34.5,% age-adjusted prevalence,Adults aged 18+,BRFSS age-adjusted prevalence,CVD01,CDC Chronic Disease Indicators,https://data.cdc.gov/d/hksd-2xuw
USA,GA,Georgia,Southeast,32.83968109300048,-83.62758035,obesity,Obesity among adults,2019,2019,33.4,31.5,35.3,% age-adjusted prevalence,Adults aged 18+,BRFSS age-adjusted prevalence,NPW14,CDC Chronic Disease Indicators,https://data.cdc.gov/d/hksd-2xuw
USA,GA,Georgia,Southeast,32.83968109300048,-83.62758035,obesity,Obesity among adults,2020,2020,34.3,32.5,36.1,% age-adjusted prevalence,Adults aged 18+,BRFSS age-adjusted prevalence,NPW14,CDC Chronic Disease Indicators,https://data.cdc.gov/d/hksd-2xuw
USA,GA,Georgia,Southeast,32.83968109300048,-83.62758035,obesity,Obesity among adults,2021,2021,34.2,32.5,36.0,% age-adjusted prevalence,Adults aged 18+,BRFSS age-adjusted prevalence,NPW14,CDC Chronic Disease Indicators,https://data.cdc.gov/d/hksd-2xuw
USA,GA,Georgia,Southeast,32.83968109300048,-83.62758035,obesity,Obesity among adults,2022,2022,37.4,35.8,39.1,% age-adjusted prevalence,Adults aged 18+,BRFSS age-adjusted prevalence,NPW14,CDC Chronic Disease Indicators,https://data.cdc.gov/d/hksd-2xuw
USA,GA,Georgia,Southeast,32.83968109300048,-83.62758035,obesity,Obesity among adults,2023,2023,35.3,33.6,37.0,% age-adjusted prevalence,Adults aged 18+,BRFSS age-adjusted prevalence,NPW14,CDC Chronic Disease Indicators,https://data.cdc.gov/d/hksd-2xuw
USA,HI,Hawaii,Far West,21.304850435000446,-157.8577494,asthma,Current asthma among adults,2019,2019,10.5,9.5,11.5,% age-adjusted prevalence,Adults aged 18+,BRFSS age-adjusted prevalence,AST02,CDC Chronic Disease Indicators,https://data.cdc.gov/d/hksd-2xuw
USA,HI,Hawaii,Far West,21.304850435000446,-157.8577494,asthma,Current asthma among adults,2020,2020,9.1,8.2,10.0,% age-adjusted prevalence,Adults aged 18+,BRFSS age-adjusted prevalence,AST02,CDC Chronic Disease Indicators,https://data.cdc.gov/d/hksd-2xuw
USA,HI,Hawaii,Far West,21.304850435000446,-157.8577494,asthma,Current asthma among adults,2021,2021,8.5,7.7,9.5,% age-adjusted prevalence,Adults aged 18+,BRFSS age-adjusted prevalence,AST02,CDC Chronic Disease Indicators,https://data.cdc.gov/d/hksd-2xuw
USA,HI,Hawaii,Far West,21.304850435000446,-157.8577494,asthma,Current asthma among adults,2022,2022,9.3,8.3,10.3,% age-adjusted prevalence,Adults aged 18+,BRFSS age-adjusted prevalence,AST02,CDC Chronic Disease Indicators,https://data.cdc.gov/d/hksd-2xuw
USA,HI,Hawaii,Far West,21.304850435000446,-157.8577494,asthma,Current asthma among adults,2023,2023,9.8,8.8,10.9,% age-adjusted prevalence,Adults aged 18+,BRFSS age-adjusted prevalence,AST02,CDC Chronic Disease Indicators,https://data.cdc.gov/d/hksd-2xuw
USA,HI,Hawaii,Far West,21.304850435000446,-157.8577494,copd,COPD among adults,2019,2019,4.0,3.4,4.6,% age-adjusted prevalence,Adults aged 18+,BRFSS age-adjusted prevalence,COPD01,CDC Chronic Disease Indicators,https://data.cdc.gov/d/hksd-2xuw
USA,HI,Hawaii,Far West,21.304850435000446,-157.8577494,copd,COPD among adults,2020,2020,3.2,2.7,3.7,% age-adjusted prevalence,Adults aged 18+,BRFSS age-adjusted prevalence,COPD01,CDC Chronic Disease Indicators,https://data.cdc.gov/d/hksd-2xuw
USA,HI,Hawaii,Far West,21.304850435000446,-157.8577494,copd,COPD among adults,2021,2021,3.0,2.5,3.4,% age-adjusted prevalence,Adults aged 18+,BRFSS age-adjusted prevalence,COPD01,CDC Chronic Disease Indicators,https://data.cdc.gov/d/hksd-2xuw
USA,HI,Hawaii,Far West,21.304850435000446,-157.8577494,copd,COPD among adults,2022,2022,3.0,2.6,3.5,% age-adjusted prevalence,Adults aged 18+,BRFSS age-adjusted prevalence,COPD01,CDC Chronic Disease Indicators,https://data.cdc.gov/d/hksd-2xuw
USA,HI,Hawaii,Far West,21.304850435000446,-157.8577494,copd,COPD among adults,2023,2023,3.6,3.1,4.2,% age-adjusted prevalence,Adults aged 18+,BRFSS age-adjusted prevalence,COPD01,CDC Chronic Disease Indicators,https://data.cdc.gov/d/hksd-2xuw
USA,HI,Hawaii,Far West,21.304850435000446,-157.8577494,depression,Depression among adults,2019,2019,13.0,12.0,14.1,% age-adjusted prevalence,Adults aged 18+,BRFSS age-adjusted prevalence,MEN02,CDC Chronic Disease Indicators,https://data.cdc.gov/d/hksd-2xuw
USA,HI,Hawaii,Far West,21.304850435000446,-157.8577494,depression,Depression among adults,2020,2020,12.9,11.9,13.9,% age-adjusted prevalence,Adults aged 18+,BRFSS age-adjusted prevalence,MEN02,CDC Chronic Disease Indicators,https://data.cdc.gov/d/hksd-2xuw
USA,HI,Hawaii,Far West,21.304850435000446,-157.8577494,depression,Depression among adults,2021,2021,11.4,10.4,12.5,% age-adjusted prevalence,Adults aged 18+,BRFSS age-adjusted prevalence,MEN02,CDC Chronic Disease Indicators,https://data.cdc.gov/d/hksd-2xuw
USA,HI,Hawaii,Far West,21.304850435000446,-157.8577494,depression,Depression among adults,2022,2022,13.0,12.0,14.1,% age-adjusted prevalence,Adults aged 18+,BRFSS age-adjusted prevalence,MEN02,CDC Chronic Disease Indicators,https://data.cdc.gov/d/hksd-2xuw
USA,HI,Hawaii,Far West,21.304850435000446,-157.8577494,depression,Depression among adults,2023,2023,14.5,13.3,15.7,% age-adjusted prevalence,Adults aged 18+,BRFSS age-adjusted prevalence,MEN02,CDC Chronic Disease Indicators,https://data.cdc.gov/d/hksd-2xuw
USA,HI,Hawaii,Far West,21.304850435000446,-157.8577494,diabetes,Diabetes among adults,2019,2019,9.3,8.6,10.1,% age-adjusted prevalence,Adults aged 18+,BRFSS age-adjusted prevalence,DIA01,CDC Chronic Disease Indicators,https://data.cdc.gov/d/hksd-2xuw
USA,HI,Hawaii,Far West,21.304850435000446,-157.8577494,diabetes,Diabetes among adults,2020,2020,9.5,8.7,10.4,% age-adjusted prevalence,Adults aged 18+,BRFSS age-adjusted prevalence,DIA01,CDC Chronic Disease Indicators,https://data.cdc.gov/d/hksd-2xuw
USA,HI,Hawaii,Far West,21.304850435000446,-157.8577494,diabetes,Diabetes among adults,2021,2021,8.1,7.4,9.0,% age-adjusted prevalence,Adults aged 18+,BRFSS age-adjusted prevalence,DIA01,CDC Chronic Disease Indicators,https://data.cdc.gov/d/hksd-2xuw
USA,HI,Hawaii,Far West,21.304850435000446,-157.8577494,diabetes,Diabetes among adults,2022,2022,10.4,9.5,11.4,% age-adjusted prevalence,Adults aged 18+,BRFSS age-adjusted prevalence,DIA01,CDC Chronic Disease Indicators,https://data.cdc.gov/d/hksd-2xuw
USA,HI,Hawaii,Far West,21.304850435000446,-157.8577494,diabetes,Diabetes among adults,2023,2023,9.5,8.7,10.5,% age-adjusted prevalence,Adults aged 18+,BRFSS age-adjusted prevalence,DIA01,CDC Chronic Disease Indicators,https://data.cdc.gov/d/hksd-2xuw
USA,HI,Hawaii,Far West,21.304850435000446,-157.8577494,hypertension,High blood pressure among adults,2019,2019,27.7,26.5,29.0,% age-adjusted prevalence,Adults aged 18+,BRFSS age-adjusted prevalence,CVD01,CDC Chronic Disease Indicators,https://data.cdc.gov/d/hksd-2xuw
USA,HI,Hawaii,Far West,21.304850435000446,-157.8577494,hypertension,High blood pressure among adults,2021,2021,26.4,25.2,27.7,% age-adjusted prevalence,Adults aged 18+,BRFSS age-adjusted prevalence,CVD01,CDC Chronic Disease Indicators,https://data.cdc.gov/d/hksd-2xuw
USA,HI,Hawaii,Far West,21.304850435000446,-157.8577494,hypertension,High blood pressure among adults,2023,2023,28.3,26.9,29.7,% age-adjusted prevalence,Adults aged 18+,BRFSS age-adjusted prevalence,CVD01,CDC Chronic Disease Indicators,https://data.cdc.gov/d/hksd-2xuw
USA,HI,Hawaii,Far West,21.304850435000446,-157.8577494,obesity,Obesity among adults,2019,2019,25.5,24.1,26.9,% age-adjusted prevalence,Adults aged 18+,BRFSS age-adjusted prevalence,NPW14,CDC Chronic Disease Indicators,https://data.cdc.gov/d/hksd-2xuw
USA,HI,Hawaii,Far West,21.304850435000446,-157.8577494,obesity,Obesity among adults,2020,2020,25.0,23.6,26.4,% age-adjusted prevalence,Adults aged 18+,BRFSS age-adjusted prevalence,NPW14,CDC Chronic Disease Indicators,https://data.cdc.gov/d/hksd-2xuw
USA,HI,Hawaii,Far West,21.304850435000446,-157.8577494,obesity,Obesity among adults,2021,2021,25.9,24.5,27.4,% age-adjusted prevalence,Adults aged 18+,BRFSS age-adjusted prevalence,NPW14,CDC Chronic Disease Indicators,https://data.cdc.gov/d/hksd-2xuw
USA,HI,Hawaii,Far West,21.304850435000446,-157.8577494,obesity,Obesity among adults,2022,2022,27.0,25.4,28.6,% age-adjusted prevalence,Adults aged 18+,BRFSS age-adjusted prevalence,NPW14,CDC Chronic Disease Indicators,https://data.cdc.gov/d/hksd-2xuw
USA,HI,Hawaii,Far West,21.304850435000446,-157.8577494,obesity,Obesity among adults,2023,2023,26.8,25.2,28.5,% age-adjusted prevalence,Adults aged 18+,BRFSS age-adjusted prevalence,NPW14,CDC Chronic Disease Indicators,https://data.cdc.gov/d/hksd-2xuw
USA,IA,Iowa,Plains,42.46940091300047,-93.81649056,asthma,Current asthma among adults,2019,2019,8.9,8.2,9.6,% age-adjusted prevalence,Adults aged 18+,BRFSS age-adjusted prevalence,AST02,CDC Chronic Disease Indicators,https://data.cdc.gov/d/hksd-2xuw
USA,IA,Iowa,Plains,42.46940091300047,-93.81649056,asthma,Current asthma among adults,2020,2020,9.9,9.2,10.7,% age-adjusted prevalence,Adults aged 18+,BRFSS age-adjusted prevalence,AST02,CDC Chronic Disease Indicators,https://data.cdc.gov/d/hksd-2xuw
USA,IA,Iowa,Plains,42.46940091300047,-93.81649056,asthma,Current asthma among adults,2021,2021,10.0,9.2,10.9,% age-adjusted prevalence,Adults aged 18+,BRFSS age-adjusted prevalence,AST02,CDC Chronic Disease Indicators,https://data.cdc.gov/d/hksd-2xuw
USA,IA,Iowa,Plains,42.46940091300047,-93.81649056,asthma,Current asthma among adults,2022,2022,9.7,8.9,10.7,% age-adjusted prevalence,Adults aged 18+,BRFSS age-adjusted prevalence,AST02,CDC Chronic Disease Indicators,https://data.cdc.gov/d/hksd-2xuw
USA,IA,Iowa,Plains,42.46940091300047,-93.81649056,asthma,Current asthma among adults,2023,2023,9.0,8.2,9.8,% age-adjusted prevalence,Adults aged 18+,BRFSS age-adjusted prevalence,AST02,CDC Chronic Disease Indicators,https://data.cdc.gov/d/hksd-2xuw
USA,IA,Iowa,Plains,42.46940091300047,-93.81649056,copd,COPD among adults,2019,2019,5.5,5.1,6.1,% age-adjusted prevalence,Adults aged 18+,BRFSS age-adjusted prevalence,COPD01,CDC Chronic Disease Indicators,https://data.cdc.gov/d/hksd-2xuw
USA,IA,Iowa,Plains,42.46940091300047,-93.81649056,copd,COPD among adults,2020,2020,5.6,5.1,6.1,% age-adjusted prevalence,Adults aged 18+,BRFSS age-adjusted prevalence,COPD01,CDC Chronic Disease Indicators,https://data.cdc.gov/d/hksd-2xuw
USA,IA,Iowa,Plains,42.46940091300047,-93.81649056,copd,COPD among adults,2021,2021,5.9,5.3,6.5,% age-adjusted prevalence,Adults aged 18+,BRFSS age-adjusted prevalence,COPD01,CDC Chronic Disease Indicators,https://data.cdc.gov/d/hksd-2xuw
USA,IA,Iowa,Plains,42.46940091300047,-93.81649056,copd,COPD among adults,2022,2022,5.8,5.3,6.5,% age-adjusted prevalence,Adults aged 18+,BRFSS age-adjusted prevalence,COPD01,CDC Chronic Disease Indicators,https://data.cdc.gov/d/hksd-2xuw
USA,IA,Iowa,Plains,42.46940091300047,-93.81649056,copd,COPD among adults,2023,2023,5.4,4.8,5.9,% age-adjusted prevalence,Adults aged 18+,BRFSS age-adjusted prevalence,COPD01,CDC Chronic Disease Indicators,https://data.cdc.gov/d/hksd-2xuw
USA,IA,Iowa,Plains,42.46940091300047,-93.81649056,depression,Depression among adults,2019,2019,16.7,15.8,17.7,% age-adjusted prevalence,Adults aged 18+,BRFSS age-adjusted prevalence,MEN02,CDC Chronic Disease Indicators,https://data.cdc.gov/d/hksd-2xuw
USA,IA,Iowa,Plains,42.46940091300047,-93.81649056,depression,Depression among adults,2020,2020,18.0,17.1,19.0,% age-adjusted prevalence,Adults aged 18+,BRFSS age-adjusted prevalence,MEN02,CDC Chronic Disease Indicators,https://data.cdc.gov/d/hksd-2xuw
USA,IA,Iowa,Plains,42.46940091300047,-93.81649056,depression,Depression among adults,2021,2021,18.3,17.2,19.4,% age-adjusted prevalence,Adults aged 18+,BRFSS age-adjusted prevalence,MEN02,CDC Chronic Disease Indicators,https://data.cdc.gov/d/hksd-2xuw
USA,IA,Iowa,Plains,42.46940091300047,-93.81649056,depression,Depression among adults,2022,2022,19.2,18.1,20.4,% age-adjusted prevalence,Adults aged 18+,BRFSS age-adjusted prevalence,MEN02,CDC Chronic Disease Indicators,https://data.cdc.gov/d/hksd-2xuw
USA,IA,Iowa,Plains,42.46940091300047,-93.81649056,depression,Depression among adults,2023,2023,20.0,18.9,21.2,% age-adjusted prevalence,Adults aged 18+,BRFSS age-adjusted prevalence,MEN02,CDC Chronic Disease Indicators,https://data.cdc.gov/d/hksd-2xuw
USA,IA,Iowa,Plains,42.46940091300047,-93.81649056,diabetes,Diabetes among adults,2019,2019,9.1,8.5,9.7,% age-adjusted prevalence,Adults aged 18+,BRFSS age-adjusted prevalence,DIA01,CDC Chronic Disease Indicators,https://data.cdc.gov/d/hksd-2xuw
USA,IA,Iowa,Plains,42.46940091300047,-93.81649056,diabetes,Diabetes among adults,2020,2020,9.1,8.5,9.7,% age-adjusted prevalence,Adults aged 18+,BRFSS age-adjusted prevalence,DIA01,CDC Chronic Disease Indicators,https://data.cdc.gov/d/hksd-2xuw
USA,IA,Iowa,Plains,42.46940091300047,-93.81649056,diabetes,Diabetes among adults,2021,2021,8.7,8.0,9.3,% age-adjusted prevalence,Adults aged 18+,BRFSS age-adjusted prevalence,DIA01,CDC Chronic Disease Indicators,https://data.cdc.gov/d/hksd-2xuw
USA,IA,Iowa,Plains,42.46940091300047,-93.81649056,diabetes,Diabetes among adults,2022,2022,10.3,9.6,11.1,% age-adjusted prevalence,Adults aged 18+,BRFSS age-adjusted prevalence,DIA01,CDC Chronic Disease Indicators,https://data.cdc.gov/d/hksd-2xuw
USA,IA,Iowa,Plains,42.46940091300047,-93.81649056,diabetes,Diabetes among adults,2023,2023,9.9,9.2,10.7,% age-adjusted prevalence,Adults aged 18+,BRFSS age-adjusted prevalence,DIA01,CDC Chronic Disease Indicators,https://data.cdc.gov/d/hksd-2xuw
USA,IA,Iowa,Plains,42.46940091300047,-93.81649056,hypertension,High blood pressure among adults,2019,2019,29.2,28.2,30.1,% age-adjusted prevalence,Adults aged 18+,BRFSS age-adjusted prevalence,CVD01,CDC Chronic Disease Indicators,https://data.cdc.gov/d/hksd-2xuw
USA,IA,Iowa,Plains,42.46940091300047,-93.81649056,hypertension,High blood pressure among adults,2021,2021,28.6,27.5,29.7,% age-adjusted prevalence,Adults aged 18+,BRFSS age-adjusted prevalence,CVD01,CDC Chronic Disease Indicators,https://data.cdc.gov/d/hksd-2xuw
USA,IA,Iowa,Plains,42.46940091300047,-93.81649056,hypertension,High blood pressure among adults,2023,2023,31.3,30.1,32.5,% age-adjusted prevalence,Adults aged 18+,BRFSS age-adjusted prevalence,CVD01,CDC Chronic Disease Indicators,https://data.cdc.gov/d/hksd-2xuw
USA,IA,Iowa,Plains,42.46940091300047,-93.81649056,obesity,Obesity among adults,2019,2019,34.3,33.1,35.4,% age-adjusted prevalence,Adults aged 18+,BRFSS age-adjusted prevalence,NPW14,CDC Chronic Disease Indicators,https://data.cdc.gov/d/hksd-2xuw
USA,IA,Iowa,Plains,42.46940091300047,-93.81649056,obesity,Obesity among adults,2020,2020,37.2,35.9,38.4,% age-adjusted prevalence,Adults aged 18+,BRFSS age-adjusted prevalence,NPW14,CDC Chronic Disease Indicators,https://data.cdc.gov/d/hksd-2xuw
USA,IA,Iowa,Plains,42.46940091300047,-93.81649056,obesity,Obesity among adults,2021,2021,36.9,35.5,38.3,% age-adjusted prevalence,Adults aged 18+,BRFSS age-adjusted prevalence,NPW14,CDC Chronic Disease Indicators,https://data.cdc.gov/d/hksd-2xuw
USA,IA,Iowa,Plains,42.46940091300047,-93.81649056,obesity,Obesity among adults,2022,2022,37.8,36.4,39.2,% age-adjusted prevalence,Adults aged 18+,BRFSS age-adjusted prevalence,NPW14,CDC Chronic Disease Indicators,https://data.cdc.gov/d/hksd-2xuw
USA,IA,Iowa,Plains,42.46940091300047,-93.81649056,obesity,Obesity among adults,2023,2023,38.4,36.9,39.8,% age-adjusted prevalence,Adults aged 18+,BRFSS age-adjusted prevalence,NPW14,CDC Chronic Disease Indicators,https://data.cdc.gov/d/hksd-2xuw
USA,ID,Idaho,Rocky Mountain,43.682630005000476,-114.36373,asthma,Current asthma among adults,2019,2019,11.2,10.0,12.6,% age-adjusted prevalence,Adults aged 18+,BRFSS age-adjusted prevalence,AST02,CDC Chronic Disease Indicators,https://data.cdc.gov/d/hksd-2xuw
USA,ID,Idaho,Rocky Mountain,43.682630005000476,-114.36373,asthma,Current asthma among adults,2020,2020,10.2,9.1,11.5,% age-adjusted prevalence,Adults aged 18+,BRFSS age-adjusted prevalence,AST02,CDC Chronic Disease Indicators,https://data.cdc.gov/d/hksd-2xuw
USA,ID,Idaho,Rocky Mountain,43.682630005000476,-114.36373,asthma,Current asthma among adults,2021,2021,10.5,9.5,11.4,% age-adjusted prevalence,Adults aged 18+,BRFSS age-adjusted prevalence,AST02,CDC Chronic Disease Indicators,https://data.cdc.gov/d/hksd-2xuw
USA,ID,Idaho,Rocky Mountain,43.682630005000476,-114.36373,asthma,Current asthma among adults,2022,2022,11.1,10.1,12.2,% age-adjusted prevalence,Adults aged 18+,BRFSS age-adjusted prevalence,AST02,CDC Chronic Disease Indicators,https://data.cdc.gov/d/hksd-2xuw
USA,ID,Idaho,Rocky Mountain,43.682630005000476,-114.36373,asthma,Current asthma among adults,2023,2023,10.5,9.5,11.6,% age-adjusted prevalence,Adults aged 18+,BRFSS age-adjusted prevalence,AST02,CDC Chronic Disease Indicators,https://data.cdc.gov/d/hksd-2xuw
USA,ID,Idaho,Rocky Mountain,43.682630005000476,-114.36373,copd,COPD among adults,2019,2019,4.7,4.0,5.4,% age-adjusted prevalence,Adults aged 18+,BRFSS age-adjusted prevalence,COPD01,CDC Chronic Disease Indicators,https://data.cdc.gov/d/hksd-2xuw
USA,ID,Idaho,Rocky Mountain,43.682630005000476,-114.36373,copd,COPD among adults,2020,2020,5.2,4.5,6.0,% age-adjusted prevalence,Adults aged 18+,BRFSS age-adjusted prevalence,COPD01,CDC Chronic Disease Indicators,https://data.cdc.gov/d/hksd-2xuw
USA,ID,Idaho,Rocky Mountain,43.682630005000476,-114.36373,copd,COPD among adults,2021,2021,5.2,4.6,5.8,% age-adjusted prevalence,Adults aged 18+,BRFSS age-adjusted prevalence,COPD01,CDC Chronic Disease Indicators,https://data.cdc.gov/d/hksd-2xuw
USA,ID,Idaho,Rocky Mountain,43.682630005000476,-114.36373,copd,COPD among adults,2022,2022,5.5,4.9,6.2,% age-adjusted prevalence,Adults aged 18+,BRFSS age-adjusted prevalence,COPD01,CDC Chronic Disease Indicators,https://data.cdc.gov/d/hksd-2xuw
USA,ID,Idaho,Rocky Mountain,43.682630005000476,-114.36373,copd,COPD among adults,2023,2023,5.6,4.9,6.3,% age-adjusted prevalence,Adults aged 18+,BRFSS age-adjusted prevalence,COPD01,CDC Chronic Disease Indicators,https://data.cdc.gov/d/hksd-2xuw
USA,ID,Idaho,Rocky Mountain,43.682630005000476,-114.36373,depression,Depression among adults,2019,2019,23.3,21.4,25.2,% age-adjusted prevalence,Adults aged 18+,BRFSS age-adjusted prevalence,MEN02,CDC Chronic Disease Indicators,https://data.cdc.gov/d/hksd-2xuw
USA,ID,Idaho,Rocky Mountain,43.682630005000476,-114.36373,depression,Depression among adults,2020,2020,19.2,17.8,20.7,% age-adjusted prevalence,Adults aged 18+,BRFSS age-adjusted prevalence,MEN02,CDC Chronic Disease Indicators,https://data.cdc.gov/d/hksd-2xuw
USA,ID,Idaho,Rocky Mountain,43.682630005000476,-114.36373,depression,Depression among adults,2021,2021,23.4,22.1,24.8,% age-adjusted prevalence,Adults aged 18+,BRFSS age-adjusted prevalence,MEN02,CDC Chronic Disease Indicators,https://data.cdc.gov/d/hksd-2xuw
USA,ID,Idaho,Rocky Mountain,43.682630005000476,-114.36373,depression,Depression among adults,2022,2022,23.2,21.9,24.5,% age-adjusted prevalence,Adults aged 18+,BRFSS age-adjusted prevalence,MEN02,CDC Chronic Disease Indicators,https://data.cdc.gov/d/hksd-2xuw
USA,ID,Idaho,Rocky Mountain,43.682630005000476,-114.36373,depression,Depression among adults,2023,2023,23.6,22.1,25.1,% age-adjusted prevalence,Adults aged 18+,BRFSS age-adjusted prevalence,MEN02,CDC Chronic Disease Indicators,https://data.cdc.gov/d/hksd-2xuw
USA,ID,Idaho,Rocky Mountain,43.682630005000476,-114.36373,diabetes,Diabetes among adults,2019,2019,9.3,8.4,10.4,% age-adjusted prevalence,Adults aged 18+,BRFSS age-adjusted prevalence,DIA01,CDC Chronic Disease Indicators,https://data.cdc.gov/d/hksd-2xuw
USA,ID,Idaho,Rocky Mountain,43.682630005000476,-114.36373,diabetes,Diabetes among adults,2020,2020,8.0,7.1,9.0,% age-adjusted prevalence,Adults aged 18+,BRFSS age-adjusted prevalence,DIA01,CDC Chronic Disease Indicators,https://data.cdc.gov/d/hksd-2xuw
USA,ID,Idaho,Rocky Mountain,43.682630005000476,-114.36373,diabetes,Diabetes among adults,2021,2021,8.8,8.1,9.6,% age-adjusted prevalence,Adults aged 18+,BRFSS age-adjusted prevalence,DIA01,CDC Chronic Disease Indicators,https://data.cdc.gov/d/hksd-2xuw
USA,ID,Idaho,Rocky Mountain,43.682630005000476,-114.36373,diabetes,Diabetes among adults,2022,2022,8.9,8.1,9.7,% age-adjusted prevalence,Adults aged 18+,BRFSS age-adjusted prevalence,DIA01,CDC Chronic Disease Indicators,https://data.cdc.gov/d/hksd-2xuw
USA,ID,Idaho,Rocky Mountain,43.682630005000476,-114.36373,diabetes,Diabetes among adults,2023,2023,8.7,7.9,9.6,% age-adjusted prevalence,Adults aged 18+,BRFSS age-adjusted prevalence,DIA01,CDC Chronic Disease Indicators,https://data.cdc.gov/d/hksd-2xuw
USA,ID,Idaho,Rocky Mountain,43.682630005000476,-114.36373,hypertension,High blood pressure among adults,2019,2019,28.7,27.0,30.4,% age-adjusted prevalence,Adults aged 18+,BRFSS age-adjusted prevalence,CVD01,CDC Chronic Disease Indicators,https://data.cdc.gov/d/hksd-2xuw
USA,ID,Idaho,Rocky Mountain,43.682630005000476,-114.36373,hypertension,High blood pressure among adults,2021,2021,28.2,27.1,29.4,% age-adjusted prevalence,Adults aged 18+,BRFSS age-adjusted prevalence,CVD01,CDC Chronic Disease Indicators,https://data.cdc.gov/d/hksd-2xuw
USA,ID,Idaho,Rocky Mountain,43.682630005000476,-114.36373,hypertension,High blood pressure among adults,2023,2023,28.5,27.2,29.9,% age-adjusted prevalence,Adults aged 18+,BRFSS age-adjusted prevalence,CVD01,CDC Chronic Disease Indicators,https://data.cdc.gov/d/hksd-2xuw
USA,ID,Idaho,Rocky Mountain,43.682630005000476,-114.36373,obesity,Obesity among adults,2019,2019,29.5,27.5,31.5,% age-adjusted prevalence,Adults aged 18+,BRFSS age-adjusted prevalence,NPW14,CDC Chronic Disease Indicators,https://data.cdc.gov/d/hksd-2xuw
USA,ID,Idaho,Rocky Mountain,43.682630005000476,-114.36373,obesity,Obesity among adults,2020,2020,31.3,29.5,33.1,% age-adjusted prevalence,Adults aged 18+,BRFSS age-adjusted prevalence,NPW14,CDC Chronic Disease Indicators,https://data.cdc.gov/d/hksd-2xuw
USA,ID,Idaho,Rocky Mountain,43.682630005000476,-114.36373,obesity,Obesity among adults,2021,2021,32.1,30.7,33.6,% age-adjusted prevalence,Adults aged 18+,BRFSS age-adjusted prevalence,NPW14,CDC Chronic Disease Indicators,https://data.cdc.gov/d/hksd-2xuw
USA,ID,Idaho,Rocky Mountain,43.682630005000476,-114.36373,obesity,Obesity among adults,2022,2022,33.6,32.1,35.1,% age-adjusted prevalence,Adults aged 18+,BRFSS age-adjusted prevalence,NPW14,CDC Chronic Disease Indicators,https://data.cdc.gov/d/hksd-2xuw
USA,ID,Idaho,Rocky Mountain,43.682630005000476,-114.36373,obesity,Obesity among adults,2023,2023,31.1,29.6,32.8,% age-adjusted prevalence,Adults aged 18+,BRFSS age-adjusted prevalence,NPW14,CDC Chronic Disease Indicators,https://data.cdc.gov/d/hksd-2xuw
USA,IL,Illinois,Great Lakes,40.48501028300046,-88.99771018,asthma,Current asthma among adults,2019,2019,8.7,7.8,9.7,% age-adjusted prevalence,Adults aged 18+,BRFSS age-adjusted prevalence,AST02,CDC Chronic Disease Indicators,https://data.cdc.gov/d/hksd-2xuw
USA,IL,Illinois,Great Lakes,40.48501028300046,-88.99771018,asthma,Current asthma among adults,2020,2020,9.1,7.9,10.5,% age-adjusted prevalence,Adults aged 18+,BRFSS age-adjusted prevalence,AST02,CDC Chronic Disease Indicators,https://data.cdc.gov/d/hksd-2xuw
USA,IL,Illinois,Great Lakes,40.48501028300046,-88.99771018,asthma,Current asthma among adults,2021,2021,9.4,8.0,11.0,% age-adjusted prevalence,Adults aged 18+,BRFSS age-adjusted prevalence,AST02,CDC Chronic Disease Indicators,https://data.cdc.gov/d/hksd-2xuw
USA,IL,Illinois,Great Lakes,40.48501028300046,-88.99771018,asthma,Current asthma among adults,2022,2022,8.8,7.7,10.0,% age-adjusted prevalence,Adults aged 18+,BRFSS age-adjusted prevalence,AST02,CDC Chronic Disease Indicators,https://data.cdc.gov/d/hksd-2xuw
USA,IL,Illinois,Great Lakes,40.48501028300046,-88.99771018,asthma,Current asthma among adults,2023,2023,9.7,8.6,10.9,% age-adjusted prevalence,Adults aged 18+,BRFSS age-adjusted prevalence,AST02,CDC Chronic Disease Indicators,https://data.cdc.gov/d/hksd-2xuw
USA,IL,Illinois,Great Lakes,40.48501028300046,-88.99771018,copd,COPD among adults,2019,2019,5.3,4.7,6.0,% age-adjusted prevalence,Adults aged 18+,BRFSS age-adjusted prevalence,COPD01,CDC Chronic Disease Indicators,https://data.cdc.gov/d/hksd-2xuw
USA,IL,Illinois,Great Lakes,40.48501028300046,-88.99771018,copd,COPD among adults,2020,2020,5.7,4.8,6.6,% age-adjusted prevalence,Adults aged 18+,BRFSS age-adjusted prevalence,COPD01,CDC Chronic Disease Indicators,https://data.cdc.gov/d/hksd-2xuw
USA,IL,Illinois,Great Lakes,40.48501028300046,-88.99771018,copd,COPD among adults,2021,2021,4.9,4.1,5.8,% age-adjusted prevalence,Adults aged 18+,BRFSS age-adjusted prevalence,COPD01,CDC Chronic Disease Indicators,https://data.cdc.gov/d/hksd-2xuw
USA,IL,Illinois,Great Lakes,40.48501028300046,-88.99771018,copd,COPD among adults,2022,2022,5.2,4.4,6.1,% age-adjusted prevalence,Adults aged 18+,BRFSS age-adjusted prevalence,COPD01,CDC Chronic Disease Indicators,https://data.cdc.gov/d/hksd-2xuw
USA,IL,Illinois,Great Lakes,40.48501028300046,-88.99771018,copd,COPD among adults,2023,2023,5.7,4.8,6.7,% age-adjusted prevalence,Adults aged 18+,BRFSS age-adjusted prevalence,COPD01,CDC Chronic Disease Indicators,https://data.cdc.gov/d/hksd-2xuw
USA,IL,Illinois,Great Lakes,40.48501028300046,-88.99771018,depression,Depression among adults,2019,2019,18.5,17.3,19.8,% age-adjusted prevalence,Adults aged 18+,BRFSS age-adjusted prevalence,MEN02,CDC Chronic Disease Indicators,https://data.cdc.gov/d/hksd-2xuw
USA,IL,Illinois,Great Lakes,40.48501028300046,-88.99771018,depression,Depression among adults,2020,2020,14.9,13.4,16.6,% age-adjusted prevalence,Adults aged 18+,BRFSS age-adjusted prevalence,MEN02,CDC Chronic Disease Indicators,https://data.cdc.gov/d/hksd-2xuw
USA,IL,Illinois,Great Lakes,40.48501028300046,-88.99771018,depression,Depression among adults,2021,2021,17.1,15.4,18.9,% age-adjusted prevalence,Adults aged 18+,BRFSS age-adjusted prevalence,MEN02,CDC Chronic Disease Indicators,https://data.cdc.gov/d/hksd-2xuw
USA,IL,Illinois,Great Lakes,40.48501028300046,-88.99771018,depression,Depression among adults,2022,2022,18.0,16.5,19.6,% age-adjusted prevalence,Adults aged 18+,BRFSS age-adjusted prevalence,MEN02,CDC Chronic Disease Indicators,https://data.cdc.gov/d/hksd-2xuw
USA,IL,Illinois,Great Lakes,40.48501028300046,-88.99771018,depression,Depression among adults,2023,2023,18.5,17.1,20.0,% age-adjusted prevalence,Adults aged 18+,BRFSS age-adjusted prevalence,MEN02,CDC Chronic Disease Indicators,https://data.cdc.gov/d/hksd-2xuw
USA,IL,Illinois,Great Lakes,40.48501028300046,-88.99771018,diabetes,Diabetes among adults,2019,2019,10.1,9.3,10.9,% age-adjusted prevalence,Adults aged 18+,BRFSS age-adjusted prevalence,DIA01,CDC Chronic Disease Indicators,https://data.cdc.gov/d/hksd-2xuw
USA,IL,Illinois,Great Lakes,40.48501028300046,-88.99771018,diabetes,Diabetes among adults,2020,2020,9.4,8.3,10.6,% age-adjusted prevalence,Adults aged 18+,BRFSS age-adjusted prevalence,DIA01,CDC Chronic Disease Indicators,https://data.cdc.gov/d/hksd-2xuw
USA,IL,Illinois,Great Lakes,40.48501028300046,-88.99771018,diabetes,Diabetes among adults,2021,2021,9.7,8.5,10.9,% age-adjusted prevalence,Adults aged 18+,BRFSS age-adjusted prevalence,DIA01,CDC Chronic Disease Indicators,https://data.cdc.gov/d/hksd-2xuw
USA,IL,Illinois,Great Lakes,40.48501028300046,-88.99771018,diabetes,Diabetes among adults,2022,2022,10.8,9.7,11.9,% age-adjusted prevalence,Adults aged 18+,BRFSS age-adjusted prevalence,DIA01,CDC Chronic Disease Indicators,https://data.cdc.gov/d/hksd-2xuw
USA,IL,Illinois,Great Lakes,40.48501028300046,-88.99771018,diabetes,Diabetes among adults,2023,2023,10.9,9.9,12.1,% age-adjusted prevalence,Adults aged 18+,BRFSS age-adjusted prevalence,DIA01,CDC Chronic Disease Indicators,https://data.cdc.gov/d/hksd-2xuw
USA,IL,Illinois,Great Lakes,40.48501028300046,-88.99771018,hypertension,High blood pressure among adults,2019,2019,29.7,28.4,31.0,% age-adjusted prevalence,Adults aged 18+,BRFSS age-adjusted prevalence,CVD01,CDC Chronic Disease Indicators,https://data.cdc.gov/d/hksd-2xuw
USA,IL,Illinois,Great Lakes,40.48501028300046,-88.99771018,hypertension,High blood pressure among adults,2021,2021,27.5,25.7,29.4,% age-adjusted prevalence,Adults aged 18+,BRFSS age-adjusted prevalence,CVD01,CDC Chronic Disease Indicators,https://data.cdc.gov/d/hksd-2xuw
USA,IL,Illinois,Great Lakes,40.48501028300046,-88.99771018,hypertension,High blood pressure among adults,2023,2023,30.5,28.9,32.2,% age-adjusted prevalence,Adults aged 18+,BRFSS age-adjusted prevalence,CVD01,CDC Chronic Disease Indicators,https://data.cdc.gov/d/hksd-2xuw
USA,IL,Illinois,Great Lakes,40.48501028300046,-88.99771018,obesity,Obesity among adults,2019,2019,31.5,30.0,33.0,% age-adjusted prevalence,Adults aged 18+,BRFSS age-adjusted prevalence,NPW14,CDC Chronic Disease Indicators,https://data.cdc.gov/d/hksd-2xuw
USA,IL,Illinois,Great Lakes,40.48501028300046,-88.99771018,obesity,Obesity among adults,2020,2020,32.5,30.2,34.8,% age-adjusted prevalence,Adults aged 18+,BRFSS age-adjusted prevalence,NPW14,CDC Chronic Disease Indicators,https://data.cdc.gov/d/hksd-2xuw
USA,IL,Illinois,Great Lakes,40.48501028300046,-88.99771018,obesity,Obesity among adults,2021,2021,34.3,32.0,36.8,% age-adjusted prevalence,Adults aged 18+,BRFSS age-adjusted prevalence,NPW14,CDC Chronic Disease Indicators,https://data.cdc.gov/d/hksd-2xuw
USA,IL,Illinois,Great Lakes,40.48501028300046,-88.99771018,obesity,Obesity among adults,2022,2022,33.0,31.1,35.0,% age-adjusted prevalence,Adults aged 18+,BRFSS age-adjusted prevalence,NPW14,CDC Chronic Disease Indicators,https://data.cdc.gov/d/hksd-2xuw
USA,IL,Illinois,Great Lakes,40.48501028300046,-88.99771018,obesity,Obesity among adults,2023,2023,36.0,34.1,37.9,% age-adjusted prevalence,Adults aged 18+,BRFSS age-adjusted prevalence,NPW14,CDC Chronic Disease Indicators,https://data.cdc.gov/d/hksd-2xuw
USA,IN,Indiana,Great Lakes,39.766910452000445,-86.14996019,asthma,Current asthma among adults,2019,2019,10.7,9.8,11.6,% age-adjusted prevalence,Adults aged 18+,BRFSS age-adjusted prevalence,AST02,CDC Chronic Disease Indicators,https://data.cdc.gov/d/hksd-2xuw
USA,IN,Indiana,Great Lakes,39.766910452000445,-86.14996019,asthma,Current asthma among adults,2020,2020,10.3,9.5,11.2,% age-adjusted prevalence,Adults aged 18+,BRFSS age-adjusted prevalence,AST02,CDC Chronic Disease Indicators,https://data.cdc.gov/d/hksd-2xuw
USA,IN,Indiana,Great Lakes,39.766910452000445,-86.14996019,asthma,Current asthma among adults,2021,2021,11.5,10.7,12.4,% age-adjusted prevalence,Adults aged 18+,BRFSS age-adjusted prevalence,AST02,CDC Chronic Disease Indicators,https://data.cdc.gov/d/hksd-2xuw
USA,IN,Indiana,Great Lakes,39.766910452000445,-86.14996019,asthma,Current asthma among adults,2022,2022,11.0,10.2,11.8,% age-adjusted prevalence,Adults aged 18+,BRFSS age-adjusted prevalence,AST02,CDC Chronic Disease Indicators,https://data.cdc.gov/d/hksd-2xuw
USA,IN,Indiana,Great Lakes,39.766910452000445,-86.14996019,asthma,Current asthma among adults,2023,2023,11.5,10.7,12.4,% age-adjusted prevalence,Adults aged 18+,BRFSS age-adjusted prevalence,AST02,CDC Chronic Disease Indicators,https://data.cdc.gov/d/hksd-2xuw
USA,IN,Indiana,Great Lakes,39.766910452000445,-86.14996019,copd,COPD among adults,2019,2019,8.3,7.6,9.0,% age-adjusted prevalence,Adults aged 18+,BRFSS age-adjusted prevalence,COPD01,CDC Chronic Disease Indicators,https://data.cdc.gov/d/hksd-2xuw
USA,IN,Indiana,Great Lakes,39.766910452000445,-86.14996019,copd,COPD among adults,2020,2020,7.6,7.0,8.3,% age-adjusted prevalence,Adults aged 18+,BRFSS age-adjusted prevalence,COPD01,CDC Chronic Disease Indicators,https://data.cdc.gov/d/hksd-2xuw
USA,IN,Indiana,Great Lakes,39.766910452000445,-86.14996019,copd,COPD among adults,2021,2021,7.8,7.2,8.4,% age-adjusted prevalence,Adults aged 18+,BRFSS age-adjusted prevalence,COPD01,CDC Chronic Disease Indicators,https://data.cdc.gov/d/hksd-2xuw
USA,IN,Indiana,Great Lakes,39.766910452000445,-86.14996019,copd,COPD among adults,2022,2022,8.1,7.5,8.7,% age-adjusted prevalence,Adults aged 18+,BRFSS age-adjusted prevalence,COPD01,CDC Chronic Disease Indicators,https://data.cdc.gov/d/hksd-2xuw
USA,IN,Indiana,Great Lakes,39.766910452000445,-86.14996019,copd,COPD among adults,2023,2023,7.7,7.1,8.3,% age-adjusted prevalence,Adults aged 18+,BRFSS age-adjusted prevalence,COPD01,CDC Chronic Disease Indicators,https://data.cdc.gov/d/hksd-2xuw
USA,IN,Indiana,Great Lakes,39.766910452000445,-86.14996019,depression,Depression among adults,2019,2019,21.2,20.0,22.3,% age-adjusted prevalence,Adults aged 18+,BRFSS age-adjusted prevalence,MEN02,CDC Chronic Disease Indicators,https://data.cdc.gov/d/hksd-2xuw
USA,IN,Indiana,Great Lakes,39.766910452000445,-86.14996019,depression,Depression among adults,2020,2020,22.3,21.2,23.5,% age-adjusted prevalence,Adults aged 18+,BRFSS age-adjusted prevalence,MEN02,CDC Chronic Disease Indicators,https://data.cdc.gov/d/hksd-2xuw
USA,IN,Indiana,Great Lakes,39.766910452000445,-86.14996019,depression,Depression among adults,2021,2021,24.7,23.6,25.9,% age-adjusted prevalence,Adults aged 18+,BRFSS age-adjusted prevalence,MEN02,CDC Chronic Disease Indicators,https://data.cdc.gov/d/hksd-2xuw
USA,IN,Indiana,Great Lakes,39.766910452000445,-86.14996019,depression,Depression among adults,2022,2022,23.3,22.2,24.4,% age-adjusted prevalence,Adults aged 18+,BRFSS age-adjusted prevalence,MEN02,CDC Chronic Disease Indicators,https://data.cdc.gov/d/hksd-2xuw
USA,IN,Indiana,Great Lakes,39.766910452000445,-86.14996019,depression,Depression among adults,2023,2023,24.8,23.7,25.9,% age-adjusted prevalence,Adults aged 18+,BRFSS age-adjusted prevalence,MEN02,CDC Chronic Disease Indicators,https://data.cdc.gov/d/hksd-2xuw
USA,IN,Indiana,Great Lakes,39.766910452000445,-86.14996019,diabetes,Diabetes among adults,2019,2019,11.3,10.6,12.1,% age-adjusted prevalence,Adults aged 18+,BRFSS age-adjusted prevalence,DIA01,CDC Chronic Disease Indicators,https://data.cdc.gov/d/hksd-2xuw
USA,IN,Indiana,Great Lakes,39.766910452000445,-86.14996019,diabetes,Diabetes among adults,2020,2020,10.7,10.0,11.4,% age-adjusted prevalence,Adults aged 18+,BRFSS age-adjusted prevalence,DIA01,CDC Chronic Disease Indicators,https://data.cdc.gov/d/hksd-2xuw
USA,IN,Indiana,Great Lakes,39.766910452000445,-86.14996019,diabetes,Diabetes among adults,2021,2021,11.0,10.3,11.7,% age-adjusted prevalence,Adults aged 18+,BRFSS age-adjusted prevalence,DIA01,CDC Chronic Disease Indicators,https://data.cdc.gov/d/hksd-2xuw
USA,IN,Indiana,Great Lakes,39.766910452000445,-86.14996019,diabetes,Diabetes among adults,2022,2022,11.3,10.7,12.0,% age-adjusted prevalence,Adults aged 18+,BRFSS age-adjusted prevalence,DIA01,CDC Chronic Disease Indicators,https://data.cdc.gov/d/hksd-2xuw
USA,IN,Indiana,Great Lakes,39.766910452000445,-86.14996019,diabetes,Diabetes among adults,2023,2023,11.7,11.1,12.4,% age-adjusted prevalence,Adults aged 18+,BRFSS age-adjusted prevalence,DIA01,CDC Chronic Disease Indicators,https://data.cdc.gov/d/hksd-2xuw
USA,IN,Indiana,Great Lakes,39.766910452000445,-86.14996019,hypertension,High blood pressure among adults,2019,2019,32.4,31.3,33.6,% age-adjusted prevalence,Adults aged 18+,BRFSS age-adjusted prevalence,CVD01,CDC Chronic Disease Indicators,https://data.cdc.gov/d/hksd-2xuw
USA,IN,Indiana,Great Lakes,39.766910452000445,-86.14996019,hypertension,High blood pressure among adults,2021,2021,31.9,30.9,33.0,% age-adjusted prevalence,Adults aged 18+,BRFSS age-adjusted prevalence,CVD01,CDC Chronic Disease Indicators,https://data.cdc.gov/d/hksd-2xuw
USA,IN,Indiana,Great Lakes,39.766910452000445,-86.14996019,hypertension,High blood pressure among adults,2023,2023,34.7,33.7,35.7,% age-adjusted prevalence,Adults aged 18+,BRFSS age-adjusted prevalence,CVD01,CDC Chronic Disease Indicators,https://data.cdc.gov/d/hksd-2xuw
USA,IN,Indiana,Great Lakes,39.766910452000445,-86.14996019,obesity,Obesity among adults,2019,2019,35.4,34.0,36.8,% age-adjusted prevalence,Adults aged 18+,BRFSS age-adjusted prevalence,NPW14,CDC Chronic Disease Indicators,https://data.cdc.gov/d/hksd-2xuw
USA,IN,Indiana,Great Lakes,39.766910452000445,-86.14996019,obesity,Obesity among adults,2020,2020,37.2,35.8,38.6,% age-adjusted prevalence,Adults aged 18+,BRFSS age-adjusted prevalence,NPW14,CDC Chronic Disease Indicators,https://data.cdc.gov/d/hksd-2xuw
USA,IN,Indiana,Great Lakes,39.766910452000445,-86.14996019,obesity,Obesity among adults,2021,2021,36.7,35.4,38.0,% age-adjusted prevalence,Adults aged 18+,BRFSS age-adjusted prevalence,NPW14,CDC Chronic Disease Indicators,https://data.cdc.gov/d/hksd-2xuw
USA,IN,Indiana,Great Lakes,39.766910452000445,-86.14996019,obesity,Obesity among adults,2022,2022,38.4,37.0,39.7,% age-adjusted prevalence,Adults aged 18+,BRFSS age-adjusted prevalence,NPW14,CDC Chronic Disease Indicators,https://data.cdc.gov/d/hksd-2xuw
USA,IN,Indiana,Great Lakes,39.766910452000445,-86.14996019,obesity,Obesity among adults,2023,2023,38.4,37.1,39.7,% age-adjusted prevalence,Adults aged 18+,BRFSS age-adjusted prevalence,NPW14,CDC Chronic Disease Indicators,https://data.cdc.gov/d/hksd-2xuw
USA,KS,Kansas,Plains,38.34774030000045,-98.20078123,asthma,Current asthma among adults,2019,2019,10.7,10.0,11.5,% age-adjusted prevalence,Adults aged 18+,BRFSS age-adjusted prevalence,AST02,CDC Chronic Disease Indicators,https://data.cdc.gov/d/hksd-2xuw
USA,KS,Kansas,Plains,38.34774030000045,-98.20078123,asthma,Current asthma among adults,2020,2020,10.6,9.8,11.4,% age-adjusted prevalence,Adults aged 18+,BRFSS age-adjusted prevalence,AST02,CDC Chronic Disease Indicators,https://data.cdc.gov/d/hksd-2xuw
USA,KS,Kansas,Plains,38.34774030000045,-98.20078123,asthma,Current asthma among adults,2021,2021,11.5,10.9,12.1,% age-adjusted prevalence,Adults aged 18+,BRFSS age-adjusted prevalence,AST02,CDC Chronic Disease Indicators,https://data.cdc.gov/d/hksd-2xuw
USA,KS,Kansas,Plains,38.34774030000045,-98.20078123,asthma,Current asthma among adults,2022,2022,10.8,10.0,11.6,% age-adjusted prevalence,Adults aged 18+,BRFSS age-adjusted prevalence,AST02,CDC Chronic Disease Indicators,https://data.cdc.gov/d/hksd-2xuw
USA,KS,Kansas,Plains,38.34774030000045,-98.20078123,asthma,Current asthma among adults,2023,2023,10.1,9.3,11.0,% age-adjusted prevalence,Adults aged 18+,BRFSS age-adjusted prevalence,AST02,CDC Chronic Disease Indicators,https://data.cdc.gov/d/hksd-2xuw
USA,KS,Kansas,Plains,38.34774030000045,-98.20078123,copd,COPD among adults,2019,2019,6.0,5.5,6.6,% age-adjusted prevalence,Adults aged 18+,BRFSS age-adjusted prevalence,COPD01,CDC Chronic Disease Indicators,https://data.cdc.gov/d/hksd-2xuw
USA,KS,Kansas,Plains,38.34774030000045,-98.20078123,copd,COPD among adults,2020,2020,5.8,5.3,6.3,% age-adjusted prevalence,Adults aged 18+,BRFSS age-adjusted prevalence,COPD01,CDC Chronic Disease Indicators,https://data.cdc.gov/d/hksd-2xuw
USA,KS,Kansas,Plains,38.34774030000045,-98.20078123,copd,COPD among adults,2021,2021,5.8,5.4,6.2,% age-adjusted prevalence,Adults aged 18+,BRFSS age-adjusted prevalence,COPD01,CDC Chronic Disease Indicators,https://data.cdc.gov/d/hksd-2xuw
USA,KS,Kansas,Plains,38.34774030000045,-98.20078123,copd,COPD among adults,2022,2022,6.4,5.9,7.1,% age-adjusted prevalence,Adults aged 18+,BRFSS age-adjusted prevalence,COPD01,CDC Chronic Disease Indicators,https://data.cdc.gov/d/hksd-2xuw
USA,KS,Kansas,Plains,38.34774030000045,-98.20078123,copd,COPD among adults,2023,2023,5.9,5.3,6.5,% age-adjusted prevalence,Adults aged 18+,BRFSS age-adjusted prevalence,COPD01,CDC Chronic Disease Indicators,https://data.cdc.gov/d/hksd-2xuw
USA,KS,Kansas,Plains,38.34774030000045,-98.20078123,depression,Depression among adults,2019,2019,20.4,19.4,21.4,% age-adjusted prevalence,Adults aged 18+,BRFSS age-adjusted prevalence,MEN02,CDC Chronic Disease Indicators,https://data.cdc.gov/d/hksd-2xuw
USA,KS,Kansas,Plains,38.34774030000045,-98.20078123,depression,Depression among adults,2020,2020,19.6,18.6,20.7,% age-adjusted prevalence,Adults aged 18+,BRFSS age-adjusted prevalence,MEN02,CDC Chronic Disease Indicators,https://data.cdc.gov/d/hksd-2xuw
USA,KS,Kansas,Plains,38.34774030000045,-98.20078123,depression,Depression among adults,2021,2021,21.1,20.3,21.9,% age-adjusted prevalence,Adults aged 18+,BRFSS age-adjusted prevalence,MEN02,CDC Chronic Disease Indicators,https://data.cdc.gov/d/hksd-2xuw
USA,KS,Kansas,Plains,38.34774030000045,-98.20078123,depression,Depression among adults,2022,2022,20.1,19.0,21.2,% age-adjusted prevalence,Adults aged 18+,BRFSS age-adjusted prevalence,MEN02,CDC Chronic Disease Indicators,https://data.cdc.gov/d/hksd-2xuw
USA,KS,Kansas,Plains,38.34774030000045,-98.20078123,depression,Depression among adults,2023,2023,21.9,20.7,23.1,% age-adjusted prevalence,Adults aged 18+,BRFSS age-adjusted prevalence,MEN02,CDC Chronic Disease Indicators,https://data.cdc.gov/d/hksd-2xuw
USA,KS,Kansas,Plains,38.34774030000045,-98.20078123,diabetes,Diabetes among adults,2019,2019,9.9,9.3,10.5,% age-adjusted prevalence,Adults aged 18+,BRFSS age-adjusted prevalence,DIA01,CDC Chronic Disease Indicators,https://data.cdc.gov/d/hksd-2xuw
USA,KS,Kansas,Plains,38.34774030000045,-98.20078123,diabetes,Diabetes among adults,2020,2020,10.1,9.5,10.8,% age-adjusted prevalence,Adults aged 18+,BRFSS age-adjusted prevalence,DIA01,CDC Chronic Disease Indicators,https://data.cdc.gov/d/hksd-2xuw
USA,KS,Kansas,Plains,38.34774030000045,-98.20078123,diabetes,Diabetes among adults,2021,2021,10.1,9.6,10.7,% age-adjusted prevalence,Adults aged 18+,BRFSS age-adjusted prevalence,DIA01,CDC Chronic Disease Indicators,https://data.cdc.gov/d/hksd-2xuw
USA,KS,Kansas,Plains,38.34774030000045,-98.20078123,diabetes,Diabetes among adults,2022,2022,10.2,9.6,10.9,% age-adjusted prevalence,Adults aged 18+,BRFSS age-adjusted prevalence,DIA01,CDC Chronic Disease Indicators,https://data.cdc.gov/d/hksd-2xuw
USA,KS,Kansas,Plains,38.34774030000045,-98.20078123,diabetes,Diabetes among adults,2023,2023,10.5,9.7,11.3,% age-adjusted prevalence,Adults aged 18+,BRFSS age-adjusted prevalence,DIA01,CDC Chronic Disease Indicators,https://data.cdc.gov/d/hksd-2xuw
USA,KS,Kansas,Plains,38.34774030000045,-98.20078123,hypertension,High blood pressure among adults,2019,2019,31.6,30.7,32.6,% age-adjusted prevalence,Adults aged 18+,BRFSS age-adjusted prevalence,CVD01,CDC Chronic Disease Indicators,https://data.cdc.gov/d/hksd-2xuw
USA,KS,Kansas,Plains,38.34774030000045,-98.20078123,hypertension,High blood pressure among adults,2021,2021,32.0,31.2,32.8,% age-adjusted prevalence,Adults aged 18+,BRFSS age-adjusted prevalence,CVD01,CDC Chronic Disease Indicators,https://data.cdc.gov/d/hksd-2xuw
USA,KS,Kansas,Plains,38.34774030000045,-98.20078123,hypertension,High blood pressure among adults,2023,2023,32.1,31.0,33.3,% age-adjusted prevalence,Adults aged 18+,BRFSS age-adjusted prevalence,CVD01,CDC Chronic Disease Indicators,https://data.cdc.gov/d/hksd-2xuw
USA,KS,Kansas,Plains,38.34774030000045,-98.20078123,obesity,Obesity among adults,2019,2019,35.6,34.4,36.8,% age-adjusted prevalence,Adults aged 18+,BRFSS age-adjusted prevalence,NPW14,CDC Chronic Disease Indicators,https://data.cdc.gov/d/hksd-2xuw
USA,KS,Kansas,Plains,38.34774030000045,-98.20078123,obesity,Obesity among adults,2020,2020,35.8,34.6,37.1,% age-adjusted prevalence,Adults aged 18+,BRFSS age-adjusted prevalence,NPW14,CDC Chronic Disease Indicators,https://data.cdc.gov/d/hksd-2xuw
USA,KS,Kansas,Plains,38.34774030000045,-98.20078123,obesity,Obesity among adults,2021,2021,36.7,35.7,37.6,% age-adjusted prevalence,Adults aged 18+,BRFSS age-adjusted prevalence,NPW14,CDC Chronic Disease Indicators,https://data.cdc.gov/d/hksd-2xuw
USA,KS,Kansas,Plains,38.34774030000045,-98.20078123,obesity,Obesity among adults,2022,2022,36.5,35.1,37.8,% age-adjusted prevalence,Adults aged 18+,BRFSS age-adjusted prevalence,NPW14,CDC Chronic Disease Indicators,https://data.cdc.gov/d/hksd-2xuw
USA,KS,Kansas,Plains,38.34774030000045,-98.20078123,obesity,Obesity among adults,2023,2023,36.7,35.3,38.1,% age-adjusted prevalence,Adults aged 18+,BRFSS age-adjusted prevalence,NPW14,CDC Chronic Disease Indicators,https://data.cdc.gov/d/hksd-2xuw
USA,KY,Kentucky,Southeast,37.645970271000465,-84.77497105,asthma,Current asthma among adults,2019,2019,10.4,9.3,11.5,% age-adjusted prevalence,Adults aged 18+,BRFSS age-adjusted prevalence,AST02,CDC Chronic Disease Indicators,https://data.cdc.gov/d/hksd-2xuw
USA,KY,Kentucky,Southeast,37.645970271000465,-84.77497105,asthma,Current asthma among adults,2020,2020,12.3,11.0,13.7,% age-adjusted prevalence,Adults aged 18+,BRFSS age-adjusted prevalence,AST02,CDC Chronic Disease Indicators,https://data.cdc.gov/d/hksd-2xuw
USA,KY,Kentucky,Southeast,37.645970271000465,-84.77497105,asthma,Current asthma among adults,2021,2021,12.5,11.3,13.7,% age-adjusted prevalence,Adults aged 18+,BRFSS age-adjusted prevalence,AST02,CDC Chronic Disease Indicators,https://data.cdc.gov/d/hksd-2xuw
USA,KY,Kentucky,Southeast,37.645970271000465,-84.77497105,asthma,Current asthma among adults,2022,2022,11.0,9.7,12.5,% age-adjusted prevalence,Adults aged 18+,BRFSS age-adjusted prevalence,AST02,CDC Chronic Disease Indicators,https://data.cdc.gov/d/hksd-2xuw
USA,KY,Kentucky,Southeast,37.645970271000465,-84.77497105,copd,COPD among adults,2019,2019,9.7,8.8,10.7,% age-adjusted prevalence,Adults aged 18+,BRFSS age-adjusted prevalence,COPD01,CDC Chronic Disease Indicators,https://data.cdc.gov/d/hksd-2xuw
USA,KY,Kentucky,Southeast,37.645970271000465,-84.77497105,copd,COPD among adults,2020,2020,11.1,10.0,12.3,% age-adjusted prevalence,Adults aged 18+,BRFSS age-adjusted prevalence,COPD01,CDC Chronic Disease Indicators,https://data.cdc.gov/d/hksd-2xuw
USA,KY,Kentucky,Southeast,37.645970271000465,-84.77497105,copd,COPD among adults,2021,2021,10.1,9.1,11.1,% age-adjusted prevalence,Adults aged 18+,BRFSS age-adjusted prevalence,COPD01,CDC Chronic Disease Indicators,https://data.cdc.gov/d/hksd-2xuw
USA,KY,Kentucky,Southeast,37.645970271000465,-84.77497105,copd,COPD among adults,2022,2022,10.4,9.3,11.7,% age-adjusted prevalence,Adults aged 18+,BRFSS age-adjusted prevalence,COPD01,CDC Chronic Disease Indicators,https://data.cdc.gov/d/hksd-2xuw
USA,KY,Kentucky,Southeast,37.645970271000465,-84.77497105,depression,Depression among adults,2019,2019,26.4,24.8,28.1,% age-adjusted prevalence,Adults aged 18+,BRFSS age-adjusted prevalence,MEN02,CDC Chronic Disease Indicators,https://data.cdc.gov/d/hksd-2xuw
USA,KY,Kentucky,Southeast,37.645970271000465,-84.77497105,depression,Depression among adults,2020,2020,24.7,23.0,26.6,% age-adjusted prevalence,Adults aged 18+,BRFSS age-adjusted prevalence,MEN02,CDC Chronic Disease Indicators,https://data.cdc.gov/d/hksd-2xuw
USA,KY,Kentucky,Southeast,37.645970271000465,-84.77497105,depression,Depression among adults,2021,2021,27.5,25.8,29.4,% age-adjusted prevalence,Adults aged 18+,BRFSS age-adjusted prevalence,MEN02,CDC Chronic Disease Indicators,https://data.cdc.gov/d/hksd-2xuw
USA,KY,Kentucky,Southeast,37.645970271000465,-84.77497105,depression,Depression among adults,2022,2022,26.4,24.4,28.4,% age-adjusted prevalence,Adults aged 18+,BRFSS age-adjusted prevalence,MEN02,CDC Chronic Disease Indicators,https://data.cdc.gov/d/hksd-2xuw
USA,KY,Kentucky,Southeast,37.645970271000465,-84.77497105,diabetes,Diabetes among adults,2019,2019,11.8,10.9,12.7,% age-adjusted prevalence,Adults aged 18+,BRFSS age-adjusted prevalence,DIA01,CDC Chronic Disease Indicators,https://data.cdc.gov/d/hksd-2xuw
USA,KY,Kentucky,Southeast,37.645970271000465,-84.77497105,diabetes,Diabetes among adults,2020,2020,11.6,10.5,12.7,% age-adjusted prevalence,Adults aged 18+,BRFSS age-adjusted prevalence,DIA01,CDC Chronic Disease Indicators,https://data.cdc.gov/d/hksd-2xuw
USA,KY,Kentucky,Southeast,37.645970271000465,-84.77497105,diabetes,Diabetes among adults,2021,2021,12.5,11.4,13.8,% age-adjusted prevalence,Adults aged 18+,BRFSS age-adjusted prevalence,DIA01,CDC Chronic Disease Indicators,https://data.cdc.gov/d/hksd-2xuw
USA,KY,Kentucky,Southeast,37.645970271000465,-84.77497105,diabetes,Diabetes among adults,2022,2022,13.0,11.8,14.4,% age-adjusted prevalence,Adults aged 18+,BRFSS age-adjusted prevalence,DIA01,CDC Chronic Disease Indicators,https://data.cdc.gov/d/hksd-2xuw
USA,KY,Kentucky,Southeast,37.645970271000465,-84.77497105,hypertension,High blood pressure among adults,2019,2019,38.0,36.4,39.7,% age-adjusted prevalence,Adults aged 18+,BRFSS age-adjusted prevalence,CVD01,CDC Chronic Disease Indicators,https://data.cdc.gov/d/hksd-2xuw
USA,KY,Kentucky,Southeast,37.645970271000465,-84.77497105,hypertension,High blood pressure among adults,2021,2021,37.1,35.5,38.8,% age-adjusted prevalence,Adults aged 18+,BRFSS age-adjusted prevalence,CVD01,CDC Chronic Disease Indicators,https://data.cdc.gov/d/hksd-2xuw
USA,KY,Kentucky,Southeast,37.645970271000465,-84.77497105,obesity,Obesity among adults,2019,2019,36.4,34.6,38.3,% age-adjusted prevalence,Adults aged 18+,BRFSS age-adjusted prevalence,NPW14,CDC Chronic Disease Indicators,https://data.cdc.gov/d/hksd-2xuw
USA,KY,Kentucky,Southeast,37.645970271000465,-84.77497105,obesity,Obesity among adults,2020,2020,37.0,35.0,39.1,% age-adjusted prevalence,Adults aged 18+,BRFSS age-adjusted prevalence,NPW14,CDC Chronic Disease Indicators,https://data.cdc.gov/d/hksd-2xuw
USA,KY,Kentucky,Southeast,37.645970271000465,-84.77497105,obesity,Obesity among adults,2021,2021,40.6,38.6,42.6,% age-adjusted prevalence,Adults aged 18+,BRFSS age-adjusted prevalence,NPW14,CDC Chronic Disease Indicators,https://data.cdc.gov/d/hksd-2xuw
USA,KY,Kentucky,Southeast,37.645970271000465,-84.77497105,obesity,Obesity among adults,2022,2022,38.1,35.9,40.4,% age-adjusted prevalence,Adults aged 18+,BRFSS age-adjusted prevalence,NPW14,CDC Chronic Disease Indicators,https://data.cdc.gov/d/hksd-2xuw
USA,LA,Louisiana,Southeast,31.31266064400046,-92.44568007,asthma,Current asthma among adults,2019,2019,8.5,7.6,9.5,% age-adjusted prevalence,Adults aged 18+,BRFSS age-adjusted prevalence,AST02,CDC Chronic Disease Indicators,https://data.cdc.gov/d/hksd-2xuw
USA,LA,Louisiana,Southeast,31.31266064400046,-92.44568007,asthma,Current asthma among adults,2020,2020,8.8,7.7,10.0,% age-adjusted prevalence,Adults aged 18+,BRFSS age-adjusted prevalence,AST02,CDC Chronic Disease Indicators,https://data.cdc.gov/d/hksd-2xuw
USA,LA,Louisiana,Southeast,31.31266064400046,-92.44568007,asthma,Current asthma among adults,2021,2021,10.4,9.3,11.8,% age-adjusted prevalence,Adults aged 18+,BRFSS age-adjusted prevalence,AST02,CDC Chronic Disease Indicators,https://data.cdc.gov/d/hksd-2xuw
USA,LA,Louisiana,Southeast,31.31266064400046,-92.44568007,asthma,Current asthma among adults,2022,2022,9.9,8.9,11.1,% age-adjusted prevalence,Adults aged 18+,BRFSS age-adjusted prevalence,AST02,CDC Chronic Disease Indicators,https://data.cdc.gov/d/hksd-2xuw
USA,LA,Louisiana,Southeast,31.31266064400046,-92.44568007,asthma,Current asthma among adults,2023,2023,10.8,9.6,12.2,% age-adjusted prevalence,Adults aged 18+,BRFSS age-adjusted prevalence,AST02,CDC Chronic Disease Indicators,https://data.cdc.gov/d/hksd-2xuw
USA,LA,Louisiana,Southeast,31.31266064400046,-92.44568007,copd,COPD among adults,2019,2019,8.2,7.3,9.2,% age-adjusted prevalence,Adults aged 18+,BRFSS age-adjusted prevalence,COPD01,CDC Chronic Disease Indicators,https://data.cdc.gov/d/hksd-2xuw
USA,LA,Louisiana,Southeast,31.31266064400046,-92.44568007,copd,COPD among adults,2020,2020,8.0,7.0,9.2,% age-adjusted prevalence,Adults aged 18+,BRFSS age-adjusted prevalence,COPD01,CDC Chronic Disease Indicators,https://data.cdc.gov/d/hksd-2xuw
USA,LA,Louisiana,Southeast,31.31266064400046,-92.44568007,copd,COPD among adults,2021,2021,8.2,7.3,9.2,% age-adjusted prevalence,Adults aged 18+,BRFSS age-adjusted prevalence,COPD01,CDC Chronic Disease Indicators,https://data.cdc.gov/d/hksd-2xuw
USA,LA,Louisiana,Southeast,31.31266064400046,-92.44568007,copd,COPD among adults,2022,2022,8.5,7.7,9.4,% age-adjusted prevalence,Adults aged 18+,BRFSS age-adjusted prevalence,COPD01,CDC Chronic Disease Indicators,https://data.cdc.gov/d/hksd-2xuw
USA,LA,Louisiana,Southeast,31.31266064400046,-92.44568007,copd,COPD among adults,2023,2023,7.9,7.0,9.0,% age-adjusted prevalence,Adults aged 18+,BRFSS age-adjusted prevalence,COPD01,CDC Chronic Disease Indicators,https://data.cdc.gov/d/hksd-2xuw
USA,LA,Louisiana,Southeast,31.31266064400046,-92.44568007,depression,Depression among adults,2019,2019,24.1,22.5,25.7,% age-adjusted prevalence,Adults aged 18+,BRFSS age-adjusted prevalence,MEN02,CDC Chronic Disease Indicators,https://data.cdc.gov/d/hksd-2xuw
USA,LA,Louisiana,Southeast,31.31266064400046,-92.44568007,depression,Depression among adults,2020,2020,24.0,22.3,25.8,% age-adjusted prevalence,Adults aged 18+,BRFSS age-adjusted prevalence,MEN02,CDC Chronic Disease Indicators,https://data.cdc.gov/d/hksd-2xuw
USA,LA,Louisiana,Southeast,31.31266064400046,-92.44568007,depression,Depression among adults,2021,2021,25.1,23.4,26.8,% age-adjusted prevalence,Adults aged 18+,BRFSS age-adjusted prevalence,MEN02,CDC Chronic Disease Indicators,https://data.cdc.gov/d/hksd-2xuw
USA,LA,Louisiana,Southeast,31.31266064400046,-92.44568007,depression,Depression among adults,2022,2022,27.0,25.4,28.6,% age-adjusted prevalence,Adults aged 18+,BRFSS age-adjusted prevalence,MEN02,CDC Chronic Disease Indicators,https://data.cdc.gov/d/hksd-2xuw
USA,LA,Louisiana,Southeast,31.31266064400046,-92.44568007,depression,Depression among adults,2023,2023,26.3,24.7,28.0,% age-adjusted prevalence,Adults aged 18+,BRFSS age-adjusted prevalence,MEN02,CDC Chronic Disease Indicators,https://data.cdc.gov/d/hksd-2xuw
USA,LA,Louisiana,Southeast,31.31266064400046,-92.44568007,diabetes,Diabetes among adults,2019,2019,11.5,10.5,12.4,% age-adjusted prevalence,Adults aged 18+,BRFSS age-adjusted prevalence,DIA01,CDC Chronic Disease Indicators,https://data.cdc.gov/d/hksd-2xuw
USA,LA,Louisiana,Southeast,31.31266064400046,-92.44568007,diabetes,Diabetes among adults,2020,2020,12.9,11.8,14.1,% age-adjusted prevalence,Adults aged 18+,BRFSS age-adjusted prevalence,DIA01,CDC Chronic Disease Indicators,https://data.cdc.gov/d/hksd-2xuw
USA,LA,Louisiana,Southeast,31.31266064400046,-92.44568007,diabetes,Diabetes among adults,2021,2021,12.5,11.3,13.7,% age-adjusted prevalence,Adults aged 18+,BRFSS age-adjusted prevalence,DIA01,CDC Chronic Disease Indicators,https://data.cdc.gov/d/hksd-2xuw
USA,LA,Louisiana,Southeast,31.31266064400046,-92.44568007,diabetes,Diabetes among adults,2022,2022,13.3,12.3,14.3,% age-adjusted prevalence,Adults aged 18+,BRFSS age-adjusted prevalence,DIA01,CDC Chronic Disease Indicators,https://data.cdc.gov/d/hksd-2xuw
USA,LA,Louisiana,Southeast,31.31266064400046,-92.44568007,diabetes,Diabetes among adults,2023,2023,14.6,13.4,15.8,% age-adjusted prevalence,Adults aged 18+,BRFSS age-adjusted prevalence,DIA01,CDC Chronic Disease Indicators,https://data.cdc.gov/d/hksd-2xuw
USA,LA,Louisiana,Southeast,31.31266064400046,-92.44568007,hypertension,High blood pressure among adults,2019,2019,37.7,36.1,39.3,% age-adjusted prevalence,Adults aged 18+,BRFSS age-adjusted prevalence,CVD01,CDC Chronic Disease Indicators,https://data.cdc.gov/d/hksd-2xuw
USA,LA,Louisiana,Southeast,31.31266064400046,-92.44568007,hypertension,High blood pressure among adults,2021,2021,37.7,36.0,39.4,% age-adjusted prevalence,Adults aged 18+,BRFSS age-adjusted prevalence,CVD01,CDC Chronic Disease Indicators,https://data.cdc.gov/d/hksd-2xuw
USA,LA,Louisiana,Southeast,31.31266064400046,-92.44568007,hypertension,High blood pressure among adults,2023,2023,40.4,38.7,42.0,% age-adjusted prevalence,Adults aged 18+,BRFSS age-adjusted prevalence,CVD01,CDC Chronic Disease Indicators,https://data.cdc.gov/d/hksd-2xuw
USA,LA,Louisiana,Southeast,31.31266064400046,-92.44568007,obesity,Obesity among adults,2019,2019,36.2,34.4,38.1,% age-adjusted prevalence,Adults aged 18+,BRFSS age-adjusted prevalence,NPW14,CDC Chronic Disease Indicators,https://data.cdc.gov/d/hksd-2xuw
USA,LA,Louisiana,Southeast,31.31266064400046,-92.44568007,obesity,Obesity among adults,2020,2020,38.3,36.2,40.3,% age-adjusted prevalence,Adults aged 18+,BRFSS age-adjusted prevalence,NPW14,CDC Chronic Disease Indicators,https://data.cdc.gov/d/hksd-2xuw
USA,LA,Louisiana,Southeast,31.31266064400046,-92.44568007,obesity,Obesity among adults,2021,2021,38.7,36.7,40.7,% age-adjusted prevalence,Adults aged 18+,BRFSS age-adjusted prevalence,NPW14,CDC Chronic Disease Indicators,https://data.cdc.gov/d/hksd-2xuw
USA,LA,Louisiana,Southeast,31.31266064400046,-92.44568007,obesity,Obesity among adults,2022,2022,40.3,38.5,42.2,% age-adjusted prevalence,Adults aged 18+,BRFSS age-adjusted prevalence,NPW14,CDC Chronic Disease Indicators,https://data.cdc.gov/d/hksd-2xuw
USA,LA,Louisiana,Southeast,31.31266064400046,-92.44568007,obesity,Obesity among adults,2023,2023,40.2,38.3,42.1,% age-adjusted prevalence,Adults aged 18+,BRFSS age-adjusted prevalence,NPW14,CDC Chronic Disease Indicators,https://data.cdc.gov/d/hksd-2xuw
USA,MA,Massachusetts,New England,42.27687047000046,-72.08269067,asthma,Current asthma among adults,2019,2019,11.1,10.2,12.1,% age-adjusted prevalence,Adults aged 18+,BRFSS age-adjusted prevalence,AST02,CDC Chronic Disease Indicators,https://data.cdc.gov/d/hksd-2xuw
USA,MA,Massachusetts,New England,42.27687047000046,-72.08269067,asthma,Current asthma among adults,2020,2020,11.4,10.4,12.5,% age-adjusted prevalence,Adults aged 18+,BRFSS age-adjusted prevalence,AST02,CDC Chronic Disease Indicators,https://data.cdc.gov/d/hksd-2xuw
USA,MA,Massachusetts,New England,42.27687047000046,-72.08269067,asthma,Current asthma among adults,2021,2021,12.7,11.7,13.8,% age-adjusted prevalence,Adults aged 18+,BRFSS age-adjusted prevalence,AST02,CDC Chronic Disease Indicators,https://data.cdc.gov/d/hksd-2xuw
USA,MA,Massachusetts,New England,42.27687047000046,-72.08269067,asthma,Current asthma among adults,2022,2022,11.4,10.6,12.3,% age-adjusted prevalence,Adults aged 18+,BRFSS age-adjusted prevalence,AST02,CDC Chronic Disease Indicators,https://data.cdc.gov/d/hksd-2xuw
USA,MA,Massachusetts,New England,42.27687047000046,-72.08269067,asthma,Current asthma among adults,2023,2023,12.1,11.1,13.1,% age-adjusted prevalence,Adults aged 18+,BRFSS age-adjusted prevalence,AST02,CDC Chronic Disease Indicators,https://data.cdc.gov/d/hksd-2xuw
USA,MA,Massachusetts,New England,42.27687047000046,-72.08269067,copd,COPD among adults,2019,2019,4.4,3.9,4.9,% age-adjusted prevalence,Adults aged 18+,BRFSS age-adjusted prevalence,COPD01,CDC Chronic Disease Indicators,https://data.cdc.gov/d/hksd-2xuw
USA,MA,Massachusetts,New England,42.27687047000046,-72.08269067,copd,COPD among adults,2020,2020,4.0,3.4,4.6,% age-adjusted prevalence,Adults aged 18+,BRFSS age-adjusted prevalence,COPD01,CDC Chronic Disease Indicators,https://data.cdc.gov/d/hksd-2xuw
USA,MA,Massachusetts,New England,42.27687047000046,-72.08269067,copd,COPD among adults,2021,2021,5.3,4.7,6.0,% age-adjusted prevalence,Adults aged 18+,BRFSS age-adjusted prevalence,COPD01,CDC Chronic Disease Indicators,https://data.cdc.gov/d/hksd-2xuw
USA,MA,Massachusetts,New England,42.27687047000046,-72.08269067,copd,COPD among adults,2022,2022,5.1,4.6,5.7,% age-adjusted prevalence,Adults aged 18+,BRFSS age-adjusted prevalence,COPD01,CDC Chronic Disease Indicators,https://data.cdc.gov/d/hksd-2xuw
USA,MA,Massachusetts,New England,42.27687047000046,-72.08269067,copd,COPD among adults,2023,2023,5.2,4.6,5.9,% age-adjusted prevalence,Adults aged 18+,BRFSS age-adjusted prevalence,COPD01,CDC Chronic Disease Indicators,https://data.cdc.gov/d/hksd-2xuw
USA,MA,Massachusetts,New England,42.27687047000046,-72.08269067,depression,Depression among adults,2019,2019,18.9,17.7,20.1,% age-adjusted prevalence,Adults aged 18+,BRFSS age-adjusted prevalence,MEN02,CDC Chronic Disease Indicators,https://data.cdc.gov/d/hksd-2xuw
USA,MA,Massachusetts,New England,42.27687047000046,-72.08269067,depression,Depression among adults,2020,2020,18.3,17.0,19.7,% age-adjusted prevalence,Adults aged 18+,BRFSS age-adjusted prevalence,MEN02,CDC Chronic Disease Indicators,https://data.cdc.gov/d/hksd-2xuw
USA,MA,Massachusetts,New England,42.27687047000046,-72.08269067,depression,Depression among adults,2021,2021,19.1,17.9,20.3,% age-adjusted prevalence,Adults aged 18+,BRFSS age-adjusted prevalence,MEN02,CDC Chronic Disease Indicators,https://data.cdc.gov/d/hksd-2xuw
USA,MA,Massachusetts,New England,42.27687047000046,-72.08269067,depression,Depression among adults,2022,2022,22.2,21.1,23.4,% age-adjusted prevalence,Adults aged 18+,BRFSS age-adjusted prevalence,MEN02,CDC Chronic Disease Indicators,https://data.cdc.gov/d/hksd-2xuw
USA,MA,Massachusetts,New England,42.27687047000046,-72.08269067,depression,Depression among adults,2023,2023,23.1,21.8,24.4,% age-adjusted prevalence,Adults aged 18+,BRFSS age-adjusted prevalence,MEN02,CDC Chronic Disease Indicators,https://data.cdc.gov/d/hksd-2xuw
USA,MA,Massachusetts,New England,42.27687047000046,-72.08269067,diabetes,Diabetes among adults,2019,2019,7.5,6.8,8.2,% age-adjusted prevalence,Adults aged 18+,BRFSS age-adjusted prevalence,DIA01,CDC Chronic Disease Indicators,https://data.cdc.gov/d/hksd-2xuw
USA,MA,Massachusetts,New England,42.27687047000046,-72.08269067,diabetes,Diabetes among adults,2020,2020,7.7,7.0,8.6,% age-adjusted prevalence,Adults aged 18+,BRFSS age-adjusted prevalence,DIA01,CDC Chronic Disease Indicators,https://data.cdc.gov/d/hksd-2xuw
USA,MA,Massachusetts,New England,42.27687047000046,-72.08269067,diabetes,Diabetes among adults,2021,2021,7.9,7.1,8.7,% age-adjusted prevalence,Adults aged 18+,BRFSS age-adjusted prevalence,DIA01,CDC Chronic Disease Indicators,https://data.cdc.gov/d/hksd-2xuw
USA,MA,Massachusetts,New England,42.27687047000046,-72.08269067,diabetes,Diabetes among adults,2022,2022,9.2,8.5,10.0,% age-adjusted prevalence,Adults aged 18+,BRFSS age-adjusted prevalence,DIA01,CDC Chronic Disease Indicators,https://data.cdc.gov/d/hksd-2xuw
USA,MA,Massachusetts,New England,42.27687047000046,-72.08269067,diabetes,Diabetes among adults,2023,2023,8.5,7.8,9.4,% age-adjusted prevalence,Adults aged 18+,BRFSS age-adjusted prevalence,DIA01,CDC Chronic Disease Indicators,https://data.cdc.gov/d/hksd-2xuw
USA,MA,Massachusetts,New England,42.27687047000046,-72.08269067,hypertension,High blood pressure among adults,2019,2019,25.6,24.5,26.8,% age-adjusted prevalence,Adults aged 18+,BRFSS age-adjusted prevalence,CVD01,CDC Chronic Disease Indicators,https://data.cdc.gov/d/hksd-2xuw
USA,MA,Massachusetts,New England,42.27687047000046,-72.08269067,hypertension,High blood pressure among adults,2021,2021,26.8,25.6,28.0,% age-adjusted prevalence,Adults aged 18+,BRFSS age-adjusted prevalence,CVD01,CDC Chronic Disease Indicators,https://data.cdc.gov/d/hksd-2xuw
USA,MA,Massachusetts,New England,42.27687047000046,-72.08269067,hypertension,High blood pressure among adults,2023,2023,28.0,26.7,29.2,% age-adjusted prevalence,Adults aged 18+,BRFSS age-adjusted prevalence,CVD01,CDC Chronic Disease Indicators,https://data.cdc.gov/d/hksd-2xuw
USA,MA,Massachusetts,New England,42.27687047000046,-72.08269067,obesity,Obesity among adults,2019,2019,25.4,24.0,26.8,% age-adjusted prevalence,Adults aged 18+,BRFSS age-adjusted prevalence,NPW14,CDC Chronic Disease Indicators,https://data.cdc.gov/d/hksd-2xuw
USA,MA,Massachusetts,New England,42.27687047000046,-72.08269067,obesity,Obesity among adults,2020,2020,24.5,22.9,26.1,% age-adjusted prevalence,Adults aged 18+,BRFSS age-adjusted prevalence,NPW14,CDC Chronic Disease Indicators,https://data.cdc.gov/d/hksd-2xuw
USA,MA,Massachusetts,New England,42.27687047000046,-72.08269067,obesity,Obesity among adults,2021,2021,27.5,26.0,29.0,% age-adjusted prevalence,Adults aged 18+,BRFSS age-adjusted prevalence,NPW14,CDC Chronic Disease Indicators,https://data.cdc.gov/d/hksd-2xuw
USA,MA,Massachusetts,New England,42.27687047000046,-72.08269067,obesity,Obesity among adults,2022,2022,27.1,25.9,28.4,% age-adjusted prevalence,Adults aged 18+,BRFSS age-adjusted prevalence,NPW14,CDC Chronic Disease Indicators,https://data.cdc.gov/d/hksd-2xuw
USA,MA,Massachusetts,New England,42.27687047000046,-72.08269067,obesity,Obesity among adults,2023,2023,27.4,26.0,28.9,% age-adjusted prevalence,Adults aged 18+,BRFSS age-adjusted prevalence,NPW14,CDC Chronic Disease Indicators,https://data.cdc.gov/d/hksd-2xuw
USA,MD,Maryland,Mideast,39.29058096400047,-76.60926011,asthma,Current asthma among adults,2019,2019,9.8,9.1,10.5,% age-adjusted prevalence,Adults aged 18+,BRFSS age-adjusted prevalence,AST02,CDC Chronic Disease Indicators,https://data.cdc.gov/d/hksd-2xuw
USA,MD,Maryland,Mideast,39.29058096400047,-76.60926011,asthma,Current asthma among adults,2020,2020,9.5,8.8,10.3,% age-adjusted prevalence,Adults aged 18+,BRFSS age-adjusted prevalence,AST02,CDC Chronic Disease Indicators,https://data.cdc.gov/d/hksd-2xuw
USA,MD,Maryland,Mideast,39.29058096400047,-76.60926011,asthma,Current asthma among adults,2021,2021,10.1,9.4,10.9,% age-adjusted prevalence,Adults aged 18+,BRFSS age-adjusted prevalence,AST02,CDC Chronic Disease Indicators,https://data.cdc.gov/d/hksd-2xuw
USA,MD,Maryland,Mideast,39.29058096400047,-76.60926011,asthma,Current asthma among adults,2022,2022,10.3,9.6,11.1,% age-adjusted prevalence,Adults aged 18+,BRFSS age-adjusted prevalence,AST02,CDC Chronic Disease Indicators,https://data.cdc.gov/d/hksd-2xuw
USA,MD,Maryland,Mideast,39.29058096400047,-76.60926011,asthma,Current asthma among adults,2023,2023,11.0,10.1,11.9,% age-adjusted prevalence,Adults aged 18+,BRFSS age-adjusted prevalence,AST02,CDC Chronic Disease Indicators,https://data.cdc.gov/d/hksd-2xuw
USA,MD,Maryland,Mideast,39.29058096400047,-76.60926011,copd,COPD among adults,2019,2019,4.9,4.5,5.3,% age-adjusted prevalence,Adults aged 18+,BRFSS age-adjusted prevalence,COPD01,CDC Chronic Disease Indicators,https://data.cdc.gov/d/hksd-2xuw
USA,MD,Maryland,Mideast,39.29058096400047,-76.60926011,copd,COPD among adults,2020,2020,4.4,4.0,4.9,% age-adjusted prevalence,Adults aged 18+,BRFSS age-adjusted prevalence,COPD01,CDC Chronic Disease Indicators,https://data.cdc.gov/d/hksd-2xuw
USA,MD,Maryland,Mideast,39.29058096400047,-76.60926011,copd,COPD among adults,2021,2021,4.4,3.9,4.8,% age-adjusted prevalence,Adults aged 18+,BRFSS age-adjusted prevalence,COPD01,CDC Chronic Disease Indicators,https://data.cdc.gov/d/hksd-2xuw
USA,MD,Maryland,Mideast,39.29058096400047,-76.60926011,copd,COPD among adults,2022,2022,4.5,4.0,4.9,% age-adjusted prevalence,Adults aged 18+,BRFSS age-adjusted prevalence,COPD01,CDC Chronic Disease Indicators,https://data.cdc.gov/d/hksd-2xuw
USA,MD,Maryland,Mideast,39.29058096400047,-76.60926011,copd,COPD among adults,2023,2023,5.1,4.6,5.6,% age-adjusted prevalence,Adults aged 18+,BRFSS age-adjusted prevalence,COPD01,CDC Chronic Disease Indicators,https://data.cdc.gov/d/hksd-2xuw
USA,MD,Maryland,Mideast,39.29058096400047,-76.60926011,depression,Depression among adults,2019,2019,16.1,15.2,17.1,% age-adjusted prevalence,Adults aged 18+,BRFSS age-adjusted prevalence,MEN02,CDC Chronic Disease Indicators,https://data.cdc.gov/d/hksd-2xuw
USA,MD,Maryland,Mideast,39.29058096400047,-76.60926011,depression,Depression among adults,2020,2020,16.1,15.2,17.1,% age-adjusted prevalence,Adults aged 18+,BRFSS age-adjusted prevalence,MEN02,CDC Chronic Disease Indicators,https://data.cdc.gov/d/hksd-2xuw
USA,MD,Maryland,Mideast,39.29058096400047,-76.60926011,depression,Depression among adults,2021,2021,17.0,16.1,18.0,% age-adjusted prevalence,Adults aged 18+,BRFSS age-adjusted prevalence,MEN02,CDC Chronic Disease Indicators,https://data.cdc.gov/d/hksd-2xuw
USA,MD,Maryland,Mideast,39.29058096400047,-76.60926011,depression,Depression among adults,2022,2022,18.7,17.7,19.8,% age-adjusted prevalence,Adults aged 18+,BRFSS age-adjusted prevalence,MEN02,CDC Chronic Disease Indicators,https://data.cdc.gov/d/hksd-2xuw
USA,MD,Maryland,Mideast,39.29058096400047,-76.60926011,depression,Depression among adults,2023,2023,17.8,16.8,18.9,% age-adjusted prevalence,Adults aged 18+,BRFSS age-adjusted prevalence,MEN02,CDC Chronic Disease Indicators,https://data.cdc.gov/d/hksd-2xuw
USA,MD,Maryland,Mideast,39.29058096400047,-76.60926011,diabetes,Diabetes among adults,2019,2019,9.9,9.3,10.5,% age-adjusted prevalence,Adults aged 18+,BRFSS age-adjusted prevalence,DIA01,CDC Chronic Disease Indicators,https://data.cdc.gov/d/hksd-2xuw
USA,MD,Maryland,Mideast,39.29058096400047,-76.60926011,diabetes,Diabetes among adults,2020,2020,9.2,8.6,9.8,% age-adjusted prevalence,Adults aged 18+,BRFSS age-adjusted prevalence,DIA01,CDC Chronic Disease Indicators,https://data.cdc.gov/d/hksd-2xuw
USA,MD,Maryland,Mideast,39.29058096400047,-76.60926011,diabetes,Diabetes among adults,2021,2021,9.8,9.3,10.5,% age-adjusted prevalence,Adults aged 18+,BRFSS age-adjusted prevalence,DIA01,CDC Chronic Disease Indicators,https://data.cdc.gov/d/hksd-2xuw
USA,MD,Maryland,Mideast,39.29058096400047,-76.60926011,diabetes,Diabetes among adults,2022,2022,10.6,9.9,11.3,% age-adjusted prevalence,Adults aged 18+,BRFSS age-adjusted prevalence,DIA01,CDC Chronic Disease Indicators,https://data.cdc.gov/d/hksd-2xuw
USA,MD,Maryland,Mideast,39.29058096400047,-76.60926011,diabetes,Diabetes among adults,2023,2023,10.9,10.2,11.7,% age-adjusted prevalence,Adults aged 18+,BRFSS age-adjusted prevalence,DIA01,CDC Chronic Disease Indicators,https://data.cdc.gov/d/hksd-2xuw
USA,MD,Maryland,Mideast,39.29058096400047,-76.60926011,hypertension,High blood pressure among adults,2019,2019,31.7,30.8,32.7,% age-adjusted prevalence,Adults aged 18+,BRFSS age-adjusted prevalence,CVD01,CDC Chronic Disease Indicators,https://data.cdc.gov/d/hksd-2xuw
USA,MD,Maryland,Mideast,39.29058096400047,-76.60926011,hypertension,High blood pressure among adults,2021,2021,31.5,30.6,32.5,% age-adjusted prevalence,Adults aged 18+,BRFSS age-adjusted prevalence,CVD01,CDC Chronic Disease Indicators,https://data.cdc.gov/d/hksd-2xuw
USA,MD,Maryland,Mideast,39.29058096400047,-76.60926011,hypertension,High blood pressure among adults,2023,2023,32.7,31.7,33.8,% age-adjusted prevalence,Adults aged 18+,BRFSS age-adjusted prevalence,CVD01,CDC Chronic Disease Indicators,https://data.cdc.gov/d/hksd-2xuw
USA,MD,Maryland,Mideast,39.29058096400047,-76.60926011,obesity,Obesity among adults,2019,2019,32.0,30.8,33.2,% age-adjusted prevalence,Adults aged 18+,BRFSS age-adjusted prevalence,NPW14,CDC Chronic Disease Indicators,https://data.cdc.gov/d/hksd-2xuw
USA,MD,Maryland,Mideast,39.29058096400047,-76.60926011,obesity,Obesity among adults,2020,2020,30.9,29.7,32.1,% age-adjusted prevalence,Adults aged 18+,BRFSS age-adjusted prevalence,NPW14,CDC Chronic Disease Indicators,https://data.cdc.gov/d/hksd-2xuw
USA,MD,Maryland,Mideast,39.29058096400047,-76.60926011,obesity,Obesity among adults,2021,2021,34.2,33.0,35.5,% age-adjusted prevalence,Adults aged 18+,BRFSS age-adjusted prevalence,NPW14,CDC Chronic Disease Indicators,https://data.cdc.gov/d/hksd-2xuw
USA,MD,Maryland,Mideast,39.29058096400047,-76.60926011,obesity,Obesity among adults,2022,2022,33.5,32.2,34.8,% age-adjusted prevalence,Adults aged 18+,BRFSS age-adjusted prevalence,NPW14,CDC Chronic Disease Indicators,https://data.cdc.gov/d/hksd-2xuw
USA,MD,Maryland,Mideast,39.29058096400047,-76.60926011,obesity,Obesity among adults,2023,2023,34.1,32.8,35.4,% age-adjusted prevalence,Adults aged 18+,BRFSS age-adjusted prevalence,NPW14,CDC Chronic Disease Indicators,https://data.cdc.gov/d/hksd-2xuw
USA,ME,Maine,New England,45.254228894000505,-68.98503134,asthma,Current asthma among adults,2019,2019,13.3,12.0,14.7,% age-adjusted prevalence,Adults aged 18+,BRFSS age-adjusted prevalence,AST02,CDC Chronic Disease Indicators,https://data.cdc.gov/d/hksd-2xuw
USA,ME,Maine,New England,45.254228894000505,-68.98503134,asthma,Current asthma among adults,2020,2020,11.8,10.7,12.9,% age-adjusted prevalence,Adults aged 18+,BRFSS age-adjusted prevalence,AST02,CDC Chronic Disease Indicators,https://data.cdc.gov/d/hksd-2xuw
USA,ME,Maine,New England,45.254228894000505,-68.98503134,asthma,Current asthma among adults,2021,2021,13.7,12.7,14.8,% age-adjusted prevalence,Adults aged 18+,BRFSS age-adjusted prevalence,AST02,CDC Chronic Disease Indicators,https://data.cdc.gov/d/hksd-2xuw
USA,ME,Maine,New England,45.254228894000505,-68.98503134,asthma,Current asthma among adults,2022,2022,13.7,12.5,14.9,% age-adjusted prevalence,Adults aged 18+,BRFSS age-adjusted prevalence,AST02,CDC Chronic Disease Indicators,https://data.cdc.gov/d/hksd-2xuw
USA,ME,Maine,New England,45.254228894000505,-68.98503134,asthma,Current asthma among adults,2023,2023,13.4,12.3,14.5,% age-adjusted prevalence,Adults aged 18+,BRFSS age-adjusted prevalence,AST02,CDC Chronic Disease Indicators,https://data.cdc.gov/d/hksd-2xuw
USA,ME,Maine,New England,45.254228894000505,-68.98503134,copd,COPD among adults,2019,2019,7.8,7.0,8.6,% age-adjusted prevalence,Adults aged 18+,BRFSS age-adjusted prevalence,COPD01,CDC Chronic Disease Indicators,https://data.cdc.gov/d/hksd-2xuw
USA,ME,Maine,New England,45.254228894000505,-68.98503134,copd,COPD among adults,2020,2020,6.9,6.3,7.6,% age-adjusted prevalence,Adults aged 18+,BRFSS age-adjusted prevalence,COPD01,CDC Chronic Disease Indicators,https://data.cdc.gov/d/hksd-2xuw
USA,ME,Maine,New England,45.254228894000505,-68.98503134,copd,COPD among adults,2021,2021,7.6,6.8,8.3,% age-adjusted prevalence,Adults aged 18+,BRFSS age-adjusted prevalence,COPD01,CDC Chronic Disease Indicators,https://data.cdc.gov/d/hksd-2xuw
USA,ME,Maine,New England,45.254228894000505,-68.98503134,copd,COPD among adults,2022,2022,7.4,6.7,8.2,% age-adjusted prevalence,Adults aged 18+,BRFSS age-adjusted prevalence,COPD01,CDC Chronic Disease Indicators,https://data.cdc.gov/d/hksd-2xuw
USA,ME,Maine,New England,45.254228894000505,-68.98503134,copd,COPD among adults,2023,2023,7.3,6.6,8.0,% age-adjusted prevalence,Adults aged 18+,BRFSS age-adjusted prevalence,COPD01,CDC Chronic Disease Indicators,https://data.cdc.gov/d/hksd-2xuw
USA,ME,Maine,New England,45.254228894000505,-68.98503134,depression,Depression among adults,2019,2019,24.6,23.1,26.2,% age-adjusted prevalence,Adults aged 18+,BRFSS age-adjusted prevalence,MEN02,CDC Chronic Disease Indicators,https://data.cdc.gov/d/hksd-2xuw
USA,ME,Maine,New England,45.254228894000505,-68.98503134,depression,Depression among adults,2020,2020,23.2,21.7,24.7,% age-adjusted prevalence,Adults aged 18+,BRFSS age-adjusted prevalence,MEN02,CDC Chronic Disease Indicators,https://data.cdc.gov/d/hksd-2xuw
USA,ME,Maine,New England,45.254228894000505,-68.98503134,depression,Depression among adults,2021,2021,25.2,23.9,26.6,% age-adjusted prevalence,Adults aged 18+,BRFSS age-adjusted prevalence,MEN02,CDC Chronic Disease Indicators,https://data.cdc.gov/d/hksd-2xuw
USA,ME,Maine,New England,45.254228894000505,-68.98503134,depression,Depression among adults,2022,2022,28.4,26.9,30.0,% age-adjusted prevalence,Adults aged 18+,BRFSS age-adjusted prevalence,MEN02,CDC Chronic Disease Indicators,https://data.cdc.gov/d/hksd-2xuw
USA,ME,Maine,New England,45.254228894000505,-68.98503134,depression,Depression among adults,2023,2023,28.0,26.6,29.5,% age-adjusted prevalence,Adults aged 18+,BRFSS age-adjusted prevalence,MEN02,CDC Chronic Disease Indicators,https://data.cdc.gov/d/hksd-2xuw
USA,ME,Maine,New England,45.254228894000505,-68.98503134,diabetes,Diabetes among adults,2019,2019,8.8,8.1,9.6,% age-adjusted prevalence,Adults aged 18+,BRFSS age-adjusted prevalence,DIA01,CDC Chronic Disease Indicators,https://data.cdc.gov/d/hksd-2xuw
USA,ME,Maine,New England,45.254228894000505,-68.98503134,diabetes,Diabetes among adults,2020,2020,8.3,7.6,9.0,% age-adjusted prevalence,Adults aged 18+,BRFSS age-adjusted prevalence,DIA01,CDC Chronic Disease Indicators,https://data.cdc.gov/d/hksd-2xuw
USA,ME,Maine,New England,45.254228894000505,-68.98503134,diabetes,Diabetes among adults,2021,2021,8.2,7.6,8.9,% age-adjusted prevalence,Adults aged 18+,BRFSS age-adjusted prevalence,DIA01,CDC Chronic Disease Indicators,https://data.cdc.gov/d/hksd-2xuw
USA,ME,Maine,New England,45.254228894000505,-68.98503134,diabetes,Diabetes among adults,2022,2022,9.1,8.3,9.9,% age-adjusted prevalence,Adults aged 18+,BRFSS age-adjusted prevalence,DIA01,CDC Chronic Disease Indicators,https://data.cdc.gov/d/hksd-2xuw
USA,ME,Maine,New England,45.254228894000505,-68.98503134,diabetes,Diabetes among adults,2023,2023,9.0,8.4,9.7,% age-adjusted prevalence,Adults aged 18+,BRFSS age-adjusted prevalence,DIA01,CDC Chronic Disease Indicators,https://data.cdc.gov/d/hksd-2xuw
USA,ME,Maine,New England,45.254228894000505,-68.98503134,hypertension,High blood pressure among adults,2019,2019,31.5,30.1,33.0,% age-adjusted prevalence,Adults aged 18+,BRFSS age-adjusted prevalence,CVD01,CDC Chronic Disease Indicators,https://data.cdc.gov/d/hksd-2xuw
USA,ME,Maine,New England,45.254228894000505,-68.98503134,hypertension,High blood pressure among adults,2021,2021,28.6,27.5,29.7,% age-adjusted prevalence,Adults aged 18+,BRFSS age-adjusted prevalence,CVD01,CDC Chronic Disease Indicators,https://data.cdc.gov/d/hksd-2xuw
USA,ME,Maine,New England,45.254228894000505,-68.98503134,hypertension,High blood pressure among adults,2023,2023,30.0,28.9,31.2,% age-adjusted prevalence,Adults aged 18+,BRFSS age-adjusted prevalence,CVD01,CDC Chronic Disease Indicators,https://data.cdc.gov/d/hksd-2xuw
USA,ME,Maine,New England,45.254228894000505,-68.98503134,obesity,Obesity among adults,2019,2019,31.4,29.8,33.1,% age-adjusted prevalence,Adults aged 18+,BRFSS age-adjusted prevalence,NPW14,CDC Chronic Disease Indicators,https://data.cdc.gov/d/hksd-2xuw
USA,ME,Maine,New England,45.254228894000505,-68.98503134,obesity,Obesity among adults,2020,2020,31.3,29.6,33.0,% age-adjusted prevalence,Adults aged 18+,BRFSS age-adjusted prevalence,NPW14,CDC Chronic Disease Indicators,https://data.cdc.gov/d/hksd-2xuw
USA,ME,Maine,New England,45.254228894000505,-68.98503134,obesity,Obesity among adults,2021,2021,32.1,30.6,33.6,% age-adjusted prevalence,Adults aged 18+,BRFSS age-adjusted prevalence,NPW14,CDC Chronic Disease Indicators,https://data.cdc.gov/d/hksd-2xuw
USA,ME,Maine,New England,45.254228894000505,-68.98503134,obesity,Obesity among adults,2022,2022,33.4,31.9,34.9,% age-adjusted prevalence,Adults aged 18+,BRFSS age-adjusted prevalence,NPW14,CDC Chronic Disease Indicators,https://data.cdc.gov/d/hksd-2xuw
USA,ME,Maine,New England,45.254228894000505,-68.98503134,obesity,Obesity among adults,2023,2023,32.9,31.4,34.5,% age-adjusted prevalence,Adults aged 18+,BRFSS age-adjusted prevalence,NPW14,CDC Chronic Disease Indicators,https://data.cdc.gov/d/hksd-2xuw
USA,MI,Michigan,Great Lakes,44.66131954,-84.71439027,asthma,Current asthma among adults,2019,2019,12.3,11.4,13.3,% age-adjusted prevalence,Adults aged 18+,BRFSS age-adjusted prevalence,AST02,CDC Chronic Disease Indicators,https://data.cdc.gov/d/hksd-2xuw
USA,MI,Michigan,Great Lakes,44.66131954,-84.71439027,asthma,Current asthma among adults,2020,2020,11.8,10.8,12.9,% age-adjusted prevalence,Adults aged 18+,BRFSS age-adjusted prevalence,AST02,CDC Chronic Disease Indicators,https://data.cdc.gov/d/hksd-2xuw
USA,MI,Michigan,Great Lakes,44.66131954,-84.71439027,asthma,Current asthma among adults,2021,2021,12.4,11.5,13.4,% age-adjusted prevalence,Adults aged 18+,BRFSS age-adjusted prevalence,AST02,CDC Chronic Disease Indicators,https://data.cdc.gov/d/hksd-2xuw
USA,MI,Michigan,Great Lakes,44.66131954,-84.71439027,asthma,Current asthma among adults,2022,2022,12.1,11.2,13.1,% age-adjusted prevalence,Adults aged 18+,BRFSS age-adjusted prevalence,AST02,CDC Chronic Disease Indicators,https://data.cdc.gov/d/hksd-2xuw
USA,MI,Michigan,Great Lakes,44.66131954,-84.71439027,asthma,Current asthma among adults,2023,2023,11.1,10.2,12.0,% age-adjusted prevalence,Adults aged 18+,BRFSS age-adjusted prevalence,AST02,CDC Chronic Disease Indicators,https://data.cdc.gov/d/hksd-2xuw
USA,MI,Michigan,Great Lakes,44.66131954,-84.71439027,copd,COPD among adults,2019,2019,7.3,6.8,8.0,% age-adjusted prevalence,Adults aged 18+,BRFSS age-adjusted prevalence,COPD01,CDC Chronic Disease Indicators,https://data.cdc.gov/d/hksd-2xuw
USA,MI,Michigan,Great Lakes,44.66131954,-84.71439027,copd,COPD among adults,2020,2020,7.5,6.8,8.3,% age-adjusted prevalence,Adults aged 18+,BRFSS age-adjusted prevalence,COPD01,CDC Chronic Disease Indicators,https://data.cdc.gov/d/hksd-2xuw
USA,MI,Michigan,Great Lakes,44.66131954,-84.71439027,copd,COPD among adults,2021,2021,7.0,6.4,7.7,% age-adjusted prevalence,Adults aged 18+,BRFSS age-adjusted prevalence,COPD01,CDC Chronic Disease Indicators,https://data.cdc.gov/d/hksd-2xuw
USA,MI,Michigan,Great Lakes,44.66131954,-84.71439027,copd,COPD among adults,2022,2022,8.0,7.3,8.7,% age-adjusted prevalence,Adults aged 18+,BRFSS age-adjusted prevalence,COPD01,CDC Chronic Disease Indicators,https://data.cdc.gov/d/hksd-2xuw
USA,MI,Michigan,Great Lakes,44.66131954,-84.71439027,copd,COPD among adults,2023,2023,7.6,7.0,8.3,% age-adjusted prevalence,Adults aged 18+,BRFSS age-adjusted prevalence,COPD01,CDC Chronic Disease Indicators,https://data.cdc.gov/d/hksd-2xuw
USA,MI,Michigan,Great Lakes,44.66131954,-84.71439027,depression,Depression among adults,2019,2019,21.8,20.6,22.9,% age-adjusted prevalence,Adults aged 18+,BRFSS age-adjusted prevalence,MEN02,CDC Chronic Disease Indicators,https://data.cdc.gov/d/hksd-2xuw
USA,MI,Michigan,Great Lakes,44.66131954,-84.71439027,depression,Depression among adults,2020,2020,20.2,18.9,21.5,% age-adjusted prevalence,Adults aged 18+,BRFSS age-adjusted prevalence,MEN02,CDC Chronic Disease Indicators,https://data.cdc.gov/d/hksd-2xuw
USA,MI,Michigan,Great Lakes,44.66131954,-84.71439027,depression,Depression among adults,2021,2021,23.6,22.4,24.8,% age-adjusted prevalence,Adults aged 18+,BRFSS age-adjusted prevalence,MEN02,CDC Chronic Disease Indicators,https://data.cdc.gov/d/hksd-2xuw
USA,MI,Michigan,Great Lakes,44.66131954,-84.71439027,depression,Depression among adults,2022,2022,24.1,22.9,25.3,% age-adjusted prevalence,Adults aged 18+,BRFSS age-adjusted prevalence,MEN02,CDC Chronic Disease Indicators,https://data.cdc.gov/d/hksd-2xuw
USA,MI,Michigan,Great Lakes,44.66131954,-84.71439027,depression,Depression among adults,2023,2023,25.1,23.8,26.4,% age-adjusted prevalence,Adults aged 18+,BRFSS age-adjusted prevalence,MEN02,CDC Chronic Disease Indicators,https://data.cdc.gov/d/hksd-2xuw
USA,MI,Michigan,Great Lakes,44.66131954,-84.71439027,diabetes,Diabetes among adults,2019,2019,9.7,9.0,10.3,% age-adjusted prevalence,Adults aged 18+,BRFSS age-adjusted prevalence,DIA01,CDC Chronic Disease Indicators,https://data.cdc.gov/d/hksd-2xuw
USA,MI,Michigan,Great Lakes,44.66131954,-84.71439027,diabetes,Diabetes among adults,2020,2020,10.7,9.9,11.6,% age-adjusted prevalence,Adults aged 18+,BRFSS age-adjusted prevalence,DIA01,CDC Chronic Disease Indicators,https://data.cdc.gov/d/hksd-2xuw
USA,MI,Michigan,Great Lakes,44.66131954,-84.71439027,diabetes,Diabetes among adults,2021,2021,9.5,8.8,10.2,% age-adjusted prevalence,Adults aged 18+,BRFSS age-adjusted prevalence,DIA01,CDC Chronic Disease Indicators,https://data.cdc.gov/d/hksd-2xuw
USA,MI,Michigan,Great Lakes,44.66131954,-84.71439027,diabetes,Diabetes among adults,2022,2022,10.0,9.3,10.7,% age-adjusted prevalence,Adults aged 18+,BRFSS age-adjusted prevalence,DIA01,CDC Chronic Disease Indicators,https://data.cdc.gov/d/hksd-2xuw
USA,MI,Michigan,Great Lakes,44.66131954,-84.71439027,diabetes,Diabetes among adults,2023,2023,10.9,10.1,11.8,% age-adjusted prevalence,Adults aged 18+,BRFSS age-adjusted prevalence,DIA01,CDC Chronic Disease Indicators,https://data.cdc.gov/d/hksd-2xuw
USA,MI,Michigan,Great Lakes,44.66131954,-84.71439027,hypertension,High blood pressure among adults,2019,2019,31.9,30.8,33.1,% age-adjusted prevalence,Adults aged 18+,BRFSS age-adjusted prevalence,CVD01,CDC Chronic Disease Indicators,https://data.cdc.gov/d/hksd-2xuw
USA,MI,Michigan,Great Lakes,44.66131954,-84.71439027,hypertension,High blood pressure among adults,2021,2021,32.1,31.0,33.2,% age-adjusted prevalence,Adults aged 18+,BRFSS age-adjusted prevalence,CVD01,CDC Chronic Disease Indicators,https://data.cdc.gov/d/hksd-2xuw
USA,MI,Michigan,Great Lakes,44.66131954,-84.71439027,hypertension,High blood pressure among adults,2023,2023,33.1,31.9,34.4,% age-adjusted prevalence,Adults aged 18+,BRFSS age-adjusted prevalence,CVD01,CDC Chronic Disease Indicators,https://data.cdc.gov/d/hksd-2xuw
USA,MI,Michigan,Great Lakes,44.66131954,-84.71439027,obesity,Obesity among adults,2019,2019,35.8,34.4,37.1,% age-adjusted prevalence,Adults aged 18+,BRFSS age-adjusted prevalence,NPW14,CDC Chronic Disease Indicators,https://data.cdc.gov/d/hksd-2xuw
USA,MI,Michigan,Great Lakes,44.66131954,-84.71439027,obesity,Obesity among adults,2020,2020,35.3,33.7,36.9,% age-adjusted prevalence,Adults aged 18+,BRFSS age-adjusted prevalence,NPW14,CDC Chronic Disease Indicators,https://data.cdc.gov/d/hksd-2xuw
USA,MI,Michigan,Great Lakes,44.66131954,-84.71439027,obesity,Obesity among adults,2021,2021,34.6,33.2,36.0,% age-adjusted prevalence,Adults aged 18+,BRFSS age-adjusted prevalence,NPW14,CDC Chronic Disease Indicators,https://data.cdc.gov/d/hksd-2xuw
USA,MI,Michigan,Great Lakes,44.66131954,-84.71439027,obesity,Obesity among adults,2022,2022,34.6,33.2,36.0,% age-adjusted prevalence,Adults aged 18+,BRFSS age-adjusted prevalence,NPW14,CDC Chronic Disease Indicators,https://data.cdc.gov/d/hksd-2xuw
USA,MI,Michigan,Great Lakes,44.66131954,-84.71439027,obesity,Obesity among adults,2023,2023,35.6,34.1,37.1,% age-adjusted prevalence,Adults aged 18+,BRFSS age-adjusted prevalence,NPW14,CDC Chronic Disease Indicators,https://data.cdc.gov/d/hksd-2xuw
USA,MN,Minnesota,Plains,46.35564873600049,-94.7942005,asthma,Current asthma among adults,2019,2019,9.0,8.4,9.6,% age-adjusted prevalence,Adults aged 18+,BRFSS age-adjusted prevalence,AST02,CDC Chronic Disease Indicators,https://data.cdc.gov/d/hksd-2xuw
USA,MN,Minnesota,Plains,46.35564873600049,-94.7942005,asthma,Current asthma among adults,2020,2020,8.9,8.4,9.5,% age-adjusted prevalence,Adults aged 18+,BRFSS age-adjusted prevalence,AST02,CDC Chronic Disease Indicators,https://data.cdc.gov/d/hksd-2xuw
USA,MN,Minnesota,Plains,46.35564873600049,-94.7942005,asthma,Current asthma among adults,2021,2021,9.5,8.9,10.1,% age-adjusted prevalence,Adults aged 18+,BRFSS age-adjusted prevalence,AST02,CDC Chronic Disease Indicators,https://data.cdc.gov/d/hksd-2xuw
USA,MN,Minnesota,Plains,46.35564873600049,-94.7942005,asthma,Current asthma among adults,2022,2022,10.1,9.4,10.8,% age-adjusted prevalence,Adults aged 18+,BRFSS age-adjusted prevalence,AST02,CDC Chronic Disease Indicators,https://data.cdc.gov/d/hksd-2xuw
USA,MN,Minnesota,Plains,46.35564873600049,-94.7942005,asthma,Current asthma among adults,2023,2023,10.0,9.2,10.8,% age-adjusted prevalence,Adults aged 18+,BRFSS age-adjusted prevalence,AST02,CDC Chronic Disease Indicators,https://data.cdc.gov/d/hksd-2xuw
USA,MN,Minnesota,Plains,46.35564873600049,-94.7942005,copd,COPD among adults,2019,2019,4.0,3.6,4.3,% age-adjusted prevalence,Adults aged 18+,BRFSS age-adjusted prevalence,COPD01,CDC Chronic Disease Indicators,https://data.cdc.gov/d/hksd-2xuw
USA,MN,Minnesota,Plains,46.35564873600049,-94.7942005,copd,COPD among adults,2020,2020,4.1,3.7,4.5,% age-adjusted prevalence,Adults aged 18+,BRFSS age-adjusted prevalence,COPD01,CDC Chronic Disease Indicators,https://data.cdc.gov/d/hksd-2xuw
USA,MN,Minnesota,Plains,46.35564873600049,-94.7942005,copd,COPD among adults,2021,2021,4.2,3.8,4.6,% age-adjusted prevalence,Adults aged 18+,BRFSS age-adjusted prevalence,COPD01,CDC Chronic Disease Indicators,https://data.cdc.gov/d/hksd-2xuw
USA,MN,Minnesota,Plains,46.35564873600049,-94.7942005,copd,COPD among adults,2022,2022,4.7,4.3,5.2,% age-adjusted prevalence,Adults aged 18+,BRFSS age-adjusted prevalence,COPD01,CDC Chronic Disease Indicators,https://data.cdc.gov/d/hksd-2xuw
USA,MN,Minnesota,Plains,46.35564873600049,-94.7942005,copd,COPD among adults,2023,2023,4.0,3.6,4.4,% age-adjusted prevalence,Adults aged 18+,BRFSS age-adjusted prevalence,COPD01,CDC Chronic Disease Indicators,https://data.cdc.gov/d/hksd-2xuw
USA,MN,Minnesota,Plains,46.35564873600049,-94.7942005,depression,Depression among adults,2019,2019,20.8,20.0,21.6,% age-adjusted prevalence,Adults aged 18+,BRFSS age-adjusted prevalence,MEN02,CDC Chronic Disease Indicators,https://data.cdc.gov/d/hksd-2xuw
USA,MN,Minnesota,Plains,46.35564873600049,-94.7942005,depression,Depression among adults,2020,2020,20.2,19.4,21.0,% age-adjusted prevalence,Adults aged 18+,BRFSS age-adjusted prevalence,MEN02,CDC Chronic Disease Indicators,https://data.cdc.gov/d/hksd-2xuw
USA,MN,Minnesota,Plains,46.35564873600049,-94.7942005,depression,Depression among adults,2021,2021,21.2,20.4,22.0,% age-adjusted prevalence,Adults aged 18+,BRFSS age-adjusted prevalence,MEN02,CDC Chronic Disease Indicators,https://data.cdc.gov/d/hksd-2xuw
USA,MN,Minnesota,Plains,46.35564873600049,-94.7942005,depression,Depression among adults,2022,2022,24.5,23.6,25.5,% age-adjusted prevalence,Adults aged 18+,BRFSS age-adjusted prevalence,MEN02,CDC Chronic Disease Indicators,https://data.cdc.gov/d/hksd-2xuw
USA,MN,Minnesota,Plains,46.35564873600049,-94.7942005,depression,Depression among adults,2023,2023,24.0,23.0,25.0,% age-adjusted prevalence,Adults aged 18+,BRFSS age-adjusted prevalence,MEN02,CDC Chronic Disease Indicators,https://data.cdc.gov/d/hksd-2xuw
USA,MN,Minnesota,Plains,46.35564873600049,-94.7942005,diabetes,Diabetes among adults,2019,2019,7.9,7.4,8.4,% age-adjusted prevalence,Adults aged 18+,BRFSS age-adjusted prevalence,DIA01,CDC Chronic Disease Indicators,https://data.cdc.gov/d/hksd-2xuw
USA,MN,Minnesota,Plains,46.35564873600049,-94.7942005,diabetes,Diabetes among adults,2020,2020,7.9,7.4,8.3,% age-adjusted prevalence,Adults aged 18+,BRFSS age-adjusted prevalence,DIA01,CDC Chronic Disease Indicators,https://data.cdc.gov/d/hksd-2xuw
USA,MN,Minnesota,Plains,46.35564873600049,-94.7942005,diabetes,Diabetes among adults,2021,2021,8.0,7.5,8.4,% age-adjusted prevalence,Adults aged 18+,BRFSS age-adjusted prevalence,DIA01,CDC Chronic Disease Indicators,https://data.cdc.gov/d/hksd-2xuw
USA,MN,Minnesota,Plains,46.35564873600049,-94.7942005,diabetes,Diabetes among adults,2022,2022,9.0,8.5,9.6,% age-adjusted prevalence,Adults aged 18+,BRFSS age-adjusted prevalence,DIA01,CDC Chronic Disease Indicators,https://data.cdc.gov/d/hksd-2xuw
USA,MN,Minnesota,Plains,46.35564873600049,-94.7942005,diabetes,Diabetes among adults,2023,2023,9.3,8.6,10.0,% age-adjusted prevalence,Adults aged 18+,BRFSS age-adjusted prevalence,DIA01,CDC Chronic Disease Indicators,https://data.cdc.gov/d/hksd-2xuw
USA,MN,Minnesota,Plains,46.35564873600049,-94.7942005,hypertension,High blood pressure among adults,2019,2019,26.3,25.5,27.0,% age-adjusted prevalence,Adults aged 18+,BRFSS age-adjusted prevalence,CVD01,CDC Chronic Disease Indicators,https://data.cdc.gov/d/hksd-2xuw
USA,MN,Minnesota,Plains,46.35564873600049,-94.7942005,hypertension,High blood pressure among adults,2021,2021,26.9,26.1,27.6,% age-adjusted prevalence,Adults aged 18+,BRFSS age-adjusted prevalence,CVD01,CDC Chronic Disease Indicators,https://data.cdc.gov/d/hksd-2xuw
USA,MN,Minnesota,Plains,46.35564873600049,-94.7942005,hypertension,High blood pressure among adults,2023,2023,28.1,27.1,29.0,% age-adjusted prevalence,Adults aged 18+,BRFSS age-adjusted prevalence,CVD01,CDC Chronic Disease Indicators,https://data.cdc.gov/d/hksd-2xuw
USA,MN,Minnesota,Plains,46.35564873600049,-94.7942005,obesity,Obesity among adults,2019,2019,30.0,29.0,30.9,% age-adjusted prevalence,Adults aged 18+,BRFSS age-adjusted prevalence,NPW14,CDC Chronic Disease Indicators,https://data.cdc.gov/d/hksd-2xuw
USA,MN,Minnesota,Plains,46.35564873600049,-94.7942005,obesity,Obesity among adults,2020,2020,30.6,29.7,31.5,% age-adjusted prevalence,Adults aged 18+,BRFSS age-adjusted prevalence,NPW14,CDC Chronic Disease Indicators,https://data.cdc.gov/d/hksd-2xuw
USA,MN,Minnesota,Plains,46.35564873600049,-94.7942005,obesity,Obesity among adults,2021,2021,32.4,31.5,33.4,% age-adjusted prevalence,Adults aged 18+,BRFSS age-adjusted prevalence,NPW14,CDC Chronic Disease Indicators,https://data.cdc.gov/d/hksd-2xuw
USA,MN,Minnesota,Plains,46.35564873600049,-94.7942005,obesity,Obesity among adults,2022,2022,33.6,32.5,34.6,% age-adjusted prevalence,Adults aged 18+,BRFSS age-adjusted prevalence,NPW14,CDC Chronic Disease Indicators,https://data.cdc.gov/d/hksd-2xuw
USA,MN,Minnesota,Plains,46.35564873600049,-94.7942005,obesity,Obesity among adults,2023,2023,33.2,32.1,34.4,% age-adjusted prevalence,Adults aged 18+,BRFSS age-adjusted prevalence,NPW14,CDC Chronic Disease Indicators,https://data.cdc.gov/d/hksd-2xuw
USA,MO,Missouri,Plains,38.635790776000476,-92.56630005,asthma,Current asthma among adults,2019,2019,11.0,10.0,12.1,% age-adjusted prevalence,Adults aged 18+,BRFSS age-adjusted prevalence,AST02,CDC Chronic Disease Indicators,https://data.cdc.gov/d/hksd-2xuw
USA,MO,Missouri,Plains,38.635790776000476,-92.56630005,asthma,Current asthma among adults,2020,2020,10.1,9.2,11.1,% age-adjusted prevalence,Adults aged 18+,BRFSS age-adjusted prevalence,AST02,CDC Chronic Disease Indicators,https://data.cdc.gov/d/hksd-2xuw
USA,MO,Missouri,Plains,38.635790776000476,-92.56630005,asthma,Current asthma among adults,2021,2021,10.5,9.6,11.4,% age-adjusted prevalence,Adults aged 18+,BRFSS age-adjusted prevalence,AST02,CDC Chronic Disease Indicators,https://data.cdc.gov/d/hksd-2xuw
USA,MO,Missouri,Plains,38.635790776000476,-92.56630005,asthma,Current asthma among adults,2022,2022,10.6,9.6,11.7,% age-adjusted prevalence,Adults aged 18+,BRFSS age-adjusted prevalence,AST02,CDC Chronic Disease Indicators,https://data.cdc.gov/d/hksd-2xuw
USA,MO,Missouri,Plains,38.635790776000476,-92.56630005,asthma,Current asthma among adults,2023,2023,10.0,9.0,11.2,% age-adjusted prevalence,Adults aged 18+,BRFSS age-adjusted prevalence,AST02,CDC Chronic Disease Indicators,https://data.cdc.gov/d/hksd-2xuw
USA,MO,Missouri,Plains,38.635790776000476,-92.56630005,copd,COPD among adults,2019,2019,7.9,7.2,8.8,% age-adjusted prevalence,Adults aged 18+,BRFSS age-adjusted prevalence,COPD01,CDC Chronic Disease Indicators,https://data.cdc.gov/d/hksd-2xuw
USA,MO,Missouri,Plains,38.635790776000476,-92.56630005,copd,COPD among adults,2020,2020,7.5,6.9,8.2,% age-adjusted prevalence,Adults aged 18+,BRFSS age-adjusted prevalence,COPD01,CDC Chronic Disease Indicators,https://data.cdc.gov/d/hksd-2xuw
USA,MO,Missouri,Plains,38.635790776000476,-92.56630005,copd,COPD among adults,2021,2021,7.7,7.1,8.4,% age-adjusted prevalence,Adults aged 18+,BRFSS age-adjusted prevalence,COPD01,CDC Chronic Disease Indicators,https://data.cdc.gov/d/hksd-2xuw
USA,MO,Missouri,Plains,38.635790776000476,-92.56630005,copd,COPD among adults,2022,2022,7.7,6.9,8.5,% age-adjusted prevalence,Adults aged 18+,BRFSS age-adjusted prevalence,COPD01,CDC Chronic Disease Indicators,https://data.cdc.gov/d/hksd-2xuw
USA,MO,Missouri,Plains,38.635790776000476,-92.56630005,copd,COPD among adults,2023,2023,7.5,6.7,8.3,% age-adjusted prevalence,Adults aged 18+,BRFSS age-adjusted prevalence,COPD01,CDC Chronic Disease Indicators,https://data.cdc.gov/d/hksd-2xuw
USA,MO,Missouri,Plains,38.635790776000476,-92.56630005,depression,Depression among adults,2019,2019,23.3,21.9,24.8,% age-adjusted prevalence,Adults aged 18+,BRFSS age-adjusted prevalence,MEN02,CDC Chronic Disease Indicators,https://data.cdc.gov/d/hksd-2xuw
USA,MO,Missouri,Plains,38.635790776000476,-92.56630005,depression,Depression among adults,2020,2020,23.6,22.4,24.9,% age-adjusted prevalence,Adults aged 18+,BRFSS age-adjusted prevalence,MEN02,CDC Chronic Disease Indicators,https://data.cdc.gov/d/hksd-2xuw
USA,MO,Missouri,Plains,38.635790776000476,-92.56630005,depression,Depression among adults,2021,2021,23.6,22.4,24.9,% age-adjusted prevalence,Adults aged 18+,BRFSS age-adjusted prevalence,MEN02,CDC Chronic Disease Indicators,https://data.cdc.gov/d/hksd-2xuw
USA,MO,Missouri,Plains,38.635790776000476,-92.56630005,depression,Depression among adults,2022,2022,22.4,21.1,23.8,% age-adjusted prevalence,Adults aged 18+,BRFSS age-adjusted prevalence,MEN02,CDC Chronic Disease Indicators,https://data.cdc.gov/d/hksd-2xuw
USA,MO,Missouri,Plains,38.635790776000476,-92.56630005,depression,Depression among adults,2023,2023,23.9,22.5,25.4,% age-adjusted prevalence,Adults aged 18+,BRFSS age-adjusted prevalence,MEN02,CDC Chronic Disease Indicators,https://data.cdc.gov/d/hksd-2xuw
USA,MO,Missouri,Plains,38.635790776000476,-92.56630005,diabetes,Diabetes among adults,2019,2019,9.1,8.4,9.9,% age-adjusted prevalence,Adults aged 18+,BRFSS age-adjusted prevalence,DIA01,CDC Chronic Disease Indicators,https://data.cdc.gov/d/hksd-2xuw
USA,MO,Missouri,Plains,38.635790776000476,-92.56630005,diabetes,Diabetes among adults,2020,2020,9.5,8.8,10.3,% age-adjusted prevalence,Adults aged 18+,BRFSS age-adjusted prevalence,DIA01,CDC Chronic Disease Indicators,https://data.cdc.gov/d/hksd-2xuw
USA,MO,Missouri,Plains,38.635790776000476,-92.56630005,diabetes,Diabetes among adults,2021,2021,10.0,9.3,10.8,% age-adjusted prevalence,Adults aged 18+,BRFSS age-adjusted prevalence,DIA01,CDC Chronic Disease Indicators,https://data.cdc.gov/d/hksd-2xuw
USA,MO,Missouri,Plains,38.635790776000476,-92.56630005,diabetes,Diabetes among adults,2022,2022,10.2,9.4,11.1,% age-adjusted prevalence,Adults aged 18+,BRFSS age-adjusted prevalence,DIA01,CDC Chronic Disease Indicators,https://data.cdc.gov/d/hksd-2xuw
USA,MO,Missouri,Plains,38.635790776000476,-92.56630005,diabetes,Diabetes among adults,2023,2023,10.7,9.9,11.7,% age-adjusted prevalence,Adults aged 18+,BRFSS age-adjusted prevalence,DIA01,CDC Chronic Disease Indicators,https://data.cdc.gov/d/hksd-2xuw
USA,MO,Missouri,Plains,38.635790776000476,-92.56630005,hypertension,High blood pressure among adults,2019,2019,28.0,26.7,29.4,% age-adjusted prevalence,Adults aged 18+,BRFSS age-adjusted prevalence,CVD01,CDC Chronic Disease Indicators,https://data.cdc.gov/d/hksd-2xuw
USA,MO,Missouri,Plains,38.635790776000476,-92.56630005,hypertension,High blood pressure among adults,2021,2021,32.1,30.9,33.3,% age-adjusted prevalence,Adults aged 18+,BRFSS age-adjusted prevalence,CVD01,CDC Chronic Disease Indicators,https://data.cdc.gov/d/hksd-2xuw
USA,MO,Missouri,Plains,38.635790776000476,-92.56630005,hypertension,High blood pressure among adults,2023,2023,32.7,31.3,34.2,% age-adjusted prevalence,Adults aged 18+,BRFSS age-adjusted prevalence,CVD01,CDC Chronic Disease Indicators,https://data.cdc.gov/d/hksd-2xuw
USA,MO,Missouri,Plains,38.635790776000476,-92.56630005,obesity,Obesity among adults,2019,2019,34.6,32.9,36.3,% age-adjusted prevalence,Adults aged 18+,BRFSS age-adjusted prevalence,NPW14,CDC Chronic Disease Indicators,https://data.cdc.gov/d/hksd-2xuw
USA,MO,Missouri,Plains,38.635790776000476,-92.56630005,obesity,Obesity among adults,2020,2020,34.2,32.8,35.6,% age-adjusted prevalence,Adults aged 18+,BRFSS age-adjusted prevalence,NPW14,CDC Chronic Disease Indicators,https://data.cdc.gov/d/hksd-2xuw
USA,MO,Missouri,Plains,38.635790776000476,-92.56630005,obesity,Obesity among adults,2021,2021,37.6,36.2,39.1,% age-adjusted prevalence,Adults aged 18+,BRFSS age-adjusted prevalence,NPW14,CDC Chronic Disease Indicators,https://data.cdc.gov/d/hksd-2xuw
USA,MO,Missouri,Plains,38.635790776000476,-92.56630005,obesity,Obesity among adults,2022,2022,36.7,35.1,38.4,% age-adjusted prevalence,Adults aged 18+,BRFSS age-adjusted prevalence,NPW14,CDC Chronic Disease Indicators,https://data.cdc.gov/d/hksd-2xuw
USA,MO,Missouri,Plains,38.635790776000476,-92.56630005,obesity,Obesity among adults,2023,2023,35.5,33.8,37.2,% age-adjusted prevalence,Adults aged 18+,BRFSS age-adjusted prevalence,NPW14,CDC Chronic Disease Indicators,https://data.cdc.gov/d/hksd-2xuw
USA,MS,Mississippi,Southeast,32.745510099000455,-89.53803082,asthma,Current asthma among adults,2019,2019,10.5,9.3,11.8,% age-adjusted prevalence,Adults aged 18+,BRFSS age-adjusted prevalence,AST02,CDC Chronic Disease Indicators,https://data.cdc.gov/d/hksd-2xuw
USA,MS,Mississippi,Southeast,32.745510099000455,-89.53803082,asthma,Current asthma among adults,2020,2020,9.3,8.4,10.3,% age-adjusted prevalence,Adults aged 18+,BRFSS age-adjusted prevalence,AST02,CDC Chronic Disease Indicators,https://data.cdc.gov/d/hksd-2xuw
USA,MS,Mississippi,Southeast,32.745510099000455,-89.53803082,asthma,Current asthma among adults,2021,2021,10.4,9.1,11.8,% age-adjusted prevalence,Adults aged 18+,BRFSS age-adjusted prevalence,AST02,CDC Chronic Disease Indicators,https://data.cdc.gov/d/hksd-2xuw
USA,MS,Mississippi,Southeast,32.745510099000455,-89.53803082,asthma,Current asthma among adults,2022,2022,9.4,8.2,10.7,% age-adjusted prevalence,Adults aged 18+,BRFSS age-adjusted prevalence,AST02,CDC Chronic Disease Indicators,https://data.cdc.gov/d/hksd-2xuw
USA,MS,Mississippi,Southeast,32.745510099000455,-89.53803082,asthma,Current asthma among adults,2023,2023,7.1,6.2,8.1,% age-adjusted prevalence,Adults aged 18+,BRFSS age-adjusted prevalence,AST02,CDC Chronic Disease Indicators,https://data.cdc.gov/d/hksd-2xuw
USA,MS,Mississippi,Southeast,32.745510099000455,-89.53803082,copd,COPD among adults,2019,2019,8.8,7.8,9.8,% age-adjusted prevalence,Adults aged 18+,BRFSS age-adjusted prevalence,COPD01,CDC Chronic Disease Indicators,https://data.cdc.gov/d/hksd-2xuw
USA,MS,Mississippi,Southeast,32.745510099000455,-89.53803082,copd,COPD among adults,2020,2020,8.0,7.2,8.9,% age-adjusted prevalence,Adults aged 18+,BRFSS age-adjusted prevalence,COPD01,CDC Chronic Disease Indicators,https://data.cdc.gov/d/hksd-2xuw
USA,MS,Mississippi,Southeast,32.745510099000455,-89.53803082,copd,COPD among adults,2021,2021,8.4,7.4,9.5,% age-adjusted prevalence,Adults aged 18+,BRFSS age-adjusted prevalence,COPD01,CDC Chronic Disease Indicators,https://data.cdc.gov/d/hksd-2xuw
USA,MS,Mississippi,Southeast,32.745510099000455,-89.53803082,copd,COPD among adults,2022,2022,9.8,8.6,11.2,% age-adjusted prevalence,Adults aged 18+,BRFSS age-adjusted prevalence,COPD01,CDC Chronic Disease Indicators,https://data.cdc.gov/d/hksd-2xuw
USA,MS,Mississippi,Southeast,32.745510099000455,-89.53803082,copd,COPD among adults,2023,2023,7.0,6.0,8.1,% age-adjusted prevalence,Adults aged 18+,BRFSS age-adjusted prevalence,COPD01,CDC Chronic Disease Indicators,https://data.cdc.gov/d/hksd-2xuw
USA,MS,Mississippi,Southeast,32.745510099000455,-89.53803082,depression,Depression among adults,2019,2019,20.7,19.2,22.2,% age-adjusted prevalence,Adults aged 18+,BRFSS age-adjusted prevalence,MEN02,CDC Chronic Disease Indicators,https://data.cdc.gov/d/hksd-2xuw
USA,MS,Mississippi,Southeast,32.745510099000455,-89.53803082,depression,Depression among adults,2020,2020,21.1,19.7,22.6,% age-adjusted prevalence,Adults aged 18+,BRFSS age-adjusted prevalence,MEN02,CDC Chronic Disease Indicators,https://data.cdc.gov/d/hksd-2xuw
USA,MS,Mississippi,Southeast,32.745510099000455,-89.53803082,depression,Depression among adults,2021,2021,20.2,18.6,22.0,% age-adjusted prevalence,Adults aged 18+,BRFSS age-adjusted prevalence,MEN02,CDC Chronic Disease Indicators,https://data.cdc.gov/d/hksd-2xuw
USA,MS,Mississippi,Southeast,32.745510099000455,-89.53803082,depression,Depression among adults,2022,2022,21.1,19.5,22.7,% age-adjusted prevalence,Adults aged 18+,BRFSS age-adjusted prevalence,MEN02,CDC Chronic Disease Indicators,https://data.cdc.gov/d/hksd-2xuw
USA,MS,Mississippi,Southeast,32.745510099000455,-89.53803082,depression,Depression among adults,2023,2023,18.8,17.3,20.5,% age-adjusted prevalence,Adults aged 18+,BRFSS age-adjusted prevalence,MEN02,CDC Chronic Disease Indicators,https://data.cdc.gov/d/hksd-2xuw
USA,MS,Mississippi,Southeast,32.745510099000455,-89.53803082,diabetes,Diabetes among adults,2019,2019,13.5,12.5,14.5,% age-adjusted prevalence,Adults aged 18+,BRFSS age-adjusted prevalence,DIA01,CDC Chronic Disease Indicators,https://data.cdc.gov/d/hksd-2xuw
USA,MS,Mississippi,Southeast,32.745510099000455,-89.53803082,diabetes,Diabetes among adults,2020,2020,13.3,12.3,14.3,% age-adjusted prevalence,Adults aged 18+,BRFSS age-adjusted prevalence,DIA01,CDC Chronic Disease Indicators,https://data.cdc.gov/d/hksd-2xuw
USA,MS,Mississippi,Southeast,32.745510099000455,-89.53803082,diabetes,Diabetes among adults,2021,2021,13.8,12.6,15.1,% age-adjusted prevalence,Adults aged 18+,BRFSS age-adjusted prevalence,DIA01,CDC Chronic Disease Indicators,https://data.cdc.gov/d/hksd-2xuw
USA,MS,Mississippi,Southeast,32.745510099000455,-89.53803082,diabetes,Diabetes among adults,2022,2022,13.9,12.7,15.3,% age-adjusted prevalence,Adults aged 18+,BRFSS age-adjusted prevalence,DIA01,CDC Chronic Disease Indicators,https://data.cdc.gov/d/hksd-2xuw
USA,MS,Mississippi,Southeast,32.745510099000455,-89.53803082,diabetes,Diabetes among adults,2023,2023,15.1,13.7,16.6,% age-adjusted prevalence,Adults aged 18+,BRFSS age-adjusted prevalence,DIA01,CDC Chronic Disease Indicators,https://data.cdc.gov/d/hksd-2xuw
USA,MS,Mississippi,Southeast,32.745510099000455,-89.53803082,hypertension,High blood pressure among adults,2019,2019,41.2,39.5,42.9,% age-adjusted prevalence,Adults aged 18+,BRFSS age-adjusted prevalence,CVD01,CDC Chronic Disease Indicators,https://data.cdc.gov/d/hksd-2xuw
USA,MS,Mississippi,Southeast,32.745510099000455,-89.53803082,hypertension,High blood pressure among adults,2021,2021,40.7,38.9,42.5,% age-adjusted prevalence,Adults aged 18+,BRFSS age-adjusted prevalence,CVD01,CDC Chronic Disease Indicators,https://data.cdc.gov/d/hksd-2xuw
USA,MS,Mississippi,Southeast,32.745510099000455,-89.53803082,hypertension,High blood pressure among adults,2023,2023,42.6,40.8,44.5,% age-adjusted prevalence,Adults aged 18+,BRFSS age-adjusted prevalence,CVD01,CDC Chronic Disease Indicators,https://data.cdc.gov/d/hksd-2xuw
USA,MS,Mississippi,Southeast,32.745510099000455,-89.53803082,obesity,Obesity among adults,2019,2019,41.2,39.3,43.1,% age-adjusted prevalence,Adults aged 18+,BRFSS age-adjusted prevalence,NPW14,CDC Chronic Disease Indicators,https://data.cdc.gov/d/hksd-2xuw
USA,MS,Mississippi,Southeast,32.745510099000455,-89.53803082,obesity,Obesity among adults,2020,2020,39.9,38.2,41.6,% age-adjusted prevalence,Adults aged 18+,BRFSS age-adjusted prevalence,NPW14,CDC Chronic Disease Indicators,https://data.cdc.gov/d/hksd-2xuw
USA,MS,Mississippi,Southeast,32.745510099000455,-89.53803082,obesity,Obesity among adults,2021,2021,39.4,37.4,41.5,% age-adjusted prevalence,Adults aged 18+,BRFSS age-adjusted prevalence,NPW14,CDC Chronic Disease Indicators,https://data.cdc.gov/d/hksd-2xuw
USA,MS,Mississippi,Southeast,32.745510099000455,-89.53803082,obesity,Obesity among adults,2022,2022,40.1,38.1,42.1,% age-adjusted prevalence,Adults aged 18+,BRFSS age-adjusted prevalence,NPW14,CDC Chronic Disease Indicators,https://data.cdc.gov/d/hksd-2xuw
USA,MS,Mississippi,Southeast,32.745510099000455,-89.53803082,obesity,Obesity among adults,2023,2023,41.0,38.9,43.2,% age-adjusted prevalence,Adults aged 18+,BRFSS age-adjusted prevalence,NPW14,CDC Chronic Disease Indicators,https://data.cdc.gov/d/hksd-2xuw
USA,MT,Montana,Rocky Mountain,47.06652897200047,-109.4244206,asthma,Current asthma among adults,2019,2019,10.8,9.8,11.8,% age-adjusted prevalence,Adults aged 18+,BRFSS age-adjusted prevalence,AST02,CDC Chronic Disease Indicators,https://data.cdc.gov/d/hksd-2xuw
USA,MT,Montana,Rocky Mountain,47.06652897200047,-109.4244206,asthma,Current asthma among adults,2020,2020,11.3,10.3,12.4,% age-adjusted prevalence,Adults aged 18+,BRFSS age-adjusted prevalence,AST02,CDC Chronic Disease Indicators,https://data.cdc.gov/d/hksd-2xuw
USA,MT,Montana,Rocky Mountain,47.06652897200047,-109.4244206,asthma,Current asthma among adults,2021,2021,10.8,9.8,11.9,% age-adjusted prevalence,Adults aged 18+,BRFSS age-adjusted prevalence,AST02,CDC Chronic Disease Indicators,https://data.cdc.gov/d/hksd-2xuw
USA,MT,Montana,Rocky Mountain,47.06652897200047,-109.4244206,asthma,Current asthma among adults,2022,2022,12.0,10.9,13.1,% age-adjusted prevalence,Adults aged 18+,BRFSS age-adjusted prevalence,AST02,CDC Chronic Disease Indicators,https://data.cdc.gov/d/hksd-2xuw
USA,MT,Montana,Rocky Mountain,47.06652897200047,-109.4244206,asthma,Current asthma among adults,2023,2023,12.1,11.0,13.3,% age-adjusted prevalence,Adults aged 18+,BRFSS age-adjusted prevalence,AST02,CDC Chronic Disease Indicators,https://data.cdc.gov/d/hksd-2xuw
USA,MT,Montana,Rocky Mountain,47.06652897200047,-109.4244206,copd,COPD among adults,2019,2019,5.9,5.3,6.6,% age-adjusted prevalence,Adults aged 18+,BRFSS age-adjusted prevalence,COPD01,CDC Chronic Disease Indicators,https://data.cdc.gov/d/hksd-2xuw
USA,MT,Montana,Rocky Mountain,47.06652897200047,-109.4244206,copd,COPD among adults,2020,2020,5.7,5.1,6.4,% age-adjusted prevalence,Adults aged 18+,BRFSS age-adjusted prevalence,COPD01,CDC Chronic Disease Indicators,https://data.cdc.gov/d/hksd-2xuw
USA,MT,Montana,Rocky Mountain,47.06652897200047,-109.4244206,copd,COPD among adults,2021,2021,5.0,4.4,5.7,% age-adjusted prevalence,Adults aged 18+,BRFSS age-adjusted prevalence,COPD01,CDC Chronic Disease Indicators,https://data.cdc.gov/d/hksd-2xuw
USA,MT,Montana,Rocky Mountain,47.06652897200047,-109.4244206,copd,COPD among adults,2022,2022,5.7,5.1,6.5,% age-adjusted prevalence,Adults aged 18+,BRFSS age-adjusted prevalence,COPD01,CDC Chronic Disease Indicators,https://data.cdc.gov/d/hksd-2xuw
USA,MT,Montana,Rocky Mountain,47.06652897200047,-109.4244206,copd,COPD among adults,2023,2023,6.3,5.6,7.2,% age-adjusted prevalence,Adults aged 18+,BRFSS age-adjusted prevalence,COPD01,CDC Chronic Disease Indicators,https://data.cdc.gov/d/hksd-2xuw
USA,MT,Montana,Rocky Mountain,47.06652897200047,-109.4244206,depression,Depression among adults,2019,2019,24.7,23.3,26.2,% age-adjusted prevalence,Adults aged 18+,BRFSS age-adjusted prevalence,MEN02,CDC Chronic Disease Indicators,https://data.cdc.gov/d/hksd-2xuw
USA,MT,Montana,Rocky Mountain,47.06652897200047,-109.4244206,depression,Depression among adults,2020,2020,23.3,21.9,24.7,% age-adjusted prevalence,Adults aged 18+,BRFSS age-adjusted prevalence,MEN02,CDC Chronic Disease Indicators,https://data.cdc.gov/d/hksd-2xuw
USA,MT,Montana,Rocky Mountain,47.06652897200047,-109.4244206,depression,Depression among adults,2021,2021,23.9,22.4,25.4,% age-adjusted prevalence,Adults aged 18+,BRFSS age-adjusted prevalence,MEN02,CDC Chronic Disease Indicators,https://data.cdc.gov/d/hksd-2xuw
USA,MT,Montana,Rocky Mountain,47.06652897200047,-109.4244206,depression,Depression among adults,2022,2022,25.8,24.4,27.3,% age-adjusted prevalence,Adults aged 18+,BRFSS age-adjusted prevalence,MEN02,CDC Chronic Disease Indicators,https://data.cdc.gov/d/hksd-2xuw
USA,MT,Montana,Rocky Mountain,47.06652897200047,-109.4244206,depression,Depression among adults,2023,2023,25.7,24.2,27.2,% age-adjusted prevalence,Adults aged 18+,BRFSS age-adjusted prevalence,MEN02,CDC Chronic Disease Indicators,https://data.cdc.gov/d/hksd-2xuw
USA,MT,Montana,Rocky Mountain,47.06652897200047,-109.4244206,diabetes,Diabetes among adults,2019,2019,6.4,5.8,7.1,% age-adjusted prevalence,Adults aged 18+,BRFSS age-adjusted prevalence,DIA01,CDC Chronic Disease Indicators,https://data.cdc.gov/d/hksd-2xuw
USA,MT,Montana,Rocky Mountain,47.06652897200047,-109.4244206,diabetes,Diabetes among adults,2020,2020,7.8,7.1,8.6,% age-adjusted prevalence,Adults aged 18+,BRFSS age-adjusted prevalence,DIA01,CDC Chronic Disease Indicators,https://data.cdc.gov/d/hksd-2xuw
USA,MT,Montana,Rocky Mountain,47.06652897200047,-109.4244206,diabetes,Diabetes among adults,2021,2021,7.7,7.0,8.5,% age-adjusted prevalence,Adults aged 18+,BRFSS age-adjusted prevalence,DIA01,CDC Chronic Disease Indicators,https://data.cdc.gov/d/hksd-2xuw
USA,MT,Montana,Rocky Mountain,47.06652897200047,-109.4244206,diabetes,Diabetes among adults,2022,2022,7.1,6.5,7.8,% age-adjusted prevalence,Adults aged 18+,BRFSS age-adjusted prevalence,DIA01,CDC Chronic Disease Indicators,https://data.cdc.gov/d/hksd-2xuw
USA,MT,Montana,Rocky Mountain,47.06652897200047,-109.4244206,diabetes,Diabetes among adults,2023,2023,7.9,7.2,8.7,% age-adjusted prevalence,Adults aged 18+,BRFSS age-adjusted prevalence,DIA01,CDC Chronic Disease Indicators,https://data.cdc.gov/d/hksd-2xuw
USA,MT,Montana,Rocky Mountain,47.06652897200047,-109.4244206,hypertension,High blood pressure among adults,2019,2019,26.1,24.9,27.3,% age-adjusted prevalence,Adults aged 18+,BRFSS age-adjusted prevalence,CVD01,CDC Chronic Disease Indicators,https://data.cdc.gov/d/hksd-2xuw
USA,MT,Montana,Rocky Mountain,47.06652897200047,-109.4244206,hypertension,High blood pressure among adults,2021,2021,27.2,25.9,28.5,% age-adjusted prevalence,Adults aged 18+,BRFSS age-adjusted prevalence,CVD01,CDC Chronic Disease Indicators,https://data.cdc.gov/d/hksd-2xuw
USA,MT,Montana,Rocky Mountain,47.06652897200047,-109.4244206,hypertension,High blood pressure among adults,2023,2023,28.3,27.0,29.7,% age-adjusted prevalence,Adults aged 18+,BRFSS age-adjusted prevalence,CVD01,CDC Chronic Disease Indicators,https://data.cdc.gov/d/hksd-2xuw
USA,MT,Montana,Rocky Mountain,47.06652897200047,-109.4244206,obesity,Obesity among adults,2019,2019,28.0,26.6,29.5,% age-adjusted prevalence,Adults aged 18+,BRFSS age-adjusted prevalence,NPW14,CDC Chronic Disease Indicators,https://data.cdc.gov/d/hksd-2xuw
USA,MT,Montana,Rocky Mountain,47.06652897200047,-109.4244206,obesity,Obesity among adults,2020,2020,28.9,27.3,30.4,% age-adjusted prevalence,Adults aged 18+,BRFSS age-adjusted prevalence,NPW14,CDC Chronic Disease Indicators,https://data.cdc.gov/d/hksd-2xuw
USA,MT,Montana,Rocky Mountain,47.06652897200047,-109.4244206,obesity,Obesity among adults,2021,2021,31.8,30.1,33.4,% age-adjusted prevalence,Adults aged 18+,BRFSS age-adjusted prevalence,NPW14,CDC Chronic Disease Indicators,https://data.cdc.gov/d/hksd-2xuw
USA,MT,Montana,Rocky Mountain,47.06652897200047,-109.4244206,obesity,Obesity among adults,2022,2022,30.8,29.3,32.3,% age-adjusted prevalence,Adults aged 18+,BRFSS age-adjusted prevalence,NPW14,CDC Chronic Disease Indicators,https://data.cdc.gov/d/hksd-2xuw
USA,MT,Montana,Rocky Mountain,47.06652897200047,-109.4244206,obesity,Obesity among adults,2023,2023,30.4,28.9,32.0,% age-adjusted prevalence,Adults aged 18+,BRFSS age-adjusted prevalence,NPW14,CDC Chronic Disease Indicators,https://data.cdc.gov/d/hksd-2xuw
USA,NC,North Carolina,Southeast,35.466220975000454,-79.15925046,asthma,Current asthma among adults,2019,2019,8.6,7.7,9.7,% age-adjusted prevalence,Adults aged 18+,BRFSS age-adjusted prevalence,AST02,CDC Chronic Disease Indicators,https://data.cdc.gov/d/hksd-2xuw
USA,NC,North Carolina,Southeast,35.466220975000454,-79.15925046,asthma,Current asthma among adults,2020,2020,8.2,7.4,9.2,% age-adjusted prevalence,Adults aged 18+,BRFSS age-adjusted prevalence,AST02,CDC Chronic Disease Indicators,https://data.cdc.gov/d/hksd-2xuw
USA,NC,North Carolina,Southeast,35.466220975000454,-79.15925046,asthma,Current asthma among adults,2021,2021,8.9,7.9,10.0,% age-adjusted prevalence,Adults aged 18+,BRFSS age-adjusted prevalence,AST02,CDC Chronic Disease Indicators,https://data.cdc.gov/d/hksd-2xuw
USA,NC,North Carolina,Southeast,35.466220975000454,-79.15925046,asthma,Current asthma among adults,2022,2022,9.3,8.1,10.6,% age-adjusted prevalence,Adults aged 18+,BRFSS age-adjusted prevalence,AST02,CDC Chronic Disease Indicators,https://data.cdc.gov/d/hksd-2xuw
USA,NC,North Carolina,Southeast,35.466220975000454,-79.15925046,asthma,Current asthma among adults,2023,2023,9.8,8.5,11.3,% age-adjusted prevalence,Adults aged 18+,BRFSS age-adjusted prevalence,AST02,CDC Chronic Disease Indicators,https://data.cdc.gov/d/hksd-2xuw
USA,NC,North Carolina,Southeast,35.466220975000454,-79.15925046,copd,COPD among adults,2019,2019,7.0,6.2,7.9,% age-adjusted prevalence,Adults aged 18+,BRFSS age-adjusted prevalence,COPD01,CDC Chronic Disease Indicators,https://data.cdc.gov/d/hksd-2xuw
USA,NC,North Carolina,Southeast,35.466220975000454,-79.15925046,copd,COPD among adults,2020,2020,5.7,5.1,6.5,% age-adjusted prevalence,Adults aged 18+,BRFSS age-adjusted prevalence,COPD01,CDC Chronic Disease Indicators,https://data.cdc.gov/d/hksd-2xuw
USA,NC,North Carolina,Southeast,35.466220975000454,-79.15925046,copd,COPD among adults,2021,2021,6.8,6.0,7.8,% age-adjusted prevalence,Adults aged 18+,BRFSS age-adjusted prevalence,COPD01,CDC Chronic Disease Indicators,https://data.cdc.gov/d/hksd-2xuw
USA,NC,North Carolina,Southeast,35.466220975000454,-79.15925046,copd,COPD among adults,2022,2022,6.7,5.8,7.9,% age-adjusted prevalence,Adults aged 18+,BRFSS age-adjusted prevalence,COPD01,CDC Chronic Disease Indicators,https://data.cdc.gov/d/hksd-2xuw
USA,NC,North Carolina,Southeast,35.466220975000454,-79.15925046,copd,COPD among adults,2023,2023,6.2,5.2,7.3,% age-adjusted prevalence,Adults aged 18+,BRFSS age-adjusted prevalence,COPD01,CDC Chronic Disease Indicators,https://data.cdc.gov/d/hksd-2xuw
USA,NC,North Carolina,Southeast,35.466220975000454,-79.15925046,depression,Depression among adults,2019,2019,21.8,20.3,23.3,% age-adjusted prevalence,Adults aged 18+,BRFSS age-adjusted prevalence,MEN02,CDC Chronic Disease Indicators,https://data.cdc.gov/d/hksd-2xuw
USA,NC,North Carolina,Southeast,35.466220975000454,-79.15925046,depression,Depression among adults,2020,2020,20.9,19.6,22.3,% age-adjusted prevalence,Adults aged 18+,BRFSS age-adjusted prevalence,MEN02,CDC Chronic Disease Indicators,https://data.cdc.gov/d/hksd-2xuw
USA,NC,North Carolina,Southeast,35.466220975000454,-79.15925046,depression,Depression among adults,2021,2021,21.9,20.4,23.5,% age-adjusted prevalence,Adults aged 18+,BRFSS age-adjusted prevalence,MEN02,CDC Chronic Disease Indicators,https://data.cdc.gov/d/hksd-2xuw
USA,NC,North Carolina,Southeast,35.466220975000454,-79.15925046,depression,Depression among adults,2022,2022,22.4,20.7,24.2,% age-adjusted prevalence,Adults aged 18+,BRFSS age-adjusted prevalence,MEN02,CDC Chronic Disease Indicators,https://data.cdc.gov/d/hksd-2xuw
USA,NC,North Carolina,Southeast,35.466220975000454,-79.15925046,depression,Depression among adults,2023,2023,23.7,21.8,25.7,% age-adjusted prevalence,Adults aged 18+,BRFSS age-adjusted prevalence,MEN02,CDC Chronic Disease Indicators,https://data.cdc.gov/d/hksd-2xuw
USA,NC,North Carolina,Southeast,35.466220975000454,-79.15925046,diabetes,Diabetes among adults,2019,2019,10.7,9.8,11.7,% age-adjusted prevalence,Adults aged 18+,BRFSS age-adjusted prevalence,DIA01,CDC Chronic Disease Indicators,https://data.cdc.gov/d/hksd-2xuw
USA,NC,North Carolina,Southeast,35.466220975000454,-79.15925046,diabetes,Diabetes among adults,2020,2020,11.1,10.2,12.1,% age-adjusted prevalence,Adults aged 18+,BRFSS age-adjusted prevalence,DIA01,CDC Chronic Disease Indicators,https://data.cdc.gov/d/hksd-2xuw
USA,NC,North Carolina,Southeast,35.466220975000454,-79.15925046,diabetes,Diabetes among adults,2021,2021,11.2,10.2,12.2,% age-adjusted prevalence,Adults aged 18+,BRFSS age-adjusted prevalence,DIA01,CDC Chronic Disease Indicators,https://data.cdc.gov/d/hksd-2xuw
USA,NC,North Carolina,Southeast,35.466220975000454,-79.15925046,diabetes,Diabetes among adults,2022,2022,10.8,9.7,12.0,% age-adjusted prevalence,Adults aged 18+,BRFSS age-adjusted prevalence,DIA01,CDC Chronic Disease Indicators,https://data.cdc.gov/d/hksd-2xuw
USA,NC,North Carolina,Southeast,35.466220975000454,-79.15925046,diabetes,Diabetes among adults,2023,2023,11.0,9.8,12.3,% age-adjusted prevalence,Adults aged 18+,BRFSS age-adjusted prevalence,DIA01,CDC Chronic Disease Indicators,https://data.cdc.gov/d/hksd-2xuw
USA,NC,North Carolina,Southeast,35.466220975000454,-79.15925046,hypertension,High blood pressure among adults,2019,2019,32.4,30.9,34.0,% age-adjusted prevalence,Adults aged 18+,BRFSS age-adjusted prevalence,CVD01,CDC Chronic Disease Indicators,https://data.cdc.gov/d/hksd-2xuw
USA,NC,North Carolina,Southeast,35.466220975000454,-79.15925046,hypertension,High blood pressure among adults,2021,2021,31.5,30.1,32.9,% age-adjusted prevalence,Adults aged 18+,BRFSS age-adjusted prevalence,CVD01,CDC Chronic Disease Indicators,https://data.cdc.gov/d/hksd-2xuw
USA,NC,North Carolina,Southeast,35.466220975000454,-79.15925046,hypertension,High blood pressure among adults,2023,2023,34.1,32.1,36.1,% age-adjusted prevalence,Adults aged 18+,BRFSS age-adjusted prevalence,CVD01,CDC Chronic Disease Indicators,https://data.cdc.gov/d/hksd-2xuw
USA,NC,North Carolina,Southeast,35.466220975000454,-79.15925046,obesity,Obesity among adults,2019,2019,34.0,32.2,35.9,% age-adjusted prevalence,Adults aged 18+,BRFSS age-adjusted prevalence,NPW14,CDC Chronic Disease Indicators,https://data.cdc.gov/d/hksd-2xuw
USA,NC,North Carolina,Southeast,35.466220975000454,-79.15925046,obesity,Obesity among adults,2020,2020,33.6,31.9,35.3,% age-adjusted prevalence,Adults aged 18+,BRFSS age-adjusted prevalence,NPW14,CDC Chronic Disease Indicators,https://data.cdc.gov/d/hksd-2xuw
USA,NC,North Carolina,Southeast,35.466220975000454,-79.15925046,obesity,Obesity among adults,2021,2021,36.4,34.6,38.3,% age-adjusted prevalence,Adults aged 18+,BRFSS age-adjusted prevalence,NPW14,CDC Chronic Disease Indicators,https://data.cdc.gov/d/hksd-2xuw
USA,NC,North Carolina,Southeast,35.466220975000454,-79.15925046,obesity,Obesity among adults,2022,2022,34.2,32.2,36.3,% age-adjusted prevalence,Adults aged 18+,BRFSS age-adjusted prevalence,NPW14,CDC Chronic Disease Indicators,https://data.cdc.gov/d/hksd-2xuw
USA,NC,North Carolina,Southeast,35.466220975000454,-79.15925046,obesity,Obesity among adults,2023,2023,34.0,31.8,36.2,% age-adjusted prevalence,Adults aged 18+,BRFSS age-adjusted prevalence,NPW14,CDC Chronic Disease Indicators,https://data.cdc.gov/d/hksd-2xuw
USA,ND,North Dakota,Plains,47.47531977900047,-100.118421,asthma,Current asthma among adults,2019,2019,8.9,7.8,10.2,% age-adjusted prevalence,Adults aged 18+,BRFSS age-adjusted prevalence,AST02,CDC Chronic Disease Indicators,https://data.cdc.gov/d/hksd-2xuw
USA,ND,North Dakota,Plains,47.47531977900047,-100.118421,asthma,Current asthma among adults,2020,2020,9.5,8.2,10.9,% age-adjusted prevalence,Adults aged 18+,BRFSS age-adjusted prevalence,AST02,CDC Chronic Disease Indicators,https://data.cdc.gov/d/hksd-2xuw
USA,ND,North Dakota,Plains,47.47531977900047,-100.118421,asthma,Current asthma among adults,2021,2021,9.3,8.3,10.4,% age-adjusted prevalence,Adults aged 18+,BRFSS age-adjusted prevalence,AST02,CDC Chronic Disease Indicators,https://data.cdc.gov/d/hksd-2xuw
USA,ND,North Dakota,Plains,47.47531977900047,-100.118421,asthma,Current asthma among adults,2022,2022,10.5,9.3,11.8,% age-adjusted prevalence,Adults aged 18+,BRFSS age-adjusted prevalence,AST02,CDC Chronic Disease Indicators,https://data.cdc.gov/d/hksd-2xuw
USA,ND,North Dakota,Plains,47.47531977900047,-100.118421,asthma,Current asthma among adults,2023,2023,10.2,9.1,11.3,% age-adjusted prevalence,Adults aged 18+,BRFSS age-adjusted prevalence,AST02,CDC Chronic Disease Indicators,https://data.cdc.gov/d/hksd-2xuw
USA,ND,North Dakota,Plains,47.47531977900047,-100.118421,copd,COPD among adults,2019,2019,4.9,4.2,5.6,% age-adjusted prevalence,Adults aged 18+,BRFSS age-adjusted prevalence,COPD01,CDC Chronic Disease Indicators,https://data.cdc.gov/d/hksd-2xuw
USA,ND,North Dakota,Plains,47.47531977900047,-100.118421,copd,COPD among adults,2020,2020,5.4,4.5,6.4,% age-adjusted prevalence,Adults aged 18+,BRFSS age-adjusted prevalence,COPD01,CDC Chronic Disease Indicators,https://data.cdc.gov/d/hksd-2xuw
USA,ND,North Dakota,Plains,47.47531977900047,-100.118421,copd,COPD among adults,2021,2021,4.6,3.9,5.3,% age-adjusted prevalence,Adults aged 18+,BRFSS age-adjusted prevalence,COPD01,CDC Chronic Disease Indicators,https://data.cdc.gov/d/hksd-2xuw
USA,ND,North Dakota,Plains,47.47531977900047,-100.118421,copd,COPD among adults,2022,2022,5.3,4.6,6.1,% age-adjusted prevalence,Adults aged 18+,BRFSS age-adjusted prevalence,COPD01,CDC Chronic Disease Indicators,https://data.cdc.gov/d/hksd-2xuw
USA,ND,North Dakota,Plains,47.47531977900047,-100.118421,copd,COPD among adults,2023,2023,4.8,4.2,5.5,% age-adjusted prevalence,Adults aged 18+,BRFSS age-adjusted prevalence,COPD01,CDC Chronic Disease Indicators,https://data.cdc.gov/d/hksd-2xuw
USA,ND,North Dakota,Plains,47.47531977900047,-100.118421,depression,Depression among adults,2019,2019,17.9,16.4,19.5,% age-adjusted prevalence,Adults aged 18+,BRFSS age-adjusted prevalence,MEN02,CDC Chronic Disease Indicators,https://data.cdc.gov/d/hksd-2xuw
USA,ND,North Dakota,Plains,47.47531977900047,-100.118421,depression,Depression among adults,2020,2020,19.7,18.0,21.6,% age-adjusted prevalence,Adults aged 18+,BRFSS age-adjusted prevalence,MEN02,CDC Chronic Disease Indicators,https://data.cdc.gov/d/hksd-2xuw
USA,ND,North Dakota,Plains,47.47531977900047,-100.118421,depression,Depression among adults,2021,2021,19.7,18.3,21.3,% age-adjusted prevalence,Adults aged 18+,BRFSS age-adjusted prevalence,MEN02,CDC Chronic Disease Indicators,https://data.cdc.gov/d/hksd-2xuw
USA,ND,North Dakota,Plains,47.47531977900047,-100.118421,depression,Depression among adults,2022,2022,22.2,20.5,23.9,% age-adjusted prevalence,Adults aged 18+,BRFSS age-adjusted prevalence,MEN02,CDC Chronic Disease Indicators,https://data.cdc.gov/d/hksd-2xuw
USA,ND,North Dakota,Plains,47.47531977900047,-100.118421,depression,Depression among adults,2023,2023,22.7,21.2,24.2,% age-adjusted prevalence,Adults aged 18+,BRFSS age-adjusted prevalence,MEN02,CDC Chronic Disease Indicators,https://data.cdc.gov/d/hksd-2xuw
USA,ND,North Dakota,Plains,47.47531977900047,-100.118421,diabetes,Diabetes among adults,2019,2019,8.3,7.5,9.1,% age-adjusted prevalence,Adults aged 18+,BRFSS age-adjusted prevalence,DIA01,CDC Chronic Disease Indicators,https://data.cdc.gov/d/hksd-2xuw
USA,ND,North Dakota,Plains,47.47531977900047,-100.118421,diabetes,Diabetes among adults,2020,2020,9.4,8.4,10.5,% age-adjusted prevalence,Adults aged 18+,BRFSS age-adjusted prevalence,DIA01,CDC Chronic Disease Indicators,https://data.cdc.gov/d/hksd-2xuw
USA,ND,North Dakota,Plains,47.47531977900047,-100.118421,diabetes,Diabetes among adults,2021,2021,8.9,8.1,9.8,% age-adjusted prevalence,Adults aged 18+,BRFSS age-adjusted prevalence,DIA01,CDC Chronic Disease Indicators,https://data.cdc.gov/d/hksd-2xuw
USA,ND,North Dakota,Plains,47.47531977900047,-100.118421,diabetes,Diabetes among adults,2022,2022,9.0,8.1,10.0,% age-adjusted prevalence,Adults aged 18+,BRFSS age-adjusted prevalence,DIA01,CDC Chronic Disease Indicators,https://data.cdc.gov/d/hksd-2xuw
USA,ND,North Dakota,Plains,47.47531977900047,-100.118421,diabetes,Diabetes among adults,2023,2023,8.9,8.1,9.7,% age-adjusted prevalence,Adults aged 18+,BRFSS age-adjusted prevalence,DIA01,CDC Chronic Disease Indicators,https://data.cdc.gov/d/hksd-2xuw
USA,ND,North Dakota,Plains,47.47531977900047,-100.118421,hypertension,High blood pressure among adults,2019,2019,28.4,27.0,29.9,% age-adjusted prevalence,Adults aged 18+,BRFSS age-adjusted prevalence,CVD01,CDC Chronic Disease Indicators,https://data.cdc.gov/d/hksd-2xuw
USA,ND,North Dakota,Plains,47.47531977900047,-100.118421,hypertension,High blood pressure among adults,2021,2021,29.7,28.4,31.1,% age-adjusted prevalence,Adults aged 18+,BRFSS age-adjusted prevalence,CVD01,CDC Chronic Disease Indicators,https://data.cdc.gov/d/hksd-2xuw
USA,ND,North Dakota,Plains,47.47531977900047,-100.118421,hypertension,High blood pressure among adults,2023,2023,30.1,28.8,31.4,% age-adjusted prevalence,Adults aged 18+,BRFSS age-adjusted prevalence,CVD01,CDC Chronic Disease Indicators,https://data.cdc.gov/d/hksd-2xuw
USA,ND,North Dakota,Plains,47.47531977900047,-100.118421,obesity,Obesity among adults,2019,2019,35.8,34.0,37.8,% age-adjusted prevalence,Adults aged 18+,BRFSS age-adjusted prevalence,NPW14,CDC Chronic Disease Indicators,https://data.cdc.gov/d/hksd-2xuw
USA,ND,North Dakota,Plains,47.47531977900047,-100.118421,obesity,Obesity among adults,2020,2020,33.6,31.5,35.7,% age-adjusted prevalence,Adults aged 18+,BRFSS age-adjusted prevalence,NPW14,CDC Chronic Disease Indicators,https://data.cdc.gov/d/hksd-2xuw
USA,ND,North Dakota,Plains,47.47531977900047,-100.118421,obesity,Obesity among adults,2021,2021,35.7,34.0,37.5,% age-adjusted prevalence,Adults aged 18+,BRFSS age-adjusted prevalence,NPW14,CDC Chronic Disease Indicators,https://data.cdc.gov/d/hksd-2xuw
USA,ND,North Dakota,Plains,47.47531977900047,-100.118421,obesity,Obesity among adults,2022,2022,36.2,34.3,38.1,% age-adjusted prevalence,Adults aged 18+,BRFSS age-adjusted prevalence,NPW14,CDC Chronic Disease Indicators,https://data.cdc.gov/d/hksd-2xuw
USA,ND,North Dakota,Plains,47.47531977900047,-100.118421,obesity,Obesity among adults,2023,2023,36.1,34.4,37.9,% age-adjusted prevalence,Adults aged 18+,BRFSS age-adjusted prevalence,NPW14,CDC Chronic Disease Indicators,https://data.cdc.gov/d/hksd-2xuw
USA,NE,Nebraska,Plains,41.64104099,-99.36572062,asthma,Current asthma among adults,2019,2019,8.7,8.0,9.4,% age-adjusted prevalence,Adults aged 18+,BRFSS age-adjusted prevalence,AST02,CDC Chronic Disease Indicators,https://data.cdc.gov/d/hksd-2xuw
USA,NE,Nebraska,Plains,41.64104099,-99.36572062,asthma,Current asthma among adults,2020,2020,8.2,7.5,9.0,% age-adjusted prevalence,Adults aged 18+,BRFSS age-adjusted prevalence,AST02,CDC Chronic Disease Indicators,https://data.cdc.gov/d/hksd-2xuw
USA,NE,Nebraska,Plains,41.64104099,-99.36572062,asthma,Current asthma among adults,2021,2021,8.9,8.2,9.6,% age-adjusted prevalence,Adults aged 18+,BRFSS age-adjusted prevalence,AST02,CDC Chronic Disease Indicators,https://data.cdc.gov/d/hksd-2xuw
USA,NE,Nebraska,Plains,41.64104099,-99.36572062,asthma,Current asthma among adults,2022,2022,8.2,7.3,9.2,% age-adjusted prevalence,Adults aged 18+,BRFSS age-adjusted prevalence,AST02,CDC Chronic Disease Indicators,https://data.cdc.gov/d/hksd-2xuw
USA,NE,Nebraska,Plains,41.64104099,-99.36572062,asthma,Current asthma among adults,2023,2023,8.7,8.0,9.4,% age-adjusted prevalence,Adults aged 18+,BRFSS age-adjusted prevalence,AST02,CDC Chronic Disease Indicators,https://data.cdc.gov/d/hksd-2xuw
USA,NE,Nebraska,Plains,41.64104099,-99.36572062,copd,COPD among adults,2019,2019,5.2,4.8,5.7,% age-adjusted prevalence,Adults aged 18+,BRFSS age-adjusted prevalence,COPD01,CDC Chronic Disease Indicators,https://data.cdc.gov/d/hksd-2xuw
USA,NE,Nebraska,Plains,41.64104099,-99.36572062,copd,COPD among adults,2020,2020,4.7,4.3,5.2,% age-adjusted prevalence,Adults aged 18+,BRFSS age-adjusted prevalence,COPD01,CDC Chronic Disease Indicators,https://data.cdc.gov/d/hksd-2xuw
USA,NE,Nebraska,Plains,41.64104099,-99.36572062,copd,COPD among adults,2021,2021,5.1,4.7,5.6,% age-adjusted prevalence,Adults aged 18+,BRFSS age-adjusted prevalence,COPD01,CDC Chronic Disease Indicators,https://data.cdc.gov/d/hksd-2xuw
USA,NE,Nebraska,Plains,41.64104099,-99.36572062,copd,COPD among adults,2022,2022,5.0,4.4,5.6,% age-adjusted prevalence,Adults aged 18+,BRFSS age-adjusted prevalence,COPD01,CDC Chronic Disease Indicators,https://data.cdc.gov/d/hksd-2xuw
USA,NE,Nebraska,Plains,41.64104099,-99.36572062,copd,COPD among adults,2023,2023,4.9,4.5,5.4,% age-adjusted prevalence,Adults aged 18+,BRFSS age-adjusted prevalence,COPD01,CDC Chronic Disease Indicators,https://data.cdc.gov/d/hksd-2xuw
USA,NE,Nebraska,Plains,41.64104099,-99.36572062,depression,Depression among adults,2019,2019,16.3,15.5,17.2,% age-adjusted prevalence,Adults aged 18+,BRFSS age-adjusted prevalence,MEN02,CDC Chronic Disease Indicators,https://data.cdc.gov/d/hksd-2xuw
USA,NE,Nebraska,Plains,41.64104099,-99.36572062,depression,Depression among adults,2020,2020,17.1,16.1,18.1,% age-adjusted prevalence,Adults aged 18+,BRFSS age-adjusted prevalence,MEN02,CDC Chronic Disease Indicators,https://data.cdc.gov/d/hksd-2xuw
USA,NE,Nebraska,Plains,41.64104099,-99.36572062,depression,Depression among adults,2021,2021,17.9,17.0,18.9,% age-adjusted prevalence,Adults aged 18+,BRFSS age-adjusted prevalence,MEN02,CDC Chronic Disease Indicators,https://data.cdc.gov/d/hksd-2xuw
USA,NE,Nebraska,Plains,41.64104099,-99.36572062,depression,Depression among adults,2022,2022,17.5,16.2,18.8,% age-adjusted prevalence,Adults aged 18+,BRFSS age-adjusted prevalence,MEN02,CDC Chronic Disease Indicators,https://data.cdc.gov/d/hksd-2xuw
USA,NE,Nebraska,Plains,41.64104099,-99.36572062,depression,Depression among adults,2023,2023,18.5,17.5,19.5,% age-adjusted prevalence,Adults aged 18+,BRFSS age-adjusted prevalence,MEN02,CDC Chronic Disease Indicators,https://data.cdc.gov/d/hksd-2xuw
USA,NE,Nebraska,Plains,41.64104099,-99.36572062,diabetes,Diabetes among adults,2019,2019,9.2,8.7,9.8,% age-adjusted prevalence,Adults aged 18+,BRFSS age-adjusted prevalence,DIA01,CDC Chronic Disease Indicators,https://data.cdc.gov/d/hksd-2xuw
USA,NE,Nebraska,Plains,41.64104099,-99.36572062,diabetes,Diabetes among adults,2020,2020,9.0,8.4,9.7,% age-adjusted prevalence,Adults aged 18+,BRFSS age-adjusted prevalence,DIA01,CDC Chronic Disease Indicators,https://data.cdc.gov/d/hksd-2xuw
USA,NE,Nebraska,Plains,41.64104099,-99.36572062,diabetes,Diabetes among adults,2021,2021,8.7,8.2,9.3,% age-adjusted prevalence,Adults aged 18+,BRFSS age-adjusted prevalence,DIA01,CDC Chronic Disease Indicators,https://data.cdc.gov/d/hksd-2xuw
USA,NE,Nebraska,Plains,41.64104099,-99.36572062,diabetes,Diabetes among adults,2022,2022,9.8,9.0,10.6,% age-adjusted prevalence,Adults aged 18+,BRFSS age-adjusted prevalence,DIA01,CDC Chronic Disease Indicators,https://data.cdc.gov/d/hksd-2xuw
USA,NE,Nebraska,Plains,41.64104099,-99.36572062,diabetes,Diabetes among adults,2023,2023,9.7,9.0,10.3,% age-adjusted prevalence,Adults aged 18+,BRFSS age-adjusted prevalence,DIA01,CDC Chronic Disease Indicators,https://data.cdc.gov/d/hksd-2xuw
USA,NE,Nebraska,Plains,41.64104099,-99.36572062,hypertension,High blood pressure among adults,2019,2019,28.9,28.0,29.8,% age-adjusted prevalence,Adults aged 18+,BRFSS age-adjusted prevalence,CVD01,CDC Chronic Disease Indicators,https://data.cdc.gov/d/hksd-2xuw
USA,NE,Nebraska,Plains,41.64104099,-99.36572062,hypertension,High blood pressure among adults,2021,2021,29.4,28.5,30.4,% age-adjusted prevalence,Adults aged 18+,BRFSS age-adjusted prevalence,CVD01,CDC Chronic Disease Indicators,https://data.cdc.gov/d/hksd-2xuw
USA,NE,Nebraska,Plains,41.64104099,-99.36572062,hypertension,High blood pressure among adults,2023,2023,30.2,29.2,31.2,% age-adjusted prevalence,Adults aged 18+,BRFSS age-adjusted prevalence,CVD01,CDC Chronic Disease Indicators,https://data.cdc.gov/d/hksd-2xuw
USA,NE,Nebraska,Plains,41.64104099,-99.36572062,obesity,Obesity among adults,2019,2019,34.3,33.2,35.5,% age-adjusted prevalence,Adults aged 18+,BRFSS age-adjusted prevalence,NPW14,CDC Chronic Disease Indicators,https://data.cdc.gov/d/hksd-2xuw
USA,NE,Nebraska,Plains,41.64104099,-99.36572062,obesity,Obesity among adults,2020,2020,34.0,32.8,35.3,% age-adjusted prevalence,Adults aged 18+,BRFSS age-adjusted prevalence,NPW14,CDC Chronic Disease Indicators,https://data.cdc.gov/d/hksd-2xuw
USA,NE,Nebraska,Plains,41.64104099,-99.36572062,obesity,Obesity among adults,2021,2021,36.3,35.1,37.5,% age-adjusted prevalence,Adults aged 18+,BRFSS age-adjusted prevalence,NPW14,CDC Chronic Disease Indicators,https://data.cdc.gov/d/hksd-2xuw
USA,NE,Nebraska,Plains,41.64104099,-99.36572062,obesity,Obesity among adults,2022,2022,35.6,34.0,37.3,% age-adjusted prevalence,Adults aged 18+,BRFSS age-adjusted prevalence,NPW14,CDC Chronic Disease Indicators,https://data.cdc.gov/d/hksd-2xuw
USA,NE,Nebraska,Plains,41.64104099,-99.36572062,obesity,Obesity among adults,2023,2023,37.0,35.8,38.2,% age-adjusted prevalence,Adults aged 18+,BRFSS age-adjusted prevalence,NPW14,CDC Chronic Disease Indicators,https://data.cdc.gov/d/hksd-2xuw
USA,NH,New Hampshire,New England,43.65595011300047,-71.50036092,asthma,Current asthma among adults,2019,2019,12.0,10.7,13.4,% age-adjusted prevalence,Adults aged 18+,BRFSS age-adjusted prevalence,AST02,CDC Chronic Disease Indicators,https://data.cdc.gov/d/hksd-2xuw
USA,NH,New Hampshire,New England,43.65595011300047,-71.50036092,asthma,Current asthma among adults,2020,2020,12.5,11.3,13.8,% age-adjusted prevalence,Adults aged 18+,BRFSS age-adjusted prevalence,AST02,CDC Chronic Disease Indicators,https://data.cdc.gov/d/hksd-2xuw
USA,NH,New Hampshire,New England,43.65595011300047,-71.50036092,asthma,Current asthma among adults,2021,2021,13.1,11.8,14.6,% age-adjusted prevalence,Adults aged 18+,BRFSS age-adjusted prevalence,AST02,CDC Chronic Disease Indicators,https://data.cdc.gov/d/hksd-2xuw
USA,NH,New Hampshire,New England,43.65595011300047,-71.50036092,asthma,Current asthma among adults,2022,2022,13.5,12.1,15.0,% age-adjusted prevalence,Adults aged 18+,BRFSS age-adjusted prevalence,AST02,CDC Chronic Disease Indicators,https://data.cdc.gov/d/hksd-2xuw
USA,NH,New Hampshire,New England,43.65595011300047,-71.50036092,asthma,Current asthma among adults,2023,2023,12.4,11.1,14.0,% age-adjusted prevalence,Adults aged 18+,BRFSS age-adjusted prevalence,AST02,CDC Chronic Disease Indicators,https://data.cdc.gov/d/hksd-2xuw
USA,NH,New Hampshire,New England,43.65595011300047,-71.50036092,copd,COPD among adults,2019,2019,5.4,4.7,6.2,% age-adjusted prevalence,Adults aged 18+,BRFSS age-adjusted prevalence,COPD01,CDC Chronic Disease Indicators,https://data.cdc.gov/d/hksd-2xuw
USA,NH,New Hampshire,New England,43.65595011300047,-71.50036092,copd,COPD among adults,2020,2020,5.7,5.0,6.5,% age-adjusted prevalence,Adults aged 18+,BRFSS age-adjusted prevalence,COPD01,CDC Chronic Disease Indicators,https://data.cdc.gov/d/hksd-2xuw
USA,NH,New Hampshire,New England,43.65595011300047,-71.50036092,copd,COPD among adults,2021,2021,6.3,5.5,7.2,% age-adjusted prevalence,Adults aged 18+,BRFSS age-adjusted prevalence,COPD01,CDC Chronic Disease Indicators,https://data.cdc.gov/d/hksd-2xuw
USA,NH,New Hampshire,New England,43.65595011300047,-71.50036092,copd,COPD among adults,2022,2022,5.6,4.9,6.4,% age-adjusted prevalence,Adults aged 18+,BRFSS age-adjusted prevalence,COPD01,CDC Chronic Disease Indicators,https://data.cdc.gov/d/hksd-2xuw
USA,NH,New Hampshire,New England,43.65595011300047,-71.50036092,copd,COPD among adults,2023,2023,6.4,5.5,7.5,% age-adjusted prevalence,Adults aged 18+,BRFSS age-adjusted prevalence,COPD01,CDC Chronic Disease Indicators,https://data.cdc.gov/d/hksd-2xuw
USA,NH,New Hampshire,New England,43.65595011300047,-71.50036092,depression,Depression among adults,2019,2019,21.1,19.4,22.8,% age-adjusted prevalence,Adults aged 18+,BRFSS age-adjusted prevalence,MEN02,CDC Chronic Disease Indicators,https://data.cdc.gov/d/hksd-2xuw
USA,NH,New Hampshire,New England,43.65595011300047,-71.50036092,depression,Depression among adults,2020,2020,22.5,20.9,24.2,% age-adjusted prevalence,Adults aged 18+,BRFSS age-adjusted prevalence,MEN02,CDC Chronic Disease Indicators,https://data.cdc.gov/d/hksd-2xuw
USA,NH,New Hampshire,New England,43.65595011300047,-71.50036092,depression,Depression among adults,2021,2021,25.0,23.3,26.9,% age-adjusted prevalence,Adults aged 18+,BRFSS age-adjusted prevalence,MEN02,CDC Chronic Disease Indicators,https://data.cdc.gov/d/hksd-2xuw
USA,NH,New Hampshire,New England,43.65595011300047,-71.50036092,depression,Depression among adults,2022,2022,26.8,25.0,28.8,% age-adjusted prevalence,Adults aged 18+,BRFSS age-adjusted prevalence,MEN02,CDC Chronic Disease Indicators,https://data.cdc.gov/d/hksd-2xuw
USA,NH,New Hampshire,New England,43.65595011300047,-71.50036092,depression,Depression among adults,2023,2023,23.5,21.6,25.4,% age-adjusted prevalence,Adults aged 18+,BRFSS age-adjusted prevalence,MEN02,CDC Chronic Disease Indicators,https://data.cdc.gov/d/hksd-2xuw
USA,NH,New Hampshire,New England,43.65595011300047,-71.50036092,diabetes,Diabetes among adults,2019,2019,8.1,7.2,9.1,% age-adjusted prevalence,Adults aged 18+,BRFSS age-adjusted prevalence,DIA01,CDC Chronic Disease Indicators,https://data.cdc.gov/d/hksd-2xuw
USA,NH,New Hampshire,New England,43.65595011300047,-71.50036092,diabetes,Diabetes among adults,2020,2020,7.5,6.8,8.3,% age-adjusted prevalence,Adults aged 18+,BRFSS age-adjusted prevalence,DIA01,CDC Chronic Disease Indicators,https://data.cdc.gov/d/hksd-2xuw
USA,NH,New Hampshire,New England,43.65595011300047,-71.50036092,diabetes,Diabetes among adults,2021,2021,7.3,6.5,8.2,% age-adjusted prevalence,Adults aged 18+,BRFSS age-adjusted prevalence,DIA01,CDC Chronic Disease Indicators,https://data.cdc.gov/d/hksd-2xuw
USA,NH,New Hampshire,New England,43.65595011300047,-71.50036092,diabetes,Diabetes among adults,2022,2022,8.2,7.4,9.1,% age-adjusted prevalence,Adults aged 18+,BRFSS age-adjusted prevalence,DIA01,CDC Chronic Disease Indicators,https://data.cdc.gov/d/hksd-2xuw
USA,NH,New Hampshire,New England,43.65595011300047,-71.50036092,diabetes,Diabetes among adults,2023,2023,7.9,7.1,8.8,% age-adjusted prevalence,Adults aged 18+,BRFSS age-adjusted prevalence,DIA01,CDC Chronic Disease Indicators,https://data.cdc.gov/d/hksd-2xuw
USA,NH,New Hampshire,New England,43.65595011300047,-71.50036092,hypertension,High blood pressure among adults,2019,2019,28.1,26.5,29.7,% age-adjusted prevalence,Adults aged 18+,BRFSS age-adjusted prevalence,CVD01,CDC Chronic Disease Indicators,https://data.cdc.gov/d/hksd-2xuw
USA,NH,New Hampshire,New England,43.65595011300047,-71.50036092,hypertension,High blood pressure among adults,2021,2021,26.5,25.1,27.9,% age-adjusted prevalence,Adults aged 18+,BRFSS age-adjusted prevalence,CVD01,CDC Chronic Disease Indicators,https://data.cdc.gov/d/hksd-2xuw
USA,NH,New Hampshire,New England,43.65595011300047,-71.50036092,hypertension,High blood pressure among adults,2023,2023,28.4,26.8,29.9,% age-adjusted prevalence,Adults aged 18+,BRFSS age-adjusted prevalence,CVD01,CDC Chronic Disease Indicators,https://data.cdc.gov/d/hksd-2xuw
USA,NH,New Hampshire,New England,43.65595011300047,-71.50036092,obesity,Obesity among adults,2019,2019,32.1,30.1,34.2,% age-adjusted prevalence,Adults aged 18+,BRFSS age-adjusted prevalence,NPW14,CDC Chronic Disease Indicators,https://data.cdc.gov/d/hksd-2xuw
USA,NH,New Hampshire,New England,43.65595011300047,-71.50036092,obesity,Obesity among adults,2020,2020,30.5,28.6,32.4,% age-adjusted prevalence,Adults aged 18+,BRFSS age-adjusted prevalence,NPW14,CDC Chronic Disease Indicators,https://data.cdc.gov/d/hksd-2xuw
USA,NH,New Hampshire,New England,43.65595011300047,-71.50036092,obesity,Obesity among adults,2021,2021,31.2,29.3,33.1,% age-adjusted prevalence,Adults aged 18+,BRFSS age-adjusted prevalence,NPW14,CDC Chronic Disease Indicators,https://data.cdc.gov/d/hksd-2xuw
USA,NH,New Hampshire,New England,43.65595011300047,-71.50036092,obesity,Obesity among adults,2022,2022,30.0,28.1,32.0,% age-adjusted prevalence,Adults aged 18+,BRFSS age-adjusted prevalence,NPW14,CDC Chronic Disease Indicators,https://data.cdc.gov/d/hksd-2xuw
USA,NH,New Hampshire,New England,43.65595011300047,-71.50036092,obesity,Obesity among adults,2023,2023,32.9,30.9,35.0,% age-adjusted prevalence,Adults aged 18+,BRFSS age-adjusted prevalence,NPW14,CDC Chronic Disease Indicators,https://data.cdc.gov/d/hksd-2xuw
USA,NJ,New Jersey,Mideast,40.13057004800049,-74.27369129,asthma,Current asthma among adults,2020,2020,9.4,8.7,10.2,% age-adjusted prevalence,Adults aged 18+,BRFSS age-adjusted prevalence,AST02,CDC Chronic Disease Indicators,https://data.cdc.gov/d/hksd-2xuw
USA,NJ,New Jersey,Mideast,40.13057004800049,-74.27369129,asthma,Current asthma among adults,2021,2021,10.0,9.0,11.0,% age-adjusted prevalence,Adults aged 18+,BRFSS age-adjusted prevalence,AST02,CDC Chronic Disease Indicators,https://data.cdc.gov/d/hksd-2xuw
USA,NJ,New Jersey,Mideast,40.13057004800049,-74.27369129,asthma,Current asthma among adults,2022,2022,8.8,8.0,9.7,% age-adjusted prevalence,Adults aged 18+,BRFSS age-adjusted prevalence,AST02,CDC Chronic Disease Indicators,https://data.cdc.gov/d/hksd-2xuw
USA,NJ,New Jersey,Mideast,40.13057004800049,-74.27369129,asthma,Current asthma among adults,2023,2023,8.5,7.7,9.4,% age-adjusted prevalence,Adults aged 18+,BRFSS age-adjusted prevalence,AST02,CDC Chronic Disease Indicators,https://data.cdc.gov/d/hksd-2xuw
USA,NJ,New Jersey,Mideast,40.13057004800049,-74.27369129,copd,COPD among adults,2020,2020,4.4,3.9,4.9,% age-adjusted prevalence,Adults aged 18+,BRFSS age-adjusted prevalence,COPD01,CDC Chronic Disease Indicators,https://data.cdc.gov/d/hksd-2xuw
USA,NJ,New Jersey,Mideast,40.13057004800049,-74.27369129,copd,COPD among adults,2021,2021,4.8,4.3,5.4,% age-adjusted prevalence,Adults aged 18+,BRFSS age-adjusted prevalence,COPD01,CDC Chronic Disease Indicators,https://data.cdc.gov/d/hksd-2xuw
USA,NJ,New Jersey,Mideast,40.13057004800049,-74.27369129,copd,COPD among adults,2022,2022,4.9,4.2,5.7,% age-adjusted prevalence,Adults aged 18+,BRFSS age-adjusted prevalence,COPD01,CDC Chronic Disease Indicators,https://data.cdc.gov/d/hksd-2xuw
USA,NJ,New Jersey,Mideast,40.13057004800049,-74.27369129,copd,COPD among adults,2023,2023,3.9,3.4,4.4,% age-adjusted prevalence,Adults aged 18+,BRFSS age-adjusted prevalence,COPD01,CDC Chronic Disease Indicators,https://data.cdc.gov/d/hksd-2xuw
USA,NJ,New Jersey,Mideast,40.13057004800049,-74.27369129,depression,Depression among adults,2020,2020,15.6,14.7,16.5,% age-adjusted prevalence,Adults aged 18+,BRFSS age-adjusted prevalence,MEN02,CDC Chronic Disease Indicators,https://data.cdc.gov/d/hksd-2xuw
USA,NJ,New Jersey,Mideast,40.13057004800049,-74.27369129,depression,Depression among adults,2021,2021,17.9,16.7,19.2,% age-adjusted prevalence,Adults aged 18+,BRFSS age-adjusted prevalence,MEN02,CDC Chronic Disease Indicators,https://data.cdc.gov/d/hksd-2xuw
USA,NJ,New Jersey,Mideast,40.13057004800049,-74.27369129,depression,Depression among adults,2022,2022,14.8,13.8,16.0,% age-adjusted prevalence,Adults aged 18+,BRFSS age-adjusted prevalence,MEN02,CDC Chronic Disease Indicators,https://data.cdc.gov/d/hksd-2xuw
USA,NJ,New Jersey,Mideast,40.13057004800049,-74.27369129,depression,Depression among adults,2023,2023,14.2,13.2,15.4,% age-adjusted prevalence,Adults aged 18+,BRFSS age-adjusted prevalence,MEN02,CDC Chronic Disease Indicators,https://data.cdc.gov/d/hksd-2xuw
USA,NJ,New Jersey,Mideast,40.13057004800049,-74.27369129,diabetes,Diabetes among adults,2020,2020,8.7,8.0,9.3,% age-adjusted prevalence,Adults aged 18+,BRFSS age-adjusted prevalence,DIA01,CDC Chronic Disease Indicators,https://data.cdc.gov/d/hksd-2xuw
USA,NJ,New Jersey,Mideast,40.13057004800049,-74.27369129,diabetes,Diabetes among adults,2021,2021,8.8,8.1,9.6,% age-adjusted prevalence,Adults aged 18+,BRFSS age-adjusted prevalence,DIA01,CDC Chronic Disease Indicators,https://data.cdc.gov/d/hksd-2xuw
USA,NJ,New Jersey,Mideast,40.13057004800049,-74.27369129,diabetes,Diabetes among adults,2022,2022,9.5,8.6,10.5,% age-adjusted prevalence,Adults aged 18+,BRFSS age-adjusted prevalence,DIA01,CDC Chronic Disease Indicators,https://data.cdc.gov/d/hksd-2xuw
USA,NJ,New Jersey,Mideast,40.13057004800049,-74.27369129,diabetes,Diabetes among adults,2023,2023,9.1,8.4,9.9,% age-adjusted prevalence,Adults aged 18+,BRFSS age-adjusted prevalence,DIA01,CDC Chronic Disease Indicators,https://data.cdc.gov/d/hksd-2xuw
USA,NJ,New Jersey,Mideast,40.13057004800049,-74.27369129,hypertension,High blood pressure among adults,2021,2021,27.6,26.5,28.8,% age-adjusted prevalence,Adults aged 18+,BRFSS age-adjusted prevalence,CVD01,CDC Chronic Disease Indicators,https://data.cdc.gov/d/hksd-2xuw
USA,NJ,New Jersey,Mideast,40.13057004800049,-74.27369129,hypertension,High blood pressure among adults,2023,2023,30.2,28.9,31.5,% age-adjusted prevalence,Adults aged 18+,BRFSS age-adjusted prevalence,CVD01,CDC Chronic Disease Indicators,https://data.cdc.gov/d/hksd-2xuw
USA,NJ,New Jersey,Mideast,40.13057004800049,-74.27369129,obesity,Obesity among adults,2020,2020,27.7,26.4,28.9,% age-adjusted prevalence,Adults aged 18+,BRFSS age-adjusted prevalence,NPW14,CDC Chronic Disease Indicators,https://data.cdc.gov/d/hksd-2xuw
USA,NJ,New Jersey,Mideast,40.13057004800049,-74.27369129,obesity,Obesity among adults,2021,2021,28.3,26.9,29.8,% age-adjusted prevalence,Adults aged 18+,BRFSS age-adjusted prevalence,NPW14,CDC Chronic Disease Indicators,https://data.cdc.gov/d/hksd-2xuw
USA,NJ,New Jersey,Mideast,40.13057004800049,-74.27369129,obesity,Obesity among adults,2022,2022,29.0,27.4,30.5,% age-adjusted prevalence,Adults aged 18+,BRFSS age-adjusted prevalence,NPW14,CDC Chronic Disease Indicators,https://data.cdc.gov/d/hksd-2xuw
USA,NJ,New Jersey,Mideast,40.13057004800049,-74.27369129,obesity,Obesity among adults,2023,2023,28.7,27.2,30.2,% age-adjusted prevalence,Adults aged 18+,BRFSS age-adjusted prevalence,NPW14,CDC Chronic Disease Indicators,https://data.cdc.gov/d/hksd-2xuw
USA,NM,New Mexico,Southwest,34.52088095200048,-106.240581,asthma,Current asthma among adults,2019,2019,9.2,8.2,10.3,% age-adjusted prevalence,Adults aged 18+,BRFSS age-adjusted prevalence,AST02,CDC Chronic Disease Indicators,https://data.cdc.gov/d/hksd-2xuw
USA,NM,New Mexico,Southwest,34.52088095200048,-106.240581,asthma,Current asthma among adults,2020,2020,10.5,9.4,11.8,% age-adjusted prevalence,Adults aged 18+,BRFSS age-adjusted prevalence,AST02,CDC Chronic Disease Indicators,https://data.cdc.gov/d/hksd-2xuw
USA,NM,New Mexico,Southwest,34.52088095200048,-106.240581,asthma,Current asthma among adults,2021,2021,11.1,10.1,12.3,% age-adjusted prevalence,Adults aged 18+,BRFSS age-adjusted prevalence,AST02,CDC Chronic Disease Indicators,https://data.cdc.gov/d/hksd-2xuw
USA,NM,New Mexico,Southwest,34.52088095200048,-106.240581,asthma,Current asthma among adults,2022,2022,10.5,9.3,11.8,% age-adjusted prevalence,Adults aged 18+,BRFSS age-adjusted prevalence,AST02,CDC Chronic Disease Indicators,https://data.cdc.gov/d/hksd-2xuw
USA,NM,New Mexico,Southwest,34.52088095200048,-106.240581,asthma,Current asthma among adults,2023,2023,10.0,8.3,12.1,% age-adjusted prevalence,Adults aged 18+,BRFSS age-adjusted prevalence,AST02,CDC Chronic Disease Indicators,https://data.cdc.gov/d/hksd-2xuw
USA,NM,New Mexico,Southwest,34.52088095200048,-106.240581,copd,COPD among adults,2019,2019,5.0,4.3,5.7,% age-adjusted prevalence,Adults aged 18+,BRFSS age-adjusted prevalence,COPD01,CDC Chronic Disease Indicators,https://data.cdc.gov/d/hksd-2xuw
USA,NM,New Mexico,Southwest,34.52088095200048,-106.240581,copd,COPD among adults,2020,2020,4.3,3.7,4.9,% age-adjusted prevalence,Adults aged 18+,BRFSS age-adjusted prevalence,COPD01,CDC Chronic Disease Indicators,https://data.cdc.gov/d/hksd-2xuw
USA,NM,New Mexico,Southwest,34.52088095200048,-106.240581,copd,COPD among adults,2021,2021,4.8,4.2,5.4,% age-adjusted prevalence,Adults aged 18+,BRFSS age-adjusted prevalence,COPD01,CDC Chronic Disease Indicators,https://data.cdc.gov/d/hksd-2xuw
USA,NM,New Mexico,Southwest,34.52088095200048,-106.240581,copd,COPD among adults,2022,2022,4.8,4.1,5.6,% age-adjusted prevalence,Adults aged 18+,BRFSS age-adjusted prevalence,COPD01,CDC Chronic Disease Indicators,https://data.cdc.gov/d/hksd-2xuw
USA,NM,New Mexico,Southwest,34.52088095200048,-106.240581,copd,COPD among adults,2023,2023,4.2,3.5,5.1,% age-adjusted prevalence,Adults aged 18+,BRFSS age-adjusted prevalence,COPD01,CDC Chronic Disease Indicators,https://data.cdc.gov/d/hksd-2xuw
USA,NM,New Mexico,Southwest,34.52088095200048,-106.240581,depression,Depression among adults,2019,2019,17.4,16.0,18.8,% age-adjusted prevalence,Adults aged 18+,BRFSS age-adjusted prevalence,MEN02,CDC Chronic Disease Indicators,https://data.cdc.gov/d/hksd-2xuw
USA,NM,New Mexico,Southwest,34.52088095200048,-106.240581,depression,Depression among adults,2020,2020,17.8,16.3,19.4,% age-adjusted prevalence,Adults aged 18+,BRFSS age-adjusted prevalence,MEN02,CDC Chronic Disease Indicators,https://data.cdc.gov/d/hksd-2xuw
USA,NM,New Mexico,Southwest,34.52088095200048,-106.240581,depression,Depression among adults,2021,2021,20.2,18.8,21.7,% age-adjusted prevalence,Adults aged 18+,BRFSS age-adjusted prevalence,MEN02,CDC Chronic Disease Indicators,https://data.cdc.gov/d/hksd-2xuw
USA,NM,New Mexico,Southwest,34.52088095200048,-106.240581,depression,Depression among adults,2022,2022,21.3,19.5,23.3,% age-adjusted prevalence,Adults aged 18+,BRFSS age-adjusted prevalence,MEN02,CDC Chronic Disease Indicators,https://data.cdc.gov/d/hksd-2xuw
USA,NM,New Mexico,Southwest,34.52088095200048,-106.240581,depression,Depression among adults,2023,2023,23.9,21.5,26.5,% age-adjusted prevalence,Adults aged 18+,BRFSS age-adjusted prevalence,MEN02,CDC Chronic Disease Indicators,https://data.cdc.gov/d/hksd-2xuw
USA,NM,New Mexico,Southwest,34.52088095200048,-106.240581,diabetes,Diabetes among adults,2019,2019,11.1,10.1,12.2,% age-adjusted prevalence,Adults aged 18+,BRFSS age-adjusted prevalence,DIA01,CDC Chronic Disease Indicators,https://data.cdc.gov/d/hksd-2xuw
USA,NM,New Mexico,Southwest,34.52088095200048,-106.240581,diabetes,Diabetes among adults,2020,2020,11.2,10.1,12.4,% age-adjusted prevalence,Adults aged 18+,BRFSS age-adjusted prevalence,DIA01,CDC Chronic Disease Indicators,https://data.cdc.gov/d/hksd-2xuw
USA,NM,New Mexico,Southwest,34.52088095200048,-106.240581,diabetes,Diabetes among adults,2021,2021,12.0,11.0,13.1,% age-adjusted prevalence,Adults aged 18+,BRFSS age-adjusted prevalence,DIA01,CDC Chronic Disease Indicators,https://data.cdc.gov/d/hksd-2xuw
USA,NM,New Mexico,Southwest,34.52088095200048,-106.240581,diabetes,Diabetes among adults,2022,2022,11.2,10.0,12.4,% age-adjusted prevalence,Adults aged 18+,BRFSS age-adjusted prevalence,DIA01,CDC Chronic Disease Indicators,https://data.cdc.gov/d/hksd-2xuw
USA,NM,New Mexico,Southwest,34.52088095200048,-106.240581,diabetes,Diabetes among adults,2023,2023,10.8,9.3,12.6,% age-adjusted prevalence,Adults aged 18+,BRFSS age-adjusted prevalence,DIA01,CDC Chronic Disease Indicators,https://data.cdc.gov/d/hksd-2xuw
USA,NM,New Mexico,Southwest,34.52088095200048,-106.240581,hypertension,High blood pressure among adults,2019,2019,28.9,27.4,30.4,% age-adjusted prevalence,Adults aged 18+,BRFSS age-adjusted prevalence,CVD01,CDC Chronic Disease Indicators,https://data.cdc.gov/d/hksd-2xuw
USA,NM,New Mexico,Southwest,34.52088095200048,-106.240581,hypertension,High blood pressure among adults,2021,2021,30.2,28.8,31.6,% age-adjusted prevalence,Adults aged 18+,BRFSS age-adjusted prevalence,CVD01,CDC Chronic Disease Indicators,https://data.cdc.gov/d/hksd-2xuw
USA,NM,New Mexico,Southwest,34.52088095200048,-106.240581,hypertension,High blood pressure among adults,2023,2023,31.1,28.8,33.4,% age-adjusted prevalence,Adults aged 18+,BRFSS age-adjusted prevalence,CVD01,CDC Chronic Disease Indicators,https://data.cdc.gov/d/hksd-2xuw
USA,NM,New Mexico,Southwest,34.52088095200048,-106.240581,obesity,Obesity among adults,2019,2019,32.2,30.4,34.1,% age-adjusted prevalence,Adults aged 18+,BRFSS age-adjusted prevalence,NPW14,CDC Chronic Disease Indicators,https://data.cdc.gov/d/hksd-2xuw
USA,NM,New Mexico,Southwest,34.52088095200048,-106.240581,obesity,Obesity among adults,2020,2020,31.7,29.8,33.7,% age-adjusted prevalence,Adults aged 18+,BRFSS age-adjusted prevalence,NPW14,CDC Chronic Disease Indicators,https://data.cdc.gov/d/hksd-2xuw
USA,NM,New Mexico,Southwest,34.52088095200048,-106.240581,obesity,Obesity among adults,2021,2021,35.4,33.7,37.2,% age-adjusted prevalence,Adults aged 18+,BRFSS age-adjusted prevalence,NPW14,CDC Chronic Disease Indicators,https://data.cdc.gov/d/hksd-2xuw
USA,NM,New Mexico,Southwest,34.52088095200048,-106.240581,obesity,Obesity among adults,2022,2022,33.4,31.4,35.5,% age-adjusted prevalence,Adults aged 18+,BRFSS age-adjusted prevalence,NPW14,CDC Chronic Disease Indicators,https://data.cdc.gov/d/hksd-2xuw
USA,NM,New Mexico,Southwest,34.52088095200048,-106.240581,obesity,Obesity among adults,2023,2023,36.6,33.8,39.5,% age-adjusted prevalence,Adults aged 18+,BRFSS age-adjusted prevalence,NPW14,CDC Chronic Disease Indicators,https://data.cdc.gov/d/hksd-2xuw
USA,NV,Nevada,Far West,39.493240390000494,-117.0718406,asthma,Current asthma among adults,2019,2019,9.9,8.5,11.5,% age-adjusted prevalence,Adults aged 18+,BRFSS age-adjusted prevalence,AST02,CDC Chronic Disease Indicators,https://data.cdc.gov/d/hksd-2xuw
USA,NV,Nevada,Far West,39.493240390000494,-117.0718406,asthma,Current asthma among adults,2020,2020,9.6,8.2,11.2,% age-adjusted prevalence,Adults aged 18+,BRFSS age-adjusted prevalence,AST02,CDC Chronic Disease Indicators,https://data.cdc.gov/d/hksd-2xuw
USA,NV,Nevada,Far West,39.493240390000494,-117.0718406,asthma,Current asthma among adults,2021,2021,9.8,8.2,11.6,% age-adjusted prevalence,Adults aged 18+,BRFSS age-adjusted prevalence,AST02,CDC Chronic Disease Indicators,https://data.cdc.gov/d/hksd-2xuw
USA,NV,Nevada,Far West,39.493240390000494,-117.0718406,asthma,Current asthma among adults,2022,2022,10.0,8.5,11.7,% age-adjusted prevalence,Adults aged 18+,BRFSS age-adjusted prevalence,AST02,CDC Chronic Disease Indicators,https://data.cdc.gov/d/hksd-2xuw
USA,NV,Nevada,Far West,39.493240390000494,-117.0718406,asthma,Current asthma among adults,2023,2023,8.9,7.4,10.7,% age-adjusted prevalence,Adults aged 18+,BRFSS age-adjusted prevalence,AST02,CDC Chronic Disease Indicators,https://data.cdc.gov/d/hksd-2xuw
USA,NV,Nevada,Far West,39.493240390000494,-117.0718406,copd,COPD among adults,2019,2019,7.3,6.2,8.7,% age-adjusted prevalence,Adults aged 18+,BRFSS age-adjusted prevalence,COPD01,CDC Chronic Disease Indicators,https://data.cdc.gov/d/hksd-2xuw
USA,NV,Nevada,Far West,39.493240390000494,-117.0718406,copd,COPD among adults,2020,2020,6.5,5.4,7.8,% age-adjusted prevalence,Adults aged 18+,BRFSS age-adjusted prevalence,COPD01,CDC Chronic Disease Indicators,https://data.cdc.gov/d/hksd-2xuw
USA,NV,Nevada,Far West,39.493240390000494,-117.0718406,copd,COPD among adults,2021,2021,6.1,5.2,7.3,% age-adjusted prevalence,Adults aged 18+,BRFSS age-adjusted prevalence,COPD01,CDC Chronic Disease Indicators,https://data.cdc.gov/d/hksd-2xuw
USA,NV,Nevada,Far West,39.493240390000494,-117.0718406,copd,COPD among adults,2022,2022,6.5,5.5,7.7,% age-adjusted prevalence,Adults aged 18+,BRFSS age-adjusted prevalence,COPD01,CDC Chronic Disease Indicators,https://data.cdc.gov/d/hksd-2xuw
USA,NV,Nevada,Far West,39.493240390000494,-117.0718406,copd,COPD among adults,2023,2023,6.5,5.1,8.1,% age-adjusted prevalence,Adults aged 18+,BRFSS age-adjusted prevalence,COPD01,CDC Chronic Disease Indicators,https://data.cdc.gov/d/hksd-2xuw
USA,NV,Nevada,Far West,39.493240390000494,-117.0718406,depression,Depression among adults,2019,2019,18.1,16.1,20.2,% age-adjusted prevalence,Adults aged 18+,BRFSS age-adjusted prevalence,MEN02,CDC Chronic Disease Indicators,https://data.cdc.gov/d/hksd-2xuw
USA,NV,Nevada,Far West,39.493240390000494,-117.0718406,depression,Depression among adults,2020,2020,17.7,15.7,19.9,% age-adjusted prevalence,Adults aged 18+,BRFSS age-adjusted prevalence,MEN02,CDC Chronic Disease Indicators,https://data.cdc.gov/d/hksd-2xuw
USA,NV,Nevada,Far West,39.493240390000494,-117.0718406,depression,Depression among adults,2021,2021,17.3,15.3,19.6,% age-adjusted prevalence,Adults aged 18+,BRFSS age-adjusted prevalence,MEN02,CDC Chronic Disease Indicators,https://data.cdc.gov/d/hksd-2xuw
USA,NV,Nevada,Far West,39.493240390000494,-117.0718406,depression,Depression among adults,2022,2022,18.3,16.4,20.3,% age-adjusted prevalence,Adults aged 18+,BRFSS age-adjusted prevalence,MEN02,CDC Chronic Disease Indicators,https://data.cdc.gov/d/hksd-2xuw
USA,NV,Nevada,Far West,39.493240390000494,-117.0718406,depression,Depression among adults,2023,2023,21.2,18.5,24.2,% age-adjusted prevalence,Adults aged 18+,BRFSS age-adjusted prevalence,MEN02,CDC Chronic Disease Indicators,https://data.cdc.gov/d/hksd-2xuw
USA,NV,Nevada,Far West,39.493240390000494,-117.0718406,diabetes,Diabetes among adults,2019,2019,10.0,8.6,11.7,% age-adjusted prevalence,Adults aged 18+,BRFSS age-adjusted prevalence,DIA01,CDC Chronic Disease Indicators,https://data.cdc.gov/d/hksd-2xuw
USA,NV,Nevada,Far West,39.493240390000494,-117.0718406,diabetes,Diabetes among adults,2020,2020,10.0,8.6,11.6,% age-adjusted prevalence,Adults aged 18+,BRFSS age-adjusted prevalence,DIA01,CDC Chronic Disease Indicators,https://data.cdc.gov/d/hksd-2xuw
USA,NV,Nevada,Far West,39.493240390000494,-117.0718406,diabetes,Diabetes among adults,2021,2021,10.3,8.9,11.9,% age-adjusted prevalence,Adults aged 18+,BRFSS age-adjusted prevalence,DIA01,CDC Chronic Disease Indicators,https://data.cdc.gov/d/hksd-2xuw
USA,NV,Nevada,Far West,39.493240390000494,-117.0718406,diabetes,Diabetes among adults,2022,2022,8.8,7.7,10.0,% age-adjusted prevalence,Adults aged 18+,BRFSS age-adjusted prevalence,DIA01,CDC Chronic Disease Indicators,https://data.cdc.gov/d/hksd-2xuw
USA,NV,Nevada,Far West,39.493240390000494,-117.0718406,diabetes,Diabetes among adults,2023,2023,10.8,8.9,13.0,% age-adjusted prevalence,Adults aged 18+,BRFSS age-adjusted prevalence,DIA01,CDC Chronic Disease Indicators,https://data.cdc.gov/d/hksd-2xuw
USA,NV,Nevada,Far West,39.493240390000494,-117.0718406,hypertension,High blood pressure among adults,2019,2019,30.5,28.3,32.8,% age-adjusted prevalence,Adults aged 18+,BRFSS age-adjusted prevalence,CVD01,CDC Chronic Disease Indicators,https://data.cdc.gov/d/hksd-2xuw
USA,NV,Nevada,Far West,39.493240390000494,-117.0718406,hypertension,High blood pressure among adults,2021,2021,29.9,27.7,32.3,% age-adjusted prevalence,Adults aged 18+,BRFSS age-adjusted prevalence,CVD01,CDC Chronic Disease Indicators,https://data.cdc.gov/d/hksd-2xuw
USA,NV,Nevada,Far West,39.493240390000494,-117.0718406,hypertension,High blood pressure among adults,2023,2023,31.4,28.4,34.4,% age-adjusted prevalence,Adults aged 18+,BRFSS age-adjusted prevalence,CVD01,CDC Chronic Disease Indicators,https://data.cdc.gov/d/hksd-2xuw
USA,NV,Nevada,Far West,39.493240390000494,-117.0718406,obesity,Obesity among adults,2019,2019,30.5,28.1,33.1,% age-adjusted prevalence,Adults aged 18+,BRFSS age-adjusted prevalence,NPW14,CDC Chronic Disease Indicators,https://data.cdc.gov/d/hksd-2xuw
USA,NV,Nevada,Far West,39.493240390000494,-117.0718406,obesity,Obesity among adults,2020,2020,28.1,25.6,30.8,% age-adjusted prevalence,Adults aged 18+,BRFSS age-adjusted prevalence,NPW14,CDC Chronic Disease Indicators,https://data.cdc.gov/d/hksd-2xuw
USA,NV,Nevada,Far West,39.493240390000494,-117.0718406,obesity,Obesity among adults,2021,2021,31.5,28.8,34.4,% age-adjusted prevalence,Adults aged 18+,BRFSS age-adjusted prevalence,NPW14,CDC Chronic Disease Indicators,https://data.cdc.gov/d/hksd-2xuw
USA,NV,Nevada,Far West,39.493240390000494,-117.0718406,obesity,Obesity among adults,2022,2022,33.9,31.3,36.7,% age-adjusted prevalence,Adults aged 18+,BRFSS age-adjusted prevalence,NPW14,CDC Chronic Disease Indicators,https://data.cdc.gov/d/hksd-2xuw
USA,NV,Nevada,Far West,39.493240390000494,-117.0718406,obesity,Obesity among adults,2023,2023,31.0,28.0,34.1,% age-adjusted prevalence,Adults aged 18+,BRFSS age-adjusted prevalence,NPW14,CDC Chronic Disease Indicators,https://data.cdc.gov/d/hksd-2xuw
USA,NY,New York,Mideast,42.82700103200045,-75.54397043,asthma,Current asthma among adults,2019,2019,10.1,9.4,10.9,% age-adjusted prevalence,Adults aged 18+,BRFSS age-adjusted prevalence,AST02,CDC Chronic Disease Indicators,https://data.cdc.gov/d/hksd-2xuw
USA,NY,New York,Mideast,42.82700103200045,-75.54397043,asthma,Current asthma among adults,2020,2020,10.2,9.5,10.9,% age-adjusted prevalence,Adults aged 18+,BRFSS age-adjusted prevalence,AST02,CDC Chronic Disease Indicators,https://data.cdc.gov/d/hksd-2xuw
USA,NY,New York,Mideast,42.82700103200045,-75.54397043,asthma,Current asthma among adults,2021,2021,10.8,10.2,11.3,% age-adjusted prevalence,Adults aged 18+,BRFSS age-adjusted prevalence,AST02,CDC Chronic Disease Indicators,https://data.cdc.gov/d/hksd-2xuw
USA,NY,New York,Mideast,42.82700103200045,-75.54397043,asthma,Current asthma among adults,2022,2022,10.3,9.7,11.0,% age-adjusted prevalence,Adults aged 18+,BRFSS age-adjusted prevalence,AST02,CDC Chronic Disease Indicators,https://data.cdc.gov/d/hksd-2xuw
USA,NY,New York,Mideast,42.82700103200045,-75.54397043,asthma,Current asthma among adults,2023,2023,9.9,9.3,10.6,% age-adjusted prevalence,Adults aged 18+,BRFSS age-adjusted prevalence,AST02,CDC Chronic Disease Indicators,https://data.cdc.gov/d/hksd-2xuw
USA,NY,New York,Mideast,42.82700103200045,-75.54397043,copd,COPD among adults,2019,2019,5.2,4.8,5.7,% age-adjusted prevalence,Adults aged 18+,BRFSS age-adjusted prevalence,COPD01,CDC Chronic Disease Indicators,https://data.cdc.gov/d/hksd-2xuw
USA,NY,New York,Mideast,42.82700103200045,-75.54397043,copd,COPD among adults,2020,2020,4.4,4.0,4.8,% age-adjusted prevalence,Adults aged 18+,BRFSS age-adjusted prevalence,COPD01,CDC Chronic Disease Indicators,https://data.cdc.gov/d/hksd-2xuw
USA,NY,New York,Mideast,42.82700103200045,-75.54397043,copd,COPD among adults,2021,2021,4.9,4.5,5.3,% age-adjusted prevalence,Adults aged 18+,BRFSS age-adjusted prevalence,COPD01,CDC Chronic Disease Indicators,https://data.cdc.gov/d/hksd-2xuw
USA,NY,New York,Mideast,42.82700103200045,-75.54397043,copd,COPD among adults,2022,2022,4.6,4.2,5.1,% age-adjusted prevalence,Adults aged 18+,BRFSS age-adjusted prevalence,COPD01,CDC Chronic Disease Indicators,https://data.cdc.gov/d/hksd-2xuw
USA,NY,New York,Mideast,42.82700103200045,-75.54397043,copd,COPD among adults,2023,2023,4.6,4.2,5.0,% age-adjusted prevalence,Adults aged 18+,BRFSS age-adjusted prevalence,COPD01,CDC Chronic Disease Indicators,https://data.cdc.gov/d/hksd-2xuw
USA,NY,New York,Mideast,42.82700103200045,-75.54397043,depression,Depression among adults,2019,2019,15.4,14.5,16.3,% age-adjusted prevalence,Adults aged 18+,BRFSS age-adjusted prevalence,MEN02,CDC Chronic Disease Indicators,https://data.cdc.gov/d/hksd-2xuw
USA,NY,New York,Mideast,42.82700103200045,-75.54397043,depression,Depression among adults,2020,2020,16.9,16.1,17.9,% age-adjusted prevalence,Adults aged 18+,BRFSS age-adjusted prevalence,MEN02,CDC Chronic Disease Indicators,https://data.cdc.gov/d/hksd-2xuw
USA,NY,New York,Mideast,42.82700103200045,-75.54397043,depression,Depression among adults,2021,2021,17.2,16.5,17.8,% age-adjusted prevalence,Adults aged 18+,BRFSS age-adjusted prevalence,MEN02,CDC Chronic Disease Indicators,https://data.cdc.gov/d/hksd-2xuw
USA,NY,New York,Mideast,42.82700103200045,-75.54397043,depression,Depression among adults,2022,2022,18.1,17.3,18.9,% age-adjusted prevalence,Adults aged 18+,BRFSS age-adjusted prevalence,MEN02,CDC Chronic Disease Indicators,https://data.cdc.gov/d/hksd-2xuw
USA,NY,New York,Mideast,42.82700103200045,-75.54397043,depression,Depression among adults,2023,2023,16.9,16.0,17.8,% age-adjusted prevalence,Adults aged 18+,BRFSS age-adjusted prevalence,MEN02,CDC Chronic Disease Indicators,https://data.cdc.gov/d/hksd-2xuw
USA,NY,New York,Mideast,42.82700103200045,-75.54397043,diabetes,Diabetes among adults,2019,2019,9.5,8.8,10.2,% age-adjusted prevalence,Adults aged 18+,BRFSS age-adjusted prevalence,DIA01,CDC Chronic Disease Indicators,https://data.cdc.gov/d/hksd-2xuw
USA,NY,New York,Mideast,42.82700103200045,-75.54397043,diabetes,Diabetes among adults,2020,2020,9.2,8.6,9.9,% age-adjusted prevalence,Adults aged 18+,BRFSS age-adjusted prevalence,DIA01,CDC Chronic Disease Indicators,https://data.cdc.gov/d/hksd-2xuw
USA,NY,New York,Mideast,42.82700103200045,-75.54397043,diabetes,Diabetes among adults,2021,2021,10.2,9.7,10.7,% age-adjusted prevalence,Adults aged 18+,BRFSS age-adjusted prevalence,DIA01,CDC Chronic Disease Indicators,https://data.cdc.gov/d/hksd-2xuw
USA,NY,New York,Mideast,42.82700103200045,-75.54397043,diabetes,Diabetes among adults,2022,2022,10.0,9.4,10.7,% age-adjusted prevalence,Adults aged 18+,BRFSS age-adjusted prevalence,DIA01,CDC Chronic Disease Indicators,https://data.cdc.gov/d/hksd-2xuw
USA,NY,New York,Mideast,42.82700103200045,-75.54397043,diabetes,Diabetes among adults,2023,2023,9.5,8.9,10.1,% age-adjusted prevalence,Adults aged 18+,BRFSS age-adjusted prevalence,DIA01,CDC Chronic Disease Indicators,https://data.cdc.gov/d/hksd-2xuw
USA,NY,New York,Mideast,42.82700103200045,-75.54397043,hypertension,High blood pressure among adults,2019,2019,27.1,26.1,28.1,% age-adjusted prevalence,Adults aged 18+,BRFSS age-adjusted prevalence,CVD01,CDC Chronic Disease Indicators,https://data.cdc.gov/d/hksd-2xuw
USA,NY,New York,Mideast,42.82700103200045,-75.54397043,hypertension,High blood pressure among adults,2021,2021,27.4,26.8,28.1,% age-adjusted prevalence,Adults aged 18+,BRFSS age-adjusted prevalence,CVD01,CDC Chronic Disease Indicators,https://data.cdc.gov/d/hksd-2xuw
USA,NY,New York,Mideast,42.82700103200045,-75.54397043,hypertension,High blood pressure among adults,2023,2023,29.2,28.2,30.1,% age-adjusted prevalence,Adults aged 18+,BRFSS age-adjusted prevalence,CVD01,CDC Chronic Disease Indicators,https://data.cdc.gov/d/hksd-2xuw
USA,NY,New York,Mideast,42.82700103200045,-75.54397043,obesity,Obesity among adults,2019,2019,27.2,26.0,28.4,% age-adjusted prevalence,Adults aged 18+,BRFSS age-adjusted prevalence,NPW14,CDC Chronic Disease Indicators,https://data.cdc.gov/d/hksd-2xuw
USA,NY,New York,Mideast,42.82700103200045,-75.54397043,obesity,Obesity among adults,2020,2020,26.5,25.3,27.6,% age-adjusted prevalence,Adults aged 18+,BRFSS age-adjusted prevalence,NPW14,CDC Chronic Disease Indicators,https://data.cdc.gov/d/hksd-2xuw
USA,NY,New York,Mideast,42.82700103200045,-75.54397043,obesity,Obesity among adults,2021,2021,29.0,28.1,29.9,% age-adjusted prevalence,Adults aged 18+,BRFSS age-adjusted prevalence,NPW14,CDC Chronic Disease Indicators,https://data.cdc.gov/d/hksd-2xuw
USA,NY,New York,Mideast,42.82700103200045,-75.54397043,obesity,Obesity among adults,2022,2022,30.3,29.2,31.4,% age-adjusted prevalence,Adults aged 18+,BRFSS age-adjusted prevalence,NPW14,CDC Chronic Disease Indicators,https://data.cdc.gov/d/hksd-2xuw
USA,NY,New York,Mideast,42.82700103200045,-75.54397043,obesity,Obesity among adults,2023,2023,28.1,27.0,29.2,% age-adjusted prevalence,Adults aged 18+,BRFSS age-adjusted prevalence,NPW14,CDC Chronic Disease Indicators,https://data.cdc.gov/d/hksd-2xuw
USA,OH,Ohio,Great Lakes,40.06021014100048,-82.40426006,asthma,Current asthma among adults,2019,2019,12.0,11.1,13.1,% age-adjusted prevalence,Adults aged 18+,BRFSS age-adjusted prevalence,AST02,CDC Chronic Disease Indicators,https://data.cdc.gov/d/hksd-2xuw
USA,OH,Ohio,Great Lakes,40.06021014100048,-82.40426006,asthma,Current asthma among adults,2020,2020,10.9,10.1,11.7,% age-adjusted prevalence,Adults aged 18+,BRFSS age-adjusted prevalence,AST02,CDC Chronic Disease Indicators,https://data.cdc.gov/d/hksd-2xuw
USA,OH,Ohio,Great Lakes,40.06021014100048,-82.40426006,asthma,Current asthma among adults,2021,2021,11.5,10.7,12.3,% age-adjusted prevalence,Adults aged 18+,BRFSS age-adjusted prevalence,AST02,CDC Chronic Disease Indicators,https://data.cdc.gov/d/hksd-2xuw
USA,OH,Ohio,Great Lakes,40.06021014100048,-82.40426006,asthma,Current asthma among adults,2022,2022,11.5,10.8,12.4,% age-adjusted prevalence,Adults aged 18+,BRFSS age-adjusted prevalence,AST02,CDC Chronic Disease Indicators,https://data.cdc.gov/d/hksd-2xuw
USA,OH,Ohio,Great Lakes,40.06021014100048,-82.40426006,asthma,Current asthma among adults,2023,2023,11.1,10.2,12.0,% age-adjusted prevalence,Adults aged 18+,BRFSS age-adjusted prevalence,AST02,CDC Chronic Disease Indicators,https://data.cdc.gov/d/hksd-2xuw
USA,OH,Ohio,Great Lakes,40.06021014100048,-82.40426006,copd,COPD among adults,2019,2019,8.1,7.5,8.8,% age-adjusted prevalence,Adults aged 18+,BRFSS age-adjusted prevalence,COPD01,CDC Chronic Disease Indicators,https://data.cdc.gov/d/hksd-2xuw
USA,OH,Ohio,Great Lakes,40.06021014100048,-82.40426006,copd,COPD among adults,2020,2020,7.1,6.6,7.6,% age-adjusted prevalence,Adults aged 18+,BRFSS age-adjusted prevalence,COPD01,CDC Chronic Disease Indicators,https://data.cdc.gov/d/hksd-2xuw
USA,OH,Ohio,Great Lakes,40.06021014100048,-82.40426006,copd,COPD among adults,2021,2021,7.8,7.2,8.4,% age-adjusted prevalence,Adults aged 18+,BRFSS age-adjusted prevalence,COPD01,CDC Chronic Disease Indicators,https://data.cdc.gov/d/hksd-2xuw
USA,OH,Ohio,Great Lakes,40.06021014100048,-82.40426006,copd,COPD among adults,2022,2022,8.5,7.8,9.1,% age-adjusted prevalence,Adults aged 18+,BRFSS age-adjusted prevalence,COPD01,CDC Chronic Disease Indicators,https://data.cdc.gov/d/hksd-2xuw
USA,OH,Ohio,Great Lakes,40.06021014100048,-82.40426006,copd,COPD among adults,2023,2023,6.9,6.4,7.4,% age-adjusted prevalence,Adults aged 18+,BRFSS age-adjusted prevalence,COPD01,CDC Chronic Disease Indicators,https://data.cdc.gov/d/hksd-2xuw
USA,OH,Ohio,Great Lakes,40.06021014100048,-82.40426006,depression,Depression among adults,2019,2019,20.7,19.5,21.9,% age-adjusted prevalence,Adults aged 18+,BRFSS age-adjusted prevalence,MEN02,CDC Chronic Disease Indicators,https://data.cdc.gov/d/hksd-2xuw
USA,OH,Ohio,Great Lakes,40.06021014100048,-82.40426006,depression,Depression among adults,2020,2020,22.7,21.7,23.8,% age-adjusted prevalence,Adults aged 18+,BRFSS age-adjusted prevalence,MEN02,CDC Chronic Disease Indicators,https://data.cdc.gov/d/hksd-2xuw
USA,OH,Ohio,Great Lakes,40.06021014100048,-82.40426006,depression,Depression among adults,2021,2021,22.8,21.8,23.9,% age-adjusted prevalence,Adults aged 18+,BRFSS age-adjusted prevalence,MEN02,CDC Chronic Disease Indicators,https://data.cdc.gov/d/hksd-2xuw
USA,OH,Ohio,Great Lakes,40.06021014100048,-82.40426006,depression,Depression among adults,2022,2022,26.0,24.9,27.1,% age-adjusted prevalence,Adults aged 18+,BRFSS age-adjusted prevalence,MEN02,CDC Chronic Disease Indicators,https://data.cdc.gov/d/hksd-2xuw
USA,OH,Ohio,Great Lakes,40.06021014100048,-82.40426006,depression,Depression among adults,2023,2023,26.0,24.8,27.3,% age-adjusted prevalence,Adults aged 18+,BRFSS age-adjusted prevalence,MEN02,CDC Chronic Disease Indicators,https://data.cdc.gov/d/hksd-2xuw
USA,OH,Ohio,Great Lakes,40.06021014100048,-82.40426006,diabetes,Diabetes among adults,2019,2019,10.4,9.7,11.1,% age-adjusted prevalence,Adults aged 18+,BRFSS age-adjusted prevalence,DIA01,CDC Chronic Disease Indicators,https://data.cdc.gov/d/hksd-2xuw
USA,OH,Ohio,Great Lakes,40.06021014100048,-82.40426006,diabetes,Diabetes among adults,2020,2020,11.0,10.4,11.7,% age-adjusted prevalence,Adults aged 18+,BRFSS age-adjusted prevalence,DIA01,CDC Chronic Disease Indicators,https://data.cdc.gov/d/hksd-2xuw
USA,OH,Ohio,Great Lakes,40.06021014100048,-82.40426006,diabetes,Diabetes among adults,2021,2021,11.0,10.4,11.7,% age-adjusted prevalence,Adults aged 18+,BRFSS age-adjusted prevalence,DIA01,CDC Chronic Disease Indicators,https://data.cdc.gov/d/hksd-2xuw
USA,OH,Ohio,Great Lakes,40.06021014100048,-82.40426006,diabetes,Diabetes among adults,2022,2022,11.4,10.8,12.2,% age-adjusted prevalence,Adults aged 18+,BRFSS age-adjusted prevalence,DIA01,CDC Chronic Disease Indicators,https://data.cdc.gov/d/hksd-2xuw
USA,OH,Ohio,Great Lakes,40.06021014100048,-82.40426006,diabetes,Diabetes among adults,2023,2023,11.5,10.8,12.2,% age-adjusted prevalence,Adults aged 18+,BRFSS age-adjusted prevalence,DIA01,CDC Chronic Disease Indicators,https://data.cdc.gov/d/hksd-2xuw
USA,OH,Ohio,Great Lakes,40.06021014100048,-82.40426006,hypertension,High blood pressure among adults,2019,2019,31.5,30.3,32.7,% age-adjusted prevalence,Adults aged 18+,BRFSS age-adjusted prevalence,CVD01,CDC Chronic Disease Indicators,https://data.cdc.gov/d/hksd-2xuw
USA,OH,Ohio,Great Lakes,40.06021014100048,-82.40426006,hypertension,High blood pressure among adults,2021,2021,32.3,31.3,33.3,% age-adjusted prevalence,Adults aged 18+,BRFSS age-adjusted prevalence,CVD01,CDC Chronic Disease Indicators,https://data.cdc.gov/d/hksd-2xuw
USA,OH,Ohio,Great Lakes,40.06021014100048,-82.40426006,hypertension,High blood pressure among adults,2023,2023,33.5,32.4,34.6,% age-adjusted prevalence,Adults aged 18+,BRFSS age-adjusted prevalence,CVD01,CDC Chronic Disease Indicators,https://data.cdc.gov/d/hksd-2xuw
USA,OH,Ohio,Great Lakes,40.06021014100048,-82.40426006,obesity,Obesity among adults,2019,2019,34.6,33.1,36.0,% age-adjusted prevalence,Adults aged 18+,BRFSS age-adjusted prevalence,NPW14,CDC Chronic Disease Indicators,https://data.cdc.gov/d/hksd-2xuw
USA,OH,Ohio,Great Lakes,40.06021014100048,-82.40426006,obesity,Obesity among adults,2020,2020,35.8,34.5,37.0,% age-adjusted prevalence,Adults aged 18+,BRFSS age-adjusted prevalence,NPW14,CDC Chronic Disease Indicators,https://data.cdc.gov/d/hksd-2xuw
USA,OH,Ohio,Great Lakes,40.06021014100048,-82.40426006,obesity,Obesity among adults,2021,2021,37.9,36.6,39.1,% age-adjusted prevalence,Adults aged 18+,BRFSS age-adjusted prevalence,NPW14,CDC Chronic Disease Indicators,https://data.cdc.gov/d/hksd-2xuw
USA,OH,Ohio,Great Lakes,40.06021014100048,-82.40426006,obesity,Obesity among adults,2022,2022,38.4,37.1,39.6,% age-adjusted prevalence,Adults aged 18+,BRFSS age-adjusted prevalence,NPW14,CDC Chronic Disease Indicators,https://data.cdc.gov/d/hksd-2xuw
USA,OH,Ohio,Great Lakes,40.06021014100048,-82.40426006,obesity,Obesity among adults,2023,2023,36.8,35.5,38.2,% age-adjusted prevalence,Adults aged 18+,BRFSS age-adjusted prevalence,NPW14,CDC Chronic Disease Indicators,https://data.cdc.gov/d/hksd-2xuw
USA,OK,Oklahoma,Southwest,35.47203135600046,-97.52107021,asthma,Current asthma among adults,2019,2019,11.4,10.5,12.5,% age-adjusted prevalence,Adults aged 18+,BRFSS age-adjusted prevalence,AST02,CDC Chronic Disease Indicators,https://data.cdc.gov/d/hksd-2xuw
USA,OK,Oklahoma,Southwest,35.47203135600046,-97.52107021,asthma,Current asthma among adults,2020,2020,12.1,11.0,13.3,% age-adjusted prevalence,Adults aged 18+,BRFSS age-adjusted prevalence,AST02,CDC Chronic Disease Indicators,https://data.cdc.gov/d/hksd-2xuw
USA,OK,Oklahoma,Southwest,35.47203135600046,-97.52107021,asthma,Current asthma among adults,2021,2021,12.1,11.0,13.3,% age-adjusted prevalence,Adults aged 18+,BRFSS age-adjusted prevalence,AST02,CDC Chronic Disease Indicators,https://data.cdc.gov/d/hksd-2xuw
USA,OK,Oklahoma,Southwest,35.47203135600046,-97.52107021,asthma,Current asthma among adults,2022,2022,12.4,11.3,13.5,% age-adjusted prevalence,Adults aged 18+,BRFSS age-adjusted prevalence,AST02,CDC Chronic Disease Indicators,https://data.cdc.gov/d/hksd-2xuw
USA,OK,Oklahoma,Southwest,35.47203135600046,-97.52107021,asthma,Current asthma among adults,2023,2023,11.2,10.3,12.2,% age-adjusted prevalence,Adults aged 18+,BRFSS age-adjusted prevalence,AST02,CDC Chronic Disease Indicators,https://data.cdc.gov/d/hksd-2xuw
USA,OK,Oklahoma,Southwest,35.47203135600046,-97.52107021,copd,COPD among adults,2019,2019,8.1,7.3,8.9,% age-adjusted prevalence,Adults aged 18+,BRFSS age-adjusted prevalence,COPD01,CDC Chronic Disease Indicators,https://data.cdc.gov/d/hksd-2xuw
USA,OK,Oklahoma,Southwest,35.47203135600046,-97.52107021,copd,COPD among adults,2020,2020,7.9,7.1,8.8,% age-adjusted prevalence,Adults aged 18+,BRFSS age-adjusted prevalence,COPD01,CDC Chronic Disease Indicators,https://data.cdc.gov/d/hksd-2xuw
USA,OK,Oklahoma,Southwest,35.47203135600046,-97.52107021,copd,COPD among adults,2021,2021,7.3,6.5,8.2,% age-adjusted prevalence,Adults aged 18+,BRFSS age-adjusted prevalence,COPD01,CDC Chronic Disease Indicators,https://data.cdc.gov/d/hksd-2xuw
USA,OK,Oklahoma,Southwest,35.47203135600046,-97.52107021,copd,COPD among adults,2022,2022,7.5,6.8,8.3,% age-adjusted prevalence,Adults aged 18+,BRFSS age-adjusted prevalence,COPD01,CDC Chronic Disease Indicators,https://data.cdc.gov/d/hksd-2xuw
USA,OK,Oklahoma,Southwest,35.47203135600046,-97.52107021,copd,COPD among adults,2023,2023,7.1,6.5,7.9,% age-adjusted prevalence,Adults aged 18+,BRFSS age-adjusted prevalence,COPD01,CDC Chronic Disease Indicators,https://data.cdc.gov/d/hksd-2xuw
USA,OK,Oklahoma,Southwest,35.47203135600046,-97.52107021,depression,Depression among adults,2019,2019,23.3,21.9,24.7,% age-adjusted prevalence,Adults aged 18+,BRFSS age-adjusted prevalence,MEN02,CDC Chronic Disease Indicators,https://data.cdc.gov/d/hksd-2xuw
USA,OK,Oklahoma,Southwest,35.47203135600046,-97.52107021,depression,Depression among adults,2020,2020,23.3,21.8,24.8,% age-adjusted prevalence,Adults aged 18+,BRFSS age-adjusted prevalence,MEN02,CDC Chronic Disease Indicators,https://data.cdc.gov/d/hksd-2xuw
USA,OK,Oklahoma,Southwest,35.47203135600046,-97.52107021,depression,Depression among adults,2021,2021,25.0,23.4,26.6,% age-adjusted prevalence,Adults aged 18+,BRFSS age-adjusted prevalence,MEN02,CDC Chronic Disease Indicators,https://data.cdc.gov/d/hksd-2xuw
USA,OK,Oklahoma,Southwest,35.47203135600046,-97.52107021,depression,Depression among adults,2022,2022,27.4,26.0,28.9,% age-adjusted prevalence,Adults aged 18+,BRFSS age-adjusted prevalence,MEN02,CDC Chronic Disease Indicators,https://data.cdc.gov/d/hksd-2xuw
USA,OK,Oklahoma,Southwest,35.47203135600046,-97.52107021,depression,Depression among adults,2023,2023,25.8,24.5,27.2,% age-adjusted prevalence,Adults aged 18+,BRFSS age-adjusted prevalence,MEN02,CDC Chronic Disease Indicators,https://data.cdc.gov/d/hksd-2xuw
USA,OK,Oklahoma,Southwest,35.47203135600046,-97.52107021,diabetes,Diabetes among adults,2019,2019,11.2,10.4,12.1,% age-adjusted prevalence,Adults aged 18+,BRFSS age-adjusted prevalence,DIA01,CDC Chronic Disease Indicators,https://data.cdc.gov/d/hksd-2xuw
USA,OK,Oklahoma,Southwest,35.47203135600046,-97.52107021,diabetes,Diabetes among adults,2020,2020,12.0,11.0,13.1,% age-adjusted prevalence,Adults aged 18+,BRFSS age-adjusted prevalence,DIA01,CDC Chronic Disease Indicators,https://data.cdc.gov/d/hksd-2xuw
USA,OK,Oklahoma,Southwest,35.47203135600046,-97.52107021,diabetes,Diabetes among adults,2021,2021,11.8,10.8,12.8,% age-adjusted prevalence,Adults aged 18+,BRFSS age-adjusted prevalence,DIA01,CDC Chronic Disease Indicators,https://data.cdc.gov/d/hksd-2xuw
USA,OK,Oklahoma,Southwest,35.47203135600046,-97.52107021,diabetes,Diabetes among adults,2022,2022,12.2,11.4,13.2,% age-adjusted prevalence,Adults aged 18+,BRFSS age-adjusted prevalence,DIA01,CDC Chronic Disease Indicators,https://data.cdc.gov/d/hksd-2xuw
USA,OK,Oklahoma,Southwest,35.47203135600046,-97.52107021,diabetes,Diabetes among adults,2023,2023,11.3,10.5,12.1,% age-adjusted prevalence,Adults aged 18+,BRFSS age-adjusted prevalence,DIA01,CDC Chronic Disease Indicators,https://data.cdc.gov/d/hksd-2xuw
USA,OK,Oklahoma,Southwest,35.47203135600046,-97.52107021,hypertension,High blood pressure among adults,2019,2019,35.5,34.2,36.8,% age-adjusted prevalence,Adults aged 18+,BRFSS age-adjusted prevalence,CVD01,CDC Chronic Disease Indicators,https://data.cdc.gov/d/hksd-2xuw
USA,OK,Oklahoma,Southwest,35.47203135600046,-97.52107021,hypertension,High blood pressure among adults,2021,2021,36.7,35.2,38.2,% age-adjusted prevalence,Adults aged 18+,BRFSS age-adjusted prevalence,CVD01,CDC Chronic Disease Indicators,https://data.cdc.gov/d/hksd-2xuw
USA,OK,Oklahoma,Southwest,35.47203135600046,-97.52107021,hypertension,High blood pressure among adults,2023,2023,35.9,34.6,37.2,% age-adjusted prevalence,Adults aged 18+,BRFSS age-adjusted prevalence,CVD01,CDC Chronic Disease Indicators,https://data.cdc.gov/d/hksd-2xuw
USA,OK,Oklahoma,Southwest,35.47203135600046,-97.52107021,obesity,Obesity among adults,2019,2019,37.1,35.5,38.7,% age-adjusted prevalence,Adults aged 18+,BRFSS age-adjusted prevalence,NPW14,CDC Chronic Disease Indicators,https://data.cdc.gov/d/hksd-2xuw
USA,OK,Oklahoma,Southwest,35.47203135600046,-97.52107021,obesity,Obesity among adults,2020,2020,37.1,35.3,38.9,% age-adjusted prevalence,Adults aged 18+,BRFSS age-adjusted prevalence,NPW14,CDC Chronic Disease Indicators,https://data.cdc.gov/d/hksd-2xuw
USA,OK,Oklahoma,Southwest,35.47203135600046,-97.52107021,obesity,Obesity among adults,2021,2021,40.0,38.2,41.9,% age-adjusted prevalence,Adults aged 18+,BRFSS age-adjusted prevalence,NPW14,CDC Chronic Disease Indicators,https://data.cdc.gov/d/hksd-2xuw
USA,OK,Oklahoma,Southwest,35.47203135600046,-97.52107021,obesity,Obesity among adults,2022,2022,40.6,38.9,42.3,% age-adjusted prevalence,Adults aged 18+,BRFSS age-adjusted prevalence,NPW14,CDC Chronic Disease Indicators,https://data.cdc.gov/d/hksd-2xuw
USA,OK,Oklahoma,Southwest,35.47203135600046,-97.52107021,obesity,Obesity among adults,2023,2023,39.4,37.8,40.9,% age-adjusted prevalence,Adults aged 18+,BRFSS age-adjusted prevalence,NPW14,CDC Chronic Disease Indicators,https://data.cdc.gov/d/hksd-2xuw
USA,OR,Oregon,Far West,44.56744942400047,-120.1550313,asthma,Current asthma among adults,2019,2019,12.3,11.2,13.4,% age-adjusted prevalence,Adults aged 18+,BRFSS age-adjusted prevalence,AST02,CDC Chronic Disease Indicators,https://data.cdc.gov/d/hksd-2xuw
USA,OR,Oregon,Far West,44.56744942400047,-120.1550313,asthma,Current asthma among adults,2020,2020,11.5,10.5,12.6,% age-adjusted prevalence,Adults aged 18+,BRFSS age-adjusted prevalence,AST02,CDC Chronic Disease Indicators,https://data.cdc.gov/d/hksd-2xuw
USA,OR,Oregon,Far West,44.56744942400047,-120.1550313,asthma,Current asthma among adults,2021,2021,12.2,11.2,13.4,% age-adjusted prevalence,Adults aged 18+,BRFSS age-adjusted prevalence,AST02,CDC Chronic Disease Indicators,https://data.cdc.gov/d/hksd-2xuw
USA,OR,Oregon,Far West,44.56744942400047,-120.1550313,asthma,Current asthma among adults,2022,2022,11.4,10.5,12.5,% age-adjusted prevalence,Adults aged 18+,BRFSS age-adjusted prevalence,AST02,CDC Chronic Disease Indicators,https://data.cdc.gov/d/hksd-2xuw
USA,OR,Oregon,Far West,44.56744942400047,-120.1550313,asthma,Current asthma among adults,2023,2023,11.8,10.8,12.9,% age-adjusted prevalence,Adults aged 18+,BRFSS age-adjusted prevalence,AST02,CDC Chronic Disease Indicators,https://data.cdc.gov/d/hksd-2xuw
USA,OR,Oregon,Far West,44.56744942400047,-120.1550313,copd,COPD among adults,2019,2019,5.5,4.9,6.3,% age-adjusted prevalence,Adults aged 18+,BRFSS age-adjusted prevalence,COPD01,CDC Chronic Disease Indicators,https://data.cdc.gov/d/hksd-2xuw
USA,OR,Oregon,Far West,44.56744942400047,-120.1550313,copd,COPD among adults,2020,2020,5.1,4.5,5.8,% age-adjusted prevalence,Adults aged 18+,BRFSS age-adjusted prevalence,COPD01,CDC Chronic Disease Indicators,https://data.cdc.gov/d/hksd-2xuw
USA,OR,Oregon,Far West,44.56744942400047,-120.1550313,copd,COPD among adults,2021,2021,5.3,4.7,6.1,% age-adjusted prevalence,Adults aged 18+,BRFSS age-adjusted prevalence,COPD01,CDC Chronic Disease Indicators,https://data.cdc.gov/d/hksd-2xuw
USA,OR,Oregon,Far West,44.56744942400047,-120.1550313,copd,COPD among adults,2022,2022,5.8,5.1,6.6,% age-adjusted prevalence,Adults aged 18+,BRFSS age-adjusted prevalence,COPD01,CDC Chronic Disease Indicators,https://data.cdc.gov/d/hksd-2xuw
USA,OR,Oregon,Far West,44.56744942400047,-120.1550313,copd,COPD among adults,2023,2023,5.7,5.0,6.5,% age-adjusted prevalence,Adults aged 18+,BRFSS age-adjusted prevalence,COPD01,CDC Chronic Disease Indicators,https://data.cdc.gov/d/hksd-2xuw
USA,OR,Oregon,Far West,44.56744942400047,-120.1550313,depression,Depression among adults,2019,2019,25.1,23.7,26.5,% age-adjusted prevalence,Adults aged 18+,BRFSS age-adjusted prevalence,MEN02,CDC Chronic Disease Indicators,https://data.cdc.gov/d/hksd-2xuw
USA,OR,Oregon,Far West,44.56744942400047,-120.1550313,depression,Depression among adults,2020,2020,21.6,20.3,22.9,% age-adjusted prevalence,Adults aged 18+,BRFSS age-adjusted prevalence,MEN02,CDC Chronic Disease Indicators,https://data.cdc.gov/d/hksd-2xuw
USA,OR,Oregon,Far West,44.56744942400047,-120.1550313,depression,Depression among adults,2021,2021,25.3,23.9,26.8,% age-adjusted prevalence,Adults aged 18+,BRFSS age-adjusted prevalence,MEN02,CDC Chronic Disease Indicators,https://data.cdc.gov/d/hksd-2xuw
USA,OR,Oregon,Far West,44.56744942400047,-120.1550313,depression,Depression among adults,2022,2022,24.8,23.4,26.3,% age-adjusted prevalence,Adults aged 18+,BRFSS age-adjusted prevalence,MEN02,CDC Chronic Disease Indicators,https://data.cdc.gov/d/hksd-2xuw
USA,OR,Oregon,Far West,44.56744942400047,-120.1550313,depression,Depression among adults,2023,2023,26.6,25.2,28.2,% age-adjusted prevalence,Adults aged 18+,BRFSS age-adjusted prevalence,MEN02,CDC Chronic Disease Indicators,https://data.cdc.gov/d/hksd-2xuw
USA,OR,Oregon,Far West,44.56744942400047,-120.1550313,diabetes,Diabetes among adults,2019,2019,7.5,6.8,8.3,% age-adjusted prevalence,Adults aged 18+,BRFSS age-adjusted prevalence,DIA01,CDC Chronic Disease Indicators,https://data.cdc.gov/d/hksd-2xuw
USA,OR,Oregon,Far West,44.56744942400047,-120.1550313,diabetes,Diabetes among adults,2020,2020,8.4,7.6,9.3,% age-adjusted prevalence,Adults aged 18+,BRFSS age-adjusted prevalence,DIA01,CDC Chronic Disease Indicators,https://data.cdc.gov/d/hksd-2xuw
USA,OR,Oregon,Far West,44.56744942400047,-120.1550313,diabetes,Diabetes among adults,2021,2021,8.4,7.6,9.3,% age-adjusted prevalence,Adults aged 18+,BRFSS age-adjusted prevalence,DIA01,CDC Chronic Disease Indicators,https://data.cdc.gov/d/hksd-2xuw
USA,OR,Oregon,Far West,44.56744942400047,-120.1550313,diabetes,Diabetes among adults,2022,2022,9.1,8.2,10.1,% age-adjusted prevalence,Adults aged 18+,BRFSS age-adjusted prevalence,DIA01,CDC Chronic Disease Indicators,https://data.cdc.gov/d/hksd-2xuw
USA,OR,Oregon,Far West,44.56744942400047,-120.1550313,diabetes,Diabetes among adults,2023,2023,9.5,8.7,10.5,% age-adjusted prevalence,Adults aged 18+,BRFSS age-adjusted prevalence,DIA01,CDC Chronic Disease Indicators,https://data.cdc.gov/d/hksd-2xuw
USA,OR,Oregon,Far West,44.56744942400047,-120.1550313,hypertension,High blood pressure among adults,2019,2019,27.6,26.4,28.9,% age-adjusted prevalence,Adults aged 18+,BRFSS age-adjusted prevalence,CVD01,CDC Chronic Disease Indicators,https://data.cdc.gov/d/hksd-2xuw
USA,OR,Oregon,Far West,44.56744942400047,-120.1550313,hypertension,High blood pressure among adults,2021,2021,27.7,26.4,29.0,% age-adjusted prevalence,Adults aged 18+,BRFSS age-adjusted prevalence,CVD01,CDC Chronic Disease Indicators,https://data.cdc.gov/d/hksd-2xuw
USA,OR,Oregon,Far West,44.56744942400047,-120.1550313,hypertension,High blood pressure among adults,2023,2023,30.1,28.7,31.5,% age-adjusted prevalence,Adults aged 18+,BRFSS age-adjusted prevalence,CVD01,CDC Chronic Disease Indicators,https://data.cdc.gov/d/hksd-2xuw
USA,OR,Oregon,Far West,44.56744942400047,-120.1550313,obesity,Obesity among adults,2019,2019,28.8,27.3,30.3,% age-adjusted prevalence,Adults aged 18+,BRFSS age-adjusted prevalence,NPW14,CDC Chronic Disease Indicators,https://data.cdc.gov/d/hksd-2xuw
USA,OR,Oregon,Far West,44.56744942400047,-120.1550313,obesity,Obesity among adults,2020,2020,28.3,26.8,29.8,% age-adjusted prevalence,Adults aged 18+,BRFSS age-adjusted prevalence,NPW14,CDC Chronic Disease Indicators,https://data.cdc.gov/d/hksd-2xuw
USA,OR,Oregon,Far West,44.56744942400047,-120.1550313,obesity,Obesity among adults,2021,2021,30.6,29.1,32.2,% age-adjusted prevalence,Adults aged 18+,BRFSS age-adjusted prevalence,NPW14,CDC Chronic Disease Indicators,https://data.cdc.gov/d/hksd-2xuw
USA,OR,Oregon,Far West,44.56744942400047,-120.1550313,obesity,Obesity among adults,2022,2022,31.1,29.6,32.7,% age-adjusted prevalence,Adults aged 18+,BRFSS age-adjusted prevalence,NPW14,CDC Chronic Disease Indicators,https://data.cdc.gov/d/hksd-2xuw
USA,OR,Oregon,Far West,44.56744942400047,-120.1550313,obesity,Obesity among adults,2023,2023,33.5,31.8,35.1,% age-adjusted prevalence,Adults aged 18+,BRFSS age-adjusted prevalence,NPW14,CDC Chronic Disease Indicators,https://data.cdc.gov/d/hksd-2xuw
USA,PA,Pennsylvania,Mideast,40.79373015200048,-77.86070029,asthma,Current asthma among adults,2019,2019,11.6,10.6,12.8,% age-adjusted prevalence,Adults aged 18+,BRFSS age-adjusted prevalence,AST02,CDC Chronic Disease Indicators,https://data.cdc.gov/d/hksd-2xuw
USA,PA,Pennsylvania,Mideast,40.79373015200048,-77.86070029,asthma,Current asthma among adults,2020,2020,11.3,10.2,12.6,% age-adjusted prevalence,Adults aged 18+,BRFSS age-adjusted prevalence,AST02,CDC Chronic Disease Indicators,https://data.cdc.gov/d/hksd-2xuw
USA,PA,Pennsylvania,Mideast,40.79373015200048,-77.86070029,asthma,Current asthma among adults,2021,2021,11.2,10.2,12.3,% age-adjusted prevalence,Adults aged 18+,BRFSS age-adjusted prevalence,AST02,CDC Chronic Disease Indicators,https://data.cdc.gov/d/hksd-2xuw
USA,PA,Pennsylvania,Mideast,40.79373015200048,-77.86070029,asthma,Current asthma among adults,2022,2022,10.2,8.9,11.6,% age-adjusted prevalence,Adults aged 18+,BRFSS age-adjusted prevalence,AST02,CDC Chronic Disease Indicators,https://data.cdc.gov/d/hksd-2xuw
USA,PA,Pennsylvania,Mideast,40.79373015200048,-77.86070029,copd,COPD among adults,2019,2019,6.3,5.6,7.1,% age-adjusted prevalence,Adults aged 18+,BRFSS age-adjusted prevalence,COPD01,CDC Chronic Disease Indicators,https://data.cdc.gov/d/hksd-2xuw
USA,PA,Pennsylvania,Mideast,40.79373015200048,-77.86070029,copd,COPD among adults,2020,2020,6.4,5.7,7.3,% age-adjusted prevalence,Adults aged 18+,BRFSS age-adjusted prevalence,COPD01,CDC Chronic Disease Indicators,https://data.cdc.gov/d/hksd-2xuw
USA,PA,Pennsylvania,Mideast,40.79373015200048,-77.86070029,copd,COPD among adults,2021,2021,6.0,5.3,6.7,% age-adjusted prevalence,Adults aged 18+,BRFSS age-adjusted prevalence,COPD01,CDC Chronic Disease Indicators,https://data.cdc.gov/d/hksd-2xuw
USA,PA,Pennsylvania,Mideast,40.79373015200048,-77.86070029,copd,COPD among adults,2022,2022,6.6,5.5,7.8,% age-adjusted prevalence,Adults aged 18+,BRFSS age-adjusted prevalence,COPD01,CDC Chronic Disease Indicators,https://data.cdc.gov/d/hksd-2xuw
USA,PA,Pennsylvania,Mideast,40.79373015200048,-77.86070029,depression,Depression among adults,2019,2019,20.1,18.8,21.4,% age-adjusted prevalence,Adults aged 18+,BRFSS age-adjusted prevalence,MEN02,CDC Chronic Disease Indicators,https://data.cdc.gov/d/hksd-2xuw
USA,PA,Pennsylvania,Mideast,40.79373015200048,-77.86070029,depression,Depression among adults,2020,2020,21.0,19.5,22.6,% age-adjusted prevalence,Adults aged 18+,BRFSS age-adjusted prevalence,MEN02,CDC Chronic Disease Indicators,https://data.cdc.gov/d/hksd-2xuw
USA,PA,Pennsylvania,Mideast,40.79373015200048,-77.86070029,depression,Depression among adults,2021,2021,19.7,18.4,21.0,% age-adjusted prevalence,Adults aged 18+,BRFSS age-adjusted prevalence,MEN02,CDC Chronic Disease Indicators,https://data.cdc.gov/d/hksd-2xuw
USA,PA,Pennsylvania,Mideast,40.79373015200048,-77.86070029,depression,Depression among adults,2022,2022,22.3,20.4,24.2,% age-adjusted prevalence,Adults aged 18+,BRFSS age-adjusted prevalence,MEN02,CDC Chronic Disease Indicators,https://data.cdc.gov/d/hksd-2xuw
USA,PA,Pennsylvania,Mideast,40.79373015200048,-77.86070029,diabetes,Diabetes among adults,2019,2019,9.3,8.5,10.2,% age-adjusted prevalence,Adults aged 18+,BRFSS age-adjusted prevalence,DIA01,CDC Chronic Disease Indicators,https://data.cdc.gov/d/hksd-2xuw
USA,PA,Pennsylvania,Mideast,40.79373015200048,-77.86070029,diabetes,Diabetes among adults,2020,2020,9.9,9.0,10.8,% age-adjusted prevalence,Adults aged 18+,BRFSS age-adjusted prevalence,DIA01,CDC Chronic Disease Indicators,https://data.cdc.gov/d/hksd-2xuw
USA,PA,Pennsylvania,Mideast,40.79373015200048,-77.86070029,diabetes,Diabetes among adults,2021,2021,9.5,8.7,10.4,% age-adjusted prevalence,Adults aged 18+,BRFSS age-adjusted prevalence,DIA01,CDC Chronic Disease Indicators,https://data.cdc.gov/d/hksd-2xuw
USA,PA,Pennsylvania,Mideast,40.79373015200048,-77.86070029,diabetes,Diabetes among adults,2022,2022,10.1,8.8,11.5,% age-adjusted prevalence,Adults aged 18+,BRFSS age-adjusted prevalence,DIA01,CDC Chronic Disease Indicators,https://data.cdc.gov/d/hksd-2xuw
USA,PA,Pennsylvania,Mideast,40.79373015200048,-77.86070029,hypertension,High blood pressure among adults,2019,2019,29.5,28.2,30.8,% age-adjusted prevalence,Adults aged 18+,BRFSS age-adjusted prevalence,CVD01,CDC Chronic Disease Indicators,https://data.cdc.gov/d/hksd-2xuw
USA,PA,Pennsylvania,Mideast,40.79373015200048,-77.86070029,hypertension,High blood pressure among adults,2021,2021,29.6,28.3,30.9,% age-adjusted prevalence,Adults aged 18+,BRFSS age-adjusted prevalence,CVD01,CDC Chronic Disease Indicators,https://data.cdc.gov/d/hksd-2xuw
USA,PA,Pennsylvania,Mideast,40.79373015200048,-77.86070029,obesity,Obesity among adults,2019,2019,33.1,31.5,34.7,% age-adjusted prevalence,Adults aged 18+,BRFSS age-adjusted prevalence,NPW14,CDC Chronic Disease Indicators,https://data.cdc.gov/d/hksd-2xuw
USA,PA,Pennsylvania,Mideast,40.79373015200048,-77.86070029,obesity,Obesity among adults,2020,2020,31.6,29.8,33.4,% age-adjusted prevalence,Adults aged 18+,BRFSS age-adjusted prevalence,NPW14,CDC Chronic Disease Indicators,https://data.cdc.gov/d/hksd-2xuw
USA,PA,Pennsylvania,Mideast,40.79373015200048,-77.86070029,obesity,Obesity among adults,2021,2021,33.3,31.7,35.0,% age-adjusted prevalence,Adults aged 18+,BRFSS age-adjusted prevalence,NPW14,CDC Chronic Disease Indicators,https://data.cdc.gov/d/hksd-2xuw
USA,PA,Pennsylvania,Mideast,40.79373015200048,-77.86070029,obesity,Obesity among adults,2022,2022,32.9,30.8,35.1,% age-adjusted prevalence,Adults aged 18+,BRFSS age-adjusted prevalence,NPW14,CDC Chronic Disease Indicators,https://data.cdc.gov/d/hksd-2xuw
USA,RI,Rhode Island,New England,41.70828019300046,-71.52247031,asthma,Current asthma among adults,2019,2019,12.0,10.7,13.3,% age-adjusted prevalence,Adults aged 18+,BRFSS age-adjusted prevalence,AST02,CDC Chronic Disease Indicators,https://data.cdc.gov/d/hksd-2xuw
USA,RI,Rhode Island,New England,41.70828019300046,-71.52247031,asthma,Current asthma among adults,2020,2020,12.8,11.4,14.2,% age-adjusted prevalence,Adults aged 18+,BRFSS age-adjusted prevalence,AST02,CDC Chronic Disease Indicators,https://data.cdc.gov/d/hksd-2xuw
USA,RI,Rhode Island,New England,41.70828019300046,-71.52247031,asthma,Current asthma among adults,2021,2021,13.4,12.1,14.7,% age-adjusted prevalence,Adults aged 18+,BRFSS age-adjusted prevalence,AST02,CDC Chronic Disease Indicators,https://data.cdc.gov/d/hksd-2xuw
USA,RI,Rhode Island,New England,41.70828019300046,-71.52247031,asthma,Current asthma among adults,2022,2022,13.4,12.1,14.8,% age-adjusted prevalence,Adults aged 18+,BRFSS age-adjusted prevalence,AST02,CDC Chronic Disease Indicators,https://data.cdc.gov/d/hksd-2xuw
USA,RI,Rhode Island,New England,41.70828019300046,-71.52247031,asthma,Current asthma among adults,2023,2023,12.3,11.0,13.7,% age-adjusted prevalence,Adults aged 18+,BRFSS age-adjusted prevalence,AST02,CDC Chronic Disease Indicators,https://data.cdc.gov/d/hksd-2xuw
USA,RI,Rhode Island,New England,41.70828019300046,-71.52247031,copd,COPD among adults,2019,2019,6.2,5.5,7.0,% age-adjusted prevalence,Adults aged 18+,BRFSS age-adjusted prevalence,COPD01,CDC Chronic Disease Indicators,https://data.cdc.gov/d/hksd-2xuw
USA,RI,Rhode Island,New England,41.70828019300046,-71.52247031,copd,COPD among adults,2020,2020,6.2,5.3,7.1,% age-adjusted prevalence,Adults aged 18+,BRFSS age-adjusted prevalence,COPD01,CDC Chronic Disease Indicators,https://data.cdc.gov/d/hksd-2xuw
USA,RI,Rhode Island,New England,41.70828019300046,-71.52247031,copd,COPD among adults,2021,2021,5.2,4.4,6.0,% age-adjusted prevalence,Adults aged 18+,BRFSS age-adjusted prevalence,COPD01,CDC Chronic Disease Indicators,https://data.cdc.gov/d/hksd-2xuw
USA,RI,Rhode Island,New England,41.70828019300046,-71.52247031,copd,COPD among adults,2022,2022,6.1,5.3,6.9,% age-adjusted prevalence,Adults aged 18+,BRFSS age-adjusted prevalence,COPD01,CDC Chronic Disease Indicators,https://data.cdc.gov/d/hksd-2xuw
USA,RI,Rhode Island,New England,41.70828019300046,-71.52247031,copd,COPD among adults,2023,2023,5.8,5.0,6.7,% age-adjusted prevalence,Adults aged 18+,BRFSS age-adjusted prevalence,COPD01,CDC Chronic Disease Indicators,https://data.cdc.gov/d/hksd-2xuw
USA,RI,Rhode Island,New England,41.70828019300046,-71.52247031,depression,Depression among adults,2019,2019,20.0,18.3,21.7,% age-adjusted prevalence,Adults aged 18+,BRFSS age-adjusted prevalence,MEN02,CDC Chronic Disease Indicators,https://data.cdc.gov/d/hksd-2xuw
USA,RI,Rhode Island,New England,41.70828019300046,-71.52247031,depression,Depression among adults,2020,2020,21.6,19.8,23.4,% age-adjusted prevalence,Adults aged 18+,BRFSS age-adjusted prevalence,MEN02,CDC Chronic Disease Indicators,https://data.cdc.gov/d/hksd-2xuw
USA,RI,Rhode Island,New England,41.70828019300046,-71.52247031,depression,Depression among adults,2021,2021,23.9,22.4,25.6,% age-adjusted prevalence,Adults aged 18+,BRFSS age-adjusted prevalence,MEN02,CDC Chronic Disease Indicators,https://data.cdc.gov/d/hksd-2xuw
USA,RI,Rhode Island,New England,41.70828019300046,-71.52247031,depression,Depression among adults,2022,2022,22.9,21.2,24.7,% age-adjusted prevalence,Adults aged 18+,BRFSS age-adjusted prevalence,MEN02,CDC Chronic Disease Indicators,https://data.cdc.gov/d/hksd-2xuw
USA,RI,Rhode Island,New England,41.70828019300046,-71.52247031,depression,Depression among adults,2023,2023,22.5,20.8,24.3,% age-adjusted prevalence,Adults aged 18+,BRFSS age-adjusted prevalence,MEN02,CDC Chronic Disease Indicators,https://data.cdc.gov/d/hksd-2xuw
USA,RI,Rhode Island,New England,41.70828019300046,-71.52247031,diabetes,Diabetes among adults,2019,2019,9.1,8.3,10.1,% age-adjusted prevalence,Adults aged 18+,BRFSS age-adjusted prevalence,DIA01,CDC Chronic Disease Indicators,https://data.cdc.gov/d/hksd-2xuw
USA,RI,Rhode Island,New England,41.70828019300046,-71.52247031,diabetes,Diabetes among adults,2020,2020,9.2,8.2,10.2,% age-adjusted prevalence,Adults aged 18+,BRFSS age-adjusted prevalence,DIA01,CDC Chronic Disease Indicators,https://data.cdc.gov/d/hksd-2xuw
USA,RI,Rhode Island,New England,41.70828019300046,-71.52247031,diabetes,Diabetes among adults,2021,2021,9.2,8.3,10.2,% age-adjusted prevalence,Adults aged 18+,BRFSS age-adjusted prevalence,DIA01,CDC Chronic Disease Indicators,https://data.cdc.gov/d/hksd-2xuw
USA,RI,Rhode Island,New England,41.70828019300046,-71.52247031,diabetes,Diabetes among adults,2022,2022,10.2,9.3,11.1,% age-adjusted prevalence,Adults aged 18+,BRFSS age-adjusted prevalence,DIA01,CDC Chronic Disease Indicators,https://data.cdc.gov/d/hksd-2xuw
USA,RI,Rhode Island,New England,41.70828019300046,-71.52247031,diabetes,Diabetes among adults,2023,2023,10.0,9.1,11.0,% age-adjusted prevalence,Adults aged 18+,BRFSS age-adjusted prevalence,DIA01,CDC Chronic Disease Indicators,https://data.cdc.gov/d/hksd-2xuw
USA,RI,Rhode Island,New England,41.70828019300046,-71.52247031,hypertension,High blood pressure among adults,2019,2019,30.3,28.7,31.9,% age-adjusted prevalence,Adults aged 18+,BRFSS age-adjusted prevalence,CVD01,CDC Chronic Disease Indicators,https://data.cdc.gov/d/hksd-2xuw
USA,RI,Rhode Island,New England,41.70828019300046,-71.52247031,hypertension,High blood pressure among adults,2021,2021,29.9,28.4,31.4,% age-adjusted prevalence,Adults aged 18+,BRFSS age-adjusted prevalence,CVD01,CDC Chronic Disease Indicators,https://data.cdc.gov/d/hksd-2xuw
USA,RI,Rhode Island,New England,41.70828019300046,-71.52247031,hypertension,High blood pressure among adults,2023,2023,30.3,28.7,31.9,% age-adjusted prevalence,Adults aged 18+,BRFSS age-adjusted prevalence,CVD01,CDC Chronic Disease Indicators,https://data.cdc.gov/d/hksd-2xuw
USA,RI,Rhode Island,New England,41.70828019300046,-71.52247031,obesity,Obesity among adults,2019,2019,30.1,28.1,32.1,% age-adjusted prevalence,Adults aged 18+,BRFSS age-adjusted prevalence,NPW14,CDC Chronic Disease Indicators,https://data.cdc.gov/d/hksd-2xuw
USA,RI,Rhode Island,New England,41.70828019300046,-71.52247031,obesity,Obesity among adults,2020,2020,30.6,28.5,32.7,% age-adjusted prevalence,Adults aged 18+,BRFSS age-adjusted prevalence,NPW14,CDC Chronic Disease Indicators,https://data.cdc.gov/d/hksd-2xuw
USA,RI,Rhode Island,New England,41.70828019300046,-71.52247031,obesity,Obesity among adults,2021,2021,30.6,28.9,32.4,% age-adjusted prevalence,Adults aged 18+,BRFSS age-adjusted prevalence,NPW14,CDC Chronic Disease Indicators,https://data.cdc.gov/d/hksd-2xuw
USA,RI,Rhode Island,New England,41.70828019300046,-71.52247031,obesity,Obesity among adults,2022,2022,30.9,29.0,32.9,% age-adjusted prevalence,Adults aged 18+,BRFSS age-adjusted prevalence,NPW14,CDC Chronic Disease Indicators,https://data.cdc.gov/d/hksd-2xuw
USA,RI,Rhode Island,New England,41.70828019300046,-71.52247031,obesity,Obesity among adults,2023,2023,32.3,30.4,34.3,% age-adjusted prevalence,Adults aged 18+,BRFSS age-adjusted prevalence,NPW14,CDC Chronic Disease Indicators,https://data.cdc.gov/d/hksd-2xuw
USA,SC,South Carolina,Southeast,33.998821303000454,-81.04537121,asthma,Current asthma among adults,2019,2019,10.5,9.5,11.7,% age-adjusted prevalence,Adults aged 18+,BRFSS age-adjusted prevalence,AST02,CDC Chronic Disease Indicators,https://data.cdc.gov/d/hksd-2xuw
USA,SC,South Carolina,Southeast,33.998821303000454,-81.04537121,asthma,Current asthma among adults,2020,2020,9.8,8.6,11.2,% age-adjusted prevalence,Adults aged 18+,BRFSS age-adjusted prevalence,AST02,CDC Chronic Disease Indicators,https://data.cdc.gov/d/hksd-2xuw
USA,SC,South Carolina,Southeast,33.998821303000454,-81.04537121,asthma,Current asthma among adults,2021,2021,9.7,8.8,10.7,% age-adjusted prevalence,Adults aged 18+,BRFSS age-adjusted prevalence,AST02,CDC Chronic Disease Indicators,https://data.cdc.gov/d/hksd-2xuw
USA,SC,South Carolina,Southeast,33.998821303000454,-81.04537121,asthma,Current asthma among adults,2022,2022,8.8,8.0,9.7,% age-adjusted prevalence,Adults aged 18+,BRFSS age-adjusted prevalence,AST02,CDC Chronic Disease Indicators,https://data.cdc.gov/d/hksd-2xuw
USA,SC,South Carolina,Southeast,33.998821303000454,-81.04537121,asthma,Current asthma among adults,2023,2023,8.6,7.7,9.6,% age-adjusted prevalence,Adults aged 18+,BRFSS age-adjusted prevalence,AST02,CDC Chronic Disease Indicators,https://data.cdc.gov/d/hksd-2xuw
USA,SC,South Carolina,Southeast,33.998821303000454,-81.04537121,copd,COPD among adults,2019,2019,7.4,6.7,8.2,% age-adjusted prevalence,Adults aged 18+,BRFSS age-adjusted prevalence,COPD01,CDC Chronic Disease Indicators,https://data.cdc.gov/d/hksd-2xuw
USA,SC,South Carolina,Southeast,33.998821303000454,-81.04537121,copd,COPD among adults,2020,2020,7.2,6.3,8.2,% age-adjusted prevalence,Adults aged 18+,BRFSS age-adjusted prevalence,COPD01,CDC Chronic Disease Indicators,https://data.cdc.gov/d/hksd-2xuw
USA,SC,South Carolina,Southeast,33.998821303000454,-81.04537121,copd,COPD among adults,2021,2021,6.8,6.1,7.5,% age-adjusted prevalence,Adults aged 18+,BRFSS age-adjusted prevalence,COPD01,CDC Chronic Disease Indicators,https://data.cdc.gov/d/hksd-2xuw
USA,SC,South Carolina,Southeast,33.998821303000454,-81.04537121,copd,COPD among adults,2022,2022,6.8,6.2,7.5,% age-adjusted prevalence,Adults aged 18+,BRFSS age-adjusted prevalence,COPD01,CDC Chronic Disease Indicators,https://data.cdc.gov/d/hksd-2xuw
USA,SC,South Carolina,Southeast,33.998821303000454,-81.04537121,copd,COPD among adults,2023,2023,6.7,6.0,7.4,% age-adjusted prevalence,Adults aged 18+,BRFSS age-adjusted prevalence,COPD01,CDC Chronic Disease Indicators,https://data.cdc.gov/d/hksd-2xuw
USA,SC,South Carolina,Southeast,33.998821303000454,-81.04537121,depression,Depression among adults,2019,2019,20.4,19.1,21.9,% age-adjusted prevalence,Adults aged 18+,BRFSS age-adjusted prevalence,MEN02,CDC Chronic Disease Indicators,https://data.cdc.gov/d/hksd-2xuw
USA,SC,South Carolina,Southeast,33.998821303000454,-81.04537121,depression,Depression among adults,2020,2020,21.7,20.0,23.5,% age-adjusted prevalence,Adults aged 18+,BRFSS age-adjusted prevalence,MEN02,CDC Chronic Disease Indicators,https://data.cdc.gov/d/hksd-2xuw
USA,SC,South Carolina,Southeast,33.998821303000454,-81.04537121,depression,Depression among adults,2021,2021,20.4,19.1,21.7,% age-adjusted prevalence,Adults aged 18+,BRFSS age-adjusted prevalence,MEN02,CDC Chronic Disease Indicators,https://data.cdc.gov/d/hksd-2xuw
USA,SC,South Carolina,Southeast,33.998821303000454,-81.04537121,depression,Depression among adults,2022,2022,20.6,19.4,21.9,% age-adjusted prevalence,Adults aged 18+,BRFSS age-adjusted prevalence,MEN02,CDC Chronic Disease Indicators,https://data.cdc.gov/d/hksd-2xuw
USA,SC,South Carolina,Southeast,33.998821303000454,-81.04537121,depression,Depression among adults,2023,2023,22.8,21.5,24.1,% age-adjusted prevalence,Adults aged 18+,BRFSS age-adjusted prevalence,MEN02,CDC Chronic Disease Indicators,https://data.cdc.gov/d/hksd-2xuw
USA,SC,South Carolina,Southeast,33.998821303000454,-81.04537121,diabetes,Diabetes among adults,2019,2019,11.7,10.8,12.6,% age-adjusted prevalence,Adults aged 18+,BRFSS age-adjusted prevalence,DIA01,CDC Chronic Disease Indicators,https://data.cdc.gov/d/hksd-2xuw
USA,SC,South Carolina,Southeast,33.998821303000454,-81.04537121,diabetes,Diabetes among adults,2020,2020,12.1,10.9,13.3,% age-adjusted prevalence,Adults aged 18+,BRFSS age-adjusted prevalence,DIA01,CDC Chronic Disease Indicators,https://data.cdc.gov/d/hksd-2xuw
USA,SC,South Carolina,Southeast,33.998821303000454,-81.04537121,diabetes,Diabetes among adults,2021,2021,12.1,11.3,12.9,% age-adjusted prevalence,Adults aged 18+,BRFSS age-adjusted prevalence,DIA01,CDC Chronic Disease Indicators,https://data.cdc.gov/d/hksd-2xuw
USA,SC,South Carolina,Southeast,33.998821303000454,-81.04537121,diabetes,Diabetes among adults,2022,2022,11.1,10.3,11.9,% age-adjusted prevalence,Adults aged 18+,BRFSS age-adjusted prevalence,DIA01,CDC Chronic Disease Indicators,https://data.cdc.gov/d/hksd-2xuw
USA,SC,South Carolina,Southeast,33.998821303000454,-81.04537121,diabetes,Diabetes among adults,2023,2023,12.7,11.9,13.6,% age-adjusted prevalence,Adults aged 18+,BRFSS age-adjusted prevalence,DIA01,CDC Chronic Disease Indicators,https://data.cdc.gov/d/hksd-2xuw
USA,SC,South Carolina,Southeast,33.998821303000454,-81.04537121,hypertension,High blood pressure among adults,2019,2019,34.6,33.3,36.0,% age-adjusted prevalence,Adults aged 18+,BRFSS age-adjusted prevalence,CVD01,CDC Chronic Disease Indicators,https://data.cdc.gov/d/hksd-2xuw
USA,SC,South Carolina,Southeast,33.998821303000454,-81.04537121,hypertension,High blood pressure among adults,2021,2021,34.1,32.9,35.4,% age-adjusted prevalence,Adults aged 18+,BRFSS age-adjusted prevalence,CVD01,CDC Chronic Disease Indicators,https://data.cdc.gov/d/hksd-2xuw
USA,SC,South Carolina,Southeast,33.998821303000454,-81.04537121,hypertension,High blood pressure among adults,2023,2023,34.1,32.9,35.3,% age-adjusted prevalence,Adults aged 18+,BRFSS age-adjusted prevalence,CVD01,CDC Chronic Disease Indicators,https://data.cdc.gov/d/hksd-2xuw
USA,SC,South Carolina,Southeast,33.998821303000454,-81.04537121,obesity,Obesity among adults,2019,2019,35.5,33.9,37.2,% age-adjusted prevalence,Adults aged 18+,BRFSS age-adjusted prevalence,NPW14,CDC Chronic Disease Indicators,https://data.cdc.gov/d/hksd-2xuw
USA,SC,South Carolina,Southeast,33.998821303000454,-81.04537121,obesity,Obesity among adults,2020,2020,36.7,34.6,38.9,% age-adjusted prevalence,Adults aged 18+,BRFSS age-adjusted prevalence,NPW14,CDC Chronic Disease Indicators,https://data.cdc.gov/d/hksd-2xuw
USA,SC,South Carolina,Southeast,33.998821303000454,-81.04537121,obesity,Obesity among adults,2021,2021,36.4,34.8,38.0,% age-adjusted prevalence,Adults aged 18+,BRFSS age-adjusted prevalence,NPW14,CDC Chronic Disease Indicators,https://data.cdc.gov/d/hksd-2xuw
USA,SC,South Carolina,Southeast,33.998821303000454,-81.04537121,obesity,Obesity among adults,2022,2022,35.5,34.0,37.1,% age-adjusted prevalence,Adults aged 18+,BRFSS age-adjusted prevalence,NPW14,CDC Chronic Disease Indicators,https://data.cdc.gov/d/hksd-2xuw
USA,SC,South Carolina,Southeast,33.998821303000454,-81.04537121,obesity,Obesity among adults,2023,2023,36.2,34.7,37.8,% age-adjusted prevalence,Adults aged 18+,BRFSS age-adjusted prevalence,NPW14,CDC Chronic Disease Indicators,https://data.cdc.gov/d/hksd-2xuw
USA,SD,South Dakota,Plains,44.353130053000484,-100.3735306,asthma,Current asthma among adults,2019,2019,9.2,7.8,10.9,% age-adjusted prevalence,Adults aged 18+,BRFSS age-adjusted prevalence,AST02,CDC Chronic Disease Indicators,https://data.cdc.gov/d/hksd-2xuw
USA,SD,South Dakota,Plains,44.353130053000484,-100.3735306,asthma,Current asthma among adults,2020,2020,8.8,7.4,10.5,% age-adjusted prevalence,Adults aged 18+,BRFSS age-adjusted prevalence,AST02,CDC Chronic Disease Indicators,https://data.cdc.gov/d/hksd-2xuw
USA,SD,South Dakota,Plains,44.353130053000484,-100.3735306,asthma,Current asthma among adults,2021,2021,9.4,7.8,11.2,% age-adjusted prevalence,Adults aged 18+,BRFSS age-adjusted prevalence,AST02,CDC Chronic Disease Indicators,https://data.cdc.gov/d/hksd-2xuw
USA,SD,South Dakota,Plains,44.353130053000484,-100.3735306,asthma,Current asthma among adults,2022,2022,8.5,7.0,10.2,% age-adjusted prevalence,Adults aged 18+,BRFSS age-adjusted prevalence,AST02,CDC Chronic Disease Indicators,https://data.cdc.gov/d/hksd-2xuw
USA,SD,South Dakota,Plains,44.353130053000484,-100.3735306,asthma,Current asthma among adults,2023,2023,9.4,7.8,11.4,% age-adjusted prevalence,Adults aged 18+,BRFSS age-adjusted prevalence,AST02,CDC Chronic Disease Indicators,https://data.cdc.gov/d/hksd-2xuw
USA,SD,South Dakota,Plains,44.353130053000484,-100.3735306,copd,COPD among adults,2019,2019,5.2,4.3,6.4,% age-adjusted prevalence,Adults aged 18+,BRFSS age-adjusted prevalence,COPD01,CDC Chronic Disease Indicators,https://data.cdc.gov/d/hksd-2xuw
USA,SD,South Dakota,Plains,44.353130053000484,-100.3735306,copd,COPD among adults,2020,2020,5.7,4.2,7.7,% age-adjusted prevalence,Adults aged 18+,BRFSS age-adjusted prevalence,COPD01,CDC Chronic Disease Indicators,https://data.cdc.gov/d/hksd-2xuw
USA,SD,South Dakota,Plains,44.353130053000484,-100.3735306,copd,COPD among adults,2021,2021,5.4,4.2,6.9,% age-adjusted prevalence,Adults aged 18+,BRFSS age-adjusted prevalence,COPD01,CDC Chronic Disease Indicators,https://data.cdc.gov/d/hksd-2xuw
USA,SD,South Dakota,Plains,44.353130053000484,-100.3735306,copd,COPD among adults,2022,2022,6.3,4.7,8.5,% age-adjusted prevalence,Adults aged 18+,BRFSS age-adjusted prevalence,COPD01,CDC Chronic Disease Indicators,https://data.cdc.gov/d/hksd-2xuw
USA,SD,South Dakota,Plains,44.353130053000484,-100.3735306,copd,COPD among adults,2023,2023,5.3,4.2,6.6,% age-adjusted prevalence,Adults aged 18+,BRFSS age-adjusted prevalence,COPD01,CDC Chronic Disease Indicators,https://data.cdc.gov/d/hksd-2xuw
USA,SD,South Dakota,Plains,44.353130053000484,-100.3735306,depression,Depression among adults,2019,2019,17.7,15.8,19.9,% age-adjusted prevalence,Adults aged 18+,BRFSS age-adjusted prevalence,MEN02,CDC Chronic Disease Indicators,https://data.cdc.gov/d/hksd-2xuw
USA,SD,South Dakota,Plains,44.353130053000484,-100.3735306,depression,Depression among adults,2020,2020,16.5,14.3,18.9,% age-adjusted prevalence,Adults aged 18+,BRFSS age-adjusted prevalence,MEN02,CDC Chronic Disease Indicators,https://data.cdc.gov/d/hksd-2xuw
USA,SD,South Dakota,Plains,44.353130053000484,-100.3735306,depression,Depression among adults,2021,2021,17.0,15.0,19.3,% age-adjusted prevalence,Adults aged 18+,BRFSS age-adjusted prevalence,MEN02,CDC Chronic Disease Indicators,https://data.cdc.gov/d/hksd-2xuw
USA,SD,South Dakota,Plains,44.353130053000484,-100.3735306,depression,Depression among adults,2022,2022,18.6,15.9,21.8,% age-adjusted prevalence,Adults aged 18+,BRFSS age-adjusted prevalence,MEN02,CDC Chronic Disease Indicators,https://data.cdc.gov/d/hksd-2xuw
USA,SD,South Dakota,Plains,44.353130053000484,-100.3735306,depression,Depression among adults,2023,2023,23.8,21.1,26.8,% age-adjusted prevalence,Adults aged 18+,BRFSS age-adjusted prevalence,MEN02,CDC Chronic Disease Indicators,https://data.cdc.gov/d/hksd-2xuw
USA,SD,South Dakota,Plains,44.353130053000484,-100.3735306,diabetes,Diabetes among adults,2019,2019,9.3,8.1,10.8,% age-adjusted prevalence,Adults aged 18+,BRFSS age-adjusted prevalence,DIA01,CDC Chronic Disease Indicators,https://data.cdc.gov/d/hksd-2xuw
USA,SD,South Dakota,Plains,44.353130053000484,-100.3735306,diabetes,Diabetes among adults,2020,2020,7.0,6.0,8.1,% age-adjusted prevalence,Adults aged 18+,BRFSS age-adjusted prevalence,DIA01,CDC Chronic Disease Indicators,https://data.cdc.gov/d/hksd-2xuw
USA,SD,South Dakota,Plains,44.353130053000484,-100.3735306,diabetes,Diabetes among adults,2021,2021,9.6,8.3,11.2,% age-adjusted prevalence,Adults aged 18+,BRFSS age-adjusted prevalence,DIA01,CDC Chronic Disease Indicators,https://data.cdc.gov/d/hksd-2xuw
USA,SD,South Dakota,Plains,44.353130053000484,-100.3735306,diabetes,Diabetes among adults,2022,2022,8.1,6.8,9.6,% age-adjusted prevalence,Adults aged 18+,BRFSS age-adjusted prevalence,DIA01,CDC Chronic Disease Indicators,https://data.cdc.gov/d/hksd-2xuw
USA,SD,South Dakota,Plains,44.353130053000484,-100.3735306,diabetes,Diabetes among adults,2023,2023,10.7,8.9,12.8,% age-adjusted prevalence,Adults aged 18+,BRFSS age-adjusted prevalence,DIA01,CDC Chronic Disease Indicators,https://data.cdc.gov/d/hksd-2xuw
USA,SD,South Dakota,Plains,44.353130053000484,-100.3735306,hypertension,High blood pressure among adults,2019,2019,28.2,26.3,30.2,% age-adjusted prevalence,Adults aged 18+,BRFSS age-adjusted prevalence,CVD01,CDC Chronic Disease Indicators,https://data.cdc.gov/d/hksd-2xuw
USA,SD,South Dakota,Plains,44.353130053000484,-100.3735306,hypertension,High blood pressure among adults,2021,2021,30.7,28.3,33.3,% age-adjusted prevalence,Adults aged 18+,BRFSS age-adjusted prevalence,CVD01,CDC Chronic Disease Indicators,https://data.cdc.gov/d/hksd-2xuw
USA,SD,South Dakota,Plains,44.353130053000484,-100.3735306,hypertension,High blood pressure among adults,2023,2023,31.7,29.0,34.5,% age-adjusted prevalence,Adults aged 18+,BRFSS age-adjusted prevalence,CVD01,CDC Chronic Disease Indicators,https://data.cdc.gov/d/hksd-2xuw
USA,SD,South Dakota,Plains,44.353130053000484,-100.3735306,obesity,Obesity among adults,2019,2019,33.1,30.6,35.8,% age-adjusted prevalence,Adults aged 18+,BRFSS age-adjusted prevalence,NPW14,CDC Chronic Disease Indicators,https://data.cdc.gov/d/hksd-2xuw
USA,SD,South Dakota,Plains,44.353130053000484,-100.3735306,obesity,Obesity among adults,2020,2020,33.4,30.7,36.1,% age-adjusted prevalence,Adults aged 18+,BRFSS age-adjusted prevalence,NPW14,CDC Chronic Disease Indicators,https://data.cdc.gov/d/hksd-2xuw
USA,SD,South Dakota,Plains,44.353130053000484,-100.3735306,obesity,Obesity among adults,2021,2021,38.9,35.9,42.0,% age-adjusted prevalence,Adults aged 18+,BRFSS age-adjusted prevalence,NPW14,CDC Chronic Disease Indicators,https://data.cdc.gov/d/hksd-2xuw
USA,SD,South Dakota,Plains,44.353130053000484,-100.3735306,obesity,Obesity among adults,2022,2022,37.2,33.8,40.8,% age-adjusted prevalence,Adults aged 18+,BRFSS age-adjusted prevalence,NPW14,CDC Chronic Disease Indicators,https://data.cdc.gov/d/hksd-2xuw
USA,SD,South Dakota,Plains,44.353130053000484,-100.3735306,obesity,Obesity among adults,2023,2023,36.6,33.4,40.0,% age-adjusted prevalence,Adults aged 18+,BRFSS age-adjusted prevalence,NPW14,CDC Chronic Disease Indicators,https://data.cdc.gov/d/hksd-2xuw
USA,TN,Tennessee,Southeast,35.68094058000048,-85.77449091,asthma,Current asthma among adults,2019,2019,9.8,8.8,11.0,% age-adjusted prevalence,Adults aged 18+,BRFSS age-adjusted prevalence,AST02,CDC Chronic Disease Indicators,https://data.cdc.gov/d/hksd-2xuw
USA,TN,Tennessee,Southeast,35.68094058000048,-85.77449091,asthma,Current asthma among adults,2020,2020,11.0,9.8,12.4,% age-adjusted prevalence,Adults aged 18+,BRFSS age-adjusted prevalence,AST02,CDC Chronic Disease Indicators,https://data.cdc.gov/d/hksd-2xuw
USA,TN,Tennessee,Southeast,35.68094058000048,-85.77449091,asthma,Current asthma among adults,2021,2021,11.7,10.5,13.0,% age-adjusted prevalence,Adults aged 18+,BRFSS age-adjusted prevalence,AST02,CDC Chronic Disease Indicators,https://data.cdc.gov/d/hksd-2xuw
USA,TN,Tennessee,Southeast,35.68094058000048,-85.77449091,asthma,Current asthma among adults,2022,2022,11.7,10.5,13.0,% age-adjusted prevalence,Adults aged 18+,BRFSS age-adjusted prevalence,AST02,CDC Chronic Disease Indicators,https://data.cdc.gov/d/hksd-2xuw
USA,TN,Tennessee,Southeast,35.68094058000048,-85.77449091,asthma,Current asthma among adults,2023,2023,11.1,10.0,12.4,% age-adjusted prevalence,Adults aged 18+,BRFSS age-adjusted prevalence,AST02,CDC Chronic Disease Indicators,https://data.cdc.gov/d/hksd-2xuw
USA,TN,Tennessee,Southeast,35.68094058000048,-85.77449091,copd,COPD among adults,2019,2019,8.9,8.0,9.8,% age-adjusted prevalence,Adults aged 18+,BRFSS age-adjusted prevalence,COPD01,CDC Chronic Disease Indicators,https://data.cdc.gov/d/hksd-2xuw
USA,TN,Tennessee,Southeast,35.68094058000048,-85.77449091,copd,COPD among adults,2020,2020,8.6,7.6,9.7,% age-adjusted prevalence,Adults aged 18+,BRFSS age-adjusted prevalence,COPD01,CDC Chronic Disease Indicators,https://data.cdc.gov/d/hksd-2xuw
USA,TN,Tennessee,Southeast,35.68094058000048,-85.77449091,copd,COPD among adults,2021,2021,9.3,8.4,10.4,% age-adjusted prevalence,Adults aged 18+,BRFSS age-adjusted prevalence,COPD01,CDC Chronic Disease Indicators,https://data.cdc.gov/d/hksd-2xuw
USA,TN,Tennessee,Southeast,35.68094058000048,-85.77449091,copd,COPD among adults,2022,2022,10.6,9.6,11.7,% age-adjusted prevalence,Adults aged 18+,BRFSS age-adjusted prevalence,COPD01,CDC Chronic Disease Indicators,https://data.cdc.gov/d/hksd-2xuw
USA,TN,Tennessee,Southeast,35.68094058000048,-85.77449091,copd,COPD among adults,2023,2023,9.3,8.3,10.4,% age-adjusted prevalence,Adults aged 18+,BRFSS age-adjusted prevalence,COPD01,CDC Chronic Disease Indicators,https://data.cdc.gov/d/hksd-2xuw
USA,TN,Tennessee,Southeast,35.68094058000048,-85.77449091,depression,Depression among adults,2019,2019,25.4,23.8,27.0,% age-adjusted prevalence,Adults aged 18+,BRFSS age-adjusted prevalence,MEN02,CDC Chronic Disease Indicators,https://data.cdc.gov/d/hksd-2xuw
USA,TN,Tennessee,Southeast,35.68094058000048,-85.77449091,depression,Depression among adults,2020,2020,24.4,22.6,26.2,% age-adjusted prevalence,Adults aged 18+,BRFSS age-adjusted prevalence,MEN02,CDC Chronic Disease Indicators,https://data.cdc.gov/d/hksd-2xuw
USA,TN,Tennessee,Southeast,35.68094058000048,-85.77449091,depression,Depression among adults,2021,2021,25.9,24.3,27.7,% age-adjusted prevalence,Adults aged 18+,BRFSS age-adjusted prevalence,MEN02,CDC Chronic Disease Indicators,https://data.cdc.gov/d/hksd-2xuw
USA,TN,Tennessee,Southeast,35.68094058000048,-85.77449091,depression,Depression among adults,2022,2022,30.2,28.4,32.0,% age-adjusted prevalence,Adults aged 18+,BRFSS age-adjusted prevalence,MEN02,CDC Chronic Disease Indicators,https://data.cdc.gov/d/hksd-2xuw
USA,TN,Tennessee,Southeast,35.68094058000048,-85.77449091,depression,Depression among adults,2023,2023,28.0,26.4,29.8,% age-adjusted prevalence,Adults aged 18+,BRFSS age-adjusted prevalence,MEN02,CDC Chronic Disease Indicators,https://data.cdc.gov/d/hksd-2xuw
USA,TN,Tennessee,Southeast,35.68094058000048,-85.77449091,diabetes,Diabetes among adults,2019,2019,12.2,11.3,13.2,% age-adjusted prevalence,Adults aged 18+,BRFSS age-adjusted prevalence,DIA01,CDC Chronic Disease Indicators,https://data.cdc.gov/d/hksd-2xuw
USA,TN,Tennessee,Southeast,35.68094058000048,-85.77449091,diabetes,Diabetes among adults,2020,2020,12.8,11.6,14.1,% age-adjusted prevalence,Adults aged 18+,BRFSS age-adjusted prevalence,DIA01,CDC Chronic Disease Indicators,https://data.cdc.gov/d/hksd-2xuw
USA,TN,Tennessee,Southeast,35.68094058000048,-85.77449091,diabetes,Diabetes among adults,2021,2021,12.3,11.3,13.4,% age-adjusted prevalence,Adults aged 18+,BRFSS age-adjusted prevalence,DIA01,CDC Chronic Disease Indicators,https://data.cdc.gov/d/hksd-2xuw
USA,TN,Tennessee,Southeast,35.68094058000048,-85.77449091,diabetes,Diabetes among adults,2022,2022,13.1,12.1,14.2,% age-adjusted prevalence,Adults aged 18+,BRFSS age-adjusted prevalence,DIA01,CDC Chronic Disease Indicators,https://data.cdc.gov/d/hksd-2xuw
USA,TN,Tennessee,Southeast,35.68094058000048,-85.77449091,diabetes,Diabetes among adults,2023,2023,12.7,11.7,13.8,% age-adjusted prevalence,Adults aged 18+,BRFSS age-adjusted prevalence,DIA01,CDC Chronic Disease Indicators,https://data.cdc.gov/d/hksd-2xuw
USA,TN,Tennessee,Southeast,35.68094058000048,-85.77449091,hypertension,High blood pressure among adults,2019,2019,36.4,34.9,37.9,% age-adjusted prevalence,Adults aged 18+,BRFSS age-adjusted prevalence,CVD01,CDC Chronic Disease Indicators,https://data.cdc.gov/d/hksd-2xuw
USA,TN,Tennessee,Southeast,35.68094058000048,-85.77449091,hypertension,High blood pressure among adults,2021,2021,34.7,33.1,36.3,% age-adjusted prevalence,Adults aged 18+,BRFSS age-adjusted prevalence,CVD01,CDC Chronic Disease Indicators,https://data.cdc.gov/d/hksd-2xuw
USA,TN,Tennessee,Southeast,35.68094058000048,-85.77449091,hypertension,High blood pressure among adults,2023,2023,37.2,35.6,38.8,% age-adjusted prevalence,Adults aged 18+,BRFSS age-adjusted prevalence,CVD01,CDC Chronic Disease Indicators,https://data.cdc.gov/d/hksd-2xuw
USA,TN,Tennessee,Southeast,35.68094058000048,-85.77449091,obesity,Obesity among adults,2019,2019,36.6,34.8,38.5,% age-adjusted prevalence,Adults aged 18+,BRFSS age-adjusted prevalence,NPW14,CDC Chronic Disease Indicators,https://data.cdc.gov/d/hksd-2xuw
USA,TN,Tennessee,Southeast,35.68094058000048,-85.77449091,obesity,Obesity among adults,2020,2020,35.8,33.7,37.9,% age-adjusted prevalence,Adults aged 18+,BRFSS age-adjusted prevalence,NPW14,CDC Chronic Disease Indicators,https://data.cdc.gov/d/hksd-2xuw
USA,TN,Tennessee,Southeast,35.68094058000048,-85.77449091,obesity,Obesity among adults,2021,2021,35.5,33.6,37.4,% age-adjusted prevalence,Adults aged 18+,BRFSS age-adjusted prevalence,NPW14,CDC Chronic Disease Indicators,https://data.cdc.gov/d/hksd-2xuw
USA,TN,Tennessee,Southeast,35.68094058000048,-85.77449091,obesity,Obesity among adults,2022,2022,39.1,37.2,41.1,% age-adjusted prevalence,Adults aged 18+,BRFSS age-adjusted prevalence,NPW14,CDC Chronic Disease Indicators,https://data.cdc.gov/d/hksd-2xuw
USA,TN,Tennessee,Southeast,35.68094058000048,-85.77449091,obesity,Obesity among adults,2023,2023,38.0,36.2,39.9,% age-adjusted prevalence,Adults aged 18+,BRFSS age-adjusted prevalence,NPW14,CDC Chronic Disease Indicators,https://data.cdc.gov/d/hksd-2xuw
USA,TX,Texas,Southwest,31.827240407000488,-99.42677021,asthma,Current asthma among adults,2019,2019,7.6,6.7,8.5,% age-adjusted prevalence,Adults aged 18+,BRFSS age-adjusted prevalence,AST02,CDC Chronic Disease Indicators,https://data.cdc.gov/d/hksd-2xuw
USA,TX,Texas,Southwest,31.827240407000488,-99.42677021,asthma,Current asthma among adults,2020,2020,8.5,7.6,9.5,% age-adjusted prevalence,Adults aged 18+,BRFSS age-adjusted prevalence,AST02,CDC Chronic Disease Indicators,https://data.cdc.gov/d/hksd-2xuw
USA,TX,Texas,Southwest,31.827240407000488,-99.42677021,asthma,Current asthma among adults,2021,2021,9.0,8.1,10.0,% age-adjusted prevalence,Adults aged 18+,BRFSS age-adjusted prevalence,AST02,CDC Chronic Disease Indicators,https://data.cdc.gov/d/hksd-2xuw
USA,TX,Texas,Southwest,31.827240407000488,-99.42677021,asthma,Current asthma among adults,2022,2022,7.9,7.2,8.6,% age-adjusted prevalence,Adults aged 18+,BRFSS age-adjusted prevalence,AST02,CDC Chronic Disease Indicators,https://data.cdc.gov/d/hksd-2xuw
USA,TX,Texas,Southwest,31.827240407000488,-99.42677021,asthma,Current asthma among adults,2023,2023,8.3,7.4,9.3,% age-adjusted prevalence,Adults aged 18+,BRFSS age-adjusted prevalence,AST02,CDC Chronic Disease Indicators,https://data.cdc.gov/d/hksd-2xuw
USA,TX,Texas,Southwest,31.827240407000488,-99.42677021,copd,COPD among adults,2019,2019,5.1,4.5,5.7,% age-adjusted prevalence,Adults aged 18+,BRFSS age-adjusted prevalence,COPD01,CDC Chronic Disease Indicators,https://data.cdc.gov/d/hksd-2xuw
USA,TX,Texas,Southwest,31.827240407000488,-99.42677021,copd,COPD among adults,2020,2020,4.9,4.3,5.7,% age-adjusted prevalence,Adults aged 18+,BRFSS age-adjusted prevalence,COPD01,CDC Chronic Disease Indicators,https://data.cdc.gov/d/hksd-2xuw
USA,TX,Texas,Southwest,31.827240407000488,-99.42677021,copd,COPD among adults,2021,2021,5.8,5.2,6.6,% age-adjusted prevalence,Adults aged 18+,BRFSS age-adjusted prevalence,COPD01,CDC Chronic Disease Indicators,https://data.cdc.gov/d/hksd-2xuw
USA,TX,Texas,Southwest,31.827240407000488,-99.42677021,copd,COPD among adults,2022,2022,5.6,5.0,6.2,% age-adjusted prevalence,Adults aged 18+,BRFSS age-adjusted prevalence,COPD01,CDC Chronic Disease Indicators,https://data.cdc.gov/d/hksd-2xuw
USA,TX,Texas,Southwest,31.827240407000488,-99.42677021,copd,COPD among adults,2023,2023,4.8,4.2,5.5,% age-adjusted prevalence,Adults aged 18+,BRFSS age-adjusted prevalence,COPD01,CDC Chronic Disease Indicators,https://data.cdc.gov/d/hksd-2xuw
USA,TX,Texas,Southwest,31.827240407000488,-99.42677021,depression,Depression among adults,2019,2019,17.2,16.0,18.5,% age-adjusted prevalence,Adults aged 18+,BRFSS age-adjusted prevalence,MEN02,CDC Chronic Disease Indicators,https://data.cdc.gov/d/hksd-2xuw
USA,TX,Texas,Southwest,31.827240407000488,-99.42677021,depression,Depression among adults,2020,2020,17.6,16.3,19.0,% age-adjusted prevalence,Adults aged 18+,BRFSS age-adjusted prevalence,MEN02,CDC Chronic Disease Indicators,https://data.cdc.gov/d/hksd-2xuw
USA,TX,Texas,Southwest,31.827240407000488,-99.42677021,depression,Depression among adults,2021,2021,18.6,17.3,19.9,% age-adjusted prevalence,Adults aged 18+,BRFSS age-adjusted prevalence,MEN02,CDC Chronic Disease Indicators,https://data.cdc.gov/d/hksd-2xuw
USA,TX,Texas,Southwest,31.827240407000488,-99.42677021,depression,Depression among adults,2022,2022,19.4,18.3,20.6,% age-adjusted prevalence,Adults aged 18+,BRFSS age-adjusted prevalence,MEN02,CDC Chronic Disease Indicators,https://data.cdc.gov/d/hksd-2xuw
USA,TX,Texas,Southwest,31.827240407000488,-99.42677021,depression,Depression among adults,2023,2023,19.9,18.5,21.4,% age-adjusted prevalence,Adults aged 18+,BRFSS age-adjusted prevalence,MEN02,CDC Chronic Disease Indicators,https://data.cdc.gov/d/hksd-2xuw
USA,TX,Texas,Southwest,31.827240407000488,-99.42677021,diabetes,Diabetes among adults,2019,2019,11.9,10.9,13.0,% age-adjusted prevalence,Adults aged 18+,BRFSS age-adjusted prevalence,DIA01,CDC Chronic Disease Indicators,https://data.cdc.gov/d/hksd-2xuw
USA,TX,Texas,Southwest,31.827240407000488,-99.42677021,diabetes,Diabetes among adults,2020,2020,12.2,11.1,13.3,% age-adjusted prevalence,Adults aged 18+,BRFSS age-adjusted prevalence,DIA01,CDC Chronic Disease Indicators,https://data.cdc.gov/d/hksd-2xuw
USA,TX,Texas,Southwest,31.827240407000488,-99.42677021,diabetes,Diabetes among adults,2021,2021,11.2,10.2,12.2,% age-adjusted prevalence,Adults aged 18+,BRFSS age-adjusted prevalence,DIA01,CDC Chronic Disease Indicators,https://data.cdc.gov/d/hksd-2xuw
USA,TX,Texas,Southwest,31.827240407000488,-99.42677021,diabetes,Diabetes among adults,2022,2022,13.4,12.4,14.6,% age-adjusted prevalence,Adults aged 18+,BRFSS age-adjusted prevalence,DIA01,CDC Chronic Disease Indicators,https://data.cdc.gov/d/hksd-2xuw
USA,TX,Texas,Southwest,31.827240407000488,-99.42677021,diabetes,Diabetes among adults,2023,2023,12.1,11.0,13.3,% age-adjusted prevalence,Adults aged 18+,BRFSS age-adjusted prevalence,DIA01,CDC Chronic Disease Indicators,https://data.cdc.gov/d/hksd-2xuw
USA,TX,Texas,Southwest,31.827240407000488,-99.42677021,hypertension,High blood pressure among adults,2019,2019,31.2,29.8,32.5,% age-adjusted prevalence,Adults aged 18+,BRFSS age-adjusted prevalence,CVD01,CDC Chronic Disease Indicators,https://data.cdc.gov/d/hksd-2xuw
USA,TX,Texas,Southwest,31.827240407000488,-99.42677021,hypertension,High blood pressure among adults,2021,2021,31.5,30.1,33.0,% age-adjusted prevalence,Adults aged 18+,BRFSS age-adjusted prevalence,CVD01,CDC Chronic Disease Indicators,https://data.cdc.gov/d/hksd-2xuw
USA,TX,Texas,Southwest,31.827240407000488,-99.42677021,hypertension,High blood pressure among adults,2023,2023,31.0,29.5,32.5,% age-adjusted prevalence,Adults aged 18+,BRFSS age-adjusted prevalence,CVD01,CDC Chronic Disease Indicators,https://data.cdc.gov/d/hksd-2xuw
USA,TX,Texas,Southwest,31.827240407000488,-99.42677021,obesity,Obesity among adults,2019,2019,34.1,32.4,35.9,% age-adjusted prevalence,Adults aged 18+,BRFSS age-adjusted prevalence,NPW14,CDC Chronic Disease Indicators,https://data.cdc.gov/d/hksd-2xuw
USA,TX,Texas,Southwest,31.827240407000488,-99.42677021,obesity,Obesity among adults,2020,2020,35.8,33.9,37.7,% age-adjusted prevalence,Adults aged 18+,BRFSS age-adjusted prevalence,NPW14,CDC Chronic Disease Indicators,https://data.cdc.gov/d/hksd-2xuw
USA,TX,Texas,Southwest,31.827240407000488,-99.42677021,obesity,Obesity among adults,2021,2021,36.2,34.5,38.0,% age-adjusted prevalence,Adults aged 18+,BRFSS age-adjusted prevalence,NPW14,CDC Chronic Disease Indicators,https://data.cdc.gov/d/hksd-2xuw
USA,TX,Texas,Southwest,31.827240407000488,-99.42677021,obesity,Obesity among adults,2022,2022,35.7,34.1,37.2,% age-adjusted prevalence,Adults aged 18+,BRFSS age-adjusted prevalence,NPW14,CDC Chronic Disease Indicators,https://data.cdc.gov/d/hksd-2xuw
USA,TX,Texas,Southwest,31.827240407000488,-99.42677021,obesity,Obesity among adults,2023,2023,34.6,32.9,36.4,% age-adjusted prevalence,Adults aged 18+,BRFSS age-adjusted prevalence,NPW14,CDC Chronic Disease Indicators,https://data.cdc.gov/d/hksd-2xuw
USA,UT,Utah,Rocky Mountain,39.360700171000474,-111.5871306,asthma,Current asthma among adults,2019,2019,10.9,10.2,11.6,% age-adjusted prevalence,Adults aged 18+,BRFSS age-adjusted prevalence,AST02,CDC Chronic Disease Indicators,https://data.cdc.gov/d/hksd-2xuw
USA,UT,Utah,Rocky Mountain,39.360700171000474,-111.5871306,asthma,Current asthma among adults,2020,2020,11.8,11.0,12.6,% age-adjusted prevalence,Adults aged 18+,BRFSS age-adjusted prevalence,AST02,CDC Chronic Disease Indicators,https://data.cdc.gov/d/hksd-2xuw
USA,UT,Utah,Rocky Mountain,39.360700171000474,-111.5871306,asthma,Current asthma among adults,2021,2021,10.8,10.0,11.5,% age-adjusted prevalence,Adults aged 18+,BRFSS age-adjusted prevalence,AST02,CDC Chronic Disease Indicators,https://data.cdc.gov/d/hksd-2xuw
USA,UT,Utah,Rocky Mountain,39.360700171000474,-111.5871306,asthma,Current asthma among adults,2022,2022,10.9,10.1,11.7,% age-adjusted prevalence,Adults aged 18+,BRFSS age-adjusted prevalence,AST02,CDC Chronic Disease Indicators,https://data.cdc.gov/d/hksd-2xuw
USA,UT,Utah,Rocky Mountain,39.360700171000474,-111.5871306,asthma,Current asthma among adults,2023,2023,10.9,10.2,11.8,% age-adjusted prevalence,Adults aged 18+,BRFSS age-adjusted prevalence,AST02,CDC Chronic Disease Indicators,https://data.cdc.gov/d/hksd-2xuw
USA,UT,Utah,Rocky Mountain,39.360700171000474,-111.5871306,copd,COPD among adults,2019,2019,4.3,3.8,4.7,% age-adjusted prevalence,Adults aged 18+,BRFSS age-adjusted prevalence,COPD01,CDC Chronic Disease Indicators,https://data.cdc.gov/d/hksd-2xuw
USA,UT,Utah,Rocky Mountain,39.360700171000474,-111.5871306,copd,COPD among adults,2020,2020,4.3,3.8,4.7,% age-adjusted prevalence,Adults aged 18+,BRFSS age-adjusted prevalence,COPD01,CDC Chronic Disease Indicators,https://data.cdc.gov/d/hksd-2xuw
USA,UT,Utah,Rocky Mountain,39.360700171000474,-111.5871306,copd,COPD among adults,2021,2021,4.4,3.9,4.9,% age-adjusted prevalence,Adults aged 18+,BRFSS age-adjusted prevalence,COPD01,CDC Chronic Disease Indicators,https://data.cdc.gov/d/hksd-2xuw
USA,UT,Utah,Rocky Mountain,39.360700171000474,-111.5871306,copd,COPD among adults,2022,2022,4.4,3.9,5.0,% age-adjusted prevalence,Adults aged 18+,BRFSS age-adjusted prevalence,COPD01,CDC Chronic Disease Indicators,https://data.cdc.gov/d/hksd-2xuw
USA,UT,Utah,Rocky Mountain,39.360700171000474,-111.5871306,copd,COPD among adults,2023,2023,3.8,3.3,4.2,% age-adjusted prevalence,Adults aged 18+,BRFSS age-adjusted prevalence,COPD01,CDC Chronic Disease Indicators,https://data.cdc.gov/d/hksd-2xuw
USA,UT,Utah,Rocky Mountain,39.360700171000474,-111.5871306,depression,Depression among adults,2019,2019,22.8,21.8,23.7,% age-adjusted prevalence,Adults aged 18+,BRFSS age-adjusted prevalence,MEN02,CDC Chronic Disease Indicators,https://data.cdc.gov/d/hksd-2xuw
USA,UT,Utah,Rocky Mountain,39.360700171000474,-111.5871306,depression,Depression among adults,2020,2020,22.9,21.9,23.9,% age-adjusted prevalence,Adults aged 18+,BRFSS age-adjusted prevalence,MEN02,CDC Chronic Disease Indicators,https://data.cdc.gov/d/hksd-2xuw
USA,UT,Utah,Rocky Mountain,39.360700171000474,-111.5871306,depression,Depression among adults,2021,2021,24.0,23.0,25.0,% age-adjusted prevalence,Adults aged 18+,BRFSS age-adjusted prevalence,MEN02,CDC Chronic Disease Indicators,https://data.cdc.gov/d/hksd-2xuw
USA,UT,Utah,Rocky Mountain,39.360700171000474,-111.5871306,depression,Depression among adults,2022,2022,26.1,25.0,27.2,% age-adjusted prevalence,Adults aged 18+,BRFSS age-adjusted prevalence,MEN02,CDC Chronic Disease Indicators,https://data.cdc.gov/d/hksd-2xuw
USA,UT,Utah,Rocky Mountain,39.360700171000474,-111.5871306,depression,Depression among adults,2023,2023,25.6,24.6,26.7,% age-adjusted prevalence,Adults aged 18+,BRFSS age-adjusted prevalence,MEN02,CDC Chronic Disease Indicators,https://data.cdc.gov/d/hksd-2xuw
USA,UT,Utah,Rocky Mountain,39.360700171000474,-111.5871306,diabetes,Diabetes among adults,2019,2019,8.4,7.8,9.0,% age-adjusted prevalence,Adults aged 18+,BRFSS age-adjusted prevalence,DIA01,CDC Chronic Disease Indicators,https://data.cdc.gov/d/hksd-2xuw
USA,UT,Utah,Rocky Mountain,39.360700171000474,-111.5871306,diabetes,Diabetes among adults,2020,2020,8.6,8.0,9.2,% age-adjusted prevalence,Adults aged 18+,BRFSS age-adjusted prevalence,DIA01,CDC Chronic Disease Indicators,https://data.cdc.gov/d/hksd-2xuw
USA,UT,Utah,Rocky Mountain,39.360700171000474,-111.5871306,diabetes,Diabetes among adults,2021,2021,8.3,7.7,8.9,% age-adjusted prevalence,Adults aged 18+,BRFSS age-adjusted prevalence,DIA01,CDC Chronic Disease Indicators,https://data.cdc.gov/d/hksd-2xuw
USA,UT,Utah,Rocky Mountain,39.360700171000474,-111.5871306,diabetes,Diabetes among adults,2022,2022,9.1,8.4,9.7,% age-adjusted prevalence,Adults aged 18+,BRFSS age-adjusted prevalence,DIA01,CDC Chronic Disease Indicators,https://data.cdc.gov/d/hksd-2xuw
USA,UT,Utah,Rocky Mountain,39.360700171000474,-111.5871306,diabetes,Diabetes among adults,2023,2023,8.1,7.5,8.7,% age-adjusted prevalence,Adults aged 18+,BRFSS age-adjusted prevalence,DIA01,CDC Chronic Disease Indicators,https://data.cdc.gov/d/hksd-2xuw
USA,UT,Utah,Rocky Mountain,39.360700171000474,-111.5871306,hypertension,High blood pressure among adults,2019,2019,26.9,26.0,27.8,% age-adjusted prevalence,Adults aged 18+,BRFSS age-adjusted prevalence,CVD01,CDC Chronic Disease Indicators,https://data.cdc.gov/d/hksd-2xuw
USA,UT,Utah,Rocky Mountain,39.360700171000474,-111.5871306,hypertension,High blood pressure among adults,2021,2021,27.6,26.6,28.5,% age-adjusted prevalence,Adults aged 18+,BRFSS age-adjusted prevalence,CVD01,CDC Chronic Disease Indicators,https://data.cdc.gov/d/hksd-2xuw
USA,UT,Utah,Rocky Mountain,39.360700171000474,-111.5871306,hypertension,High blood pressure among adults,2023,2023,28.0,27.0,29.1,% age-adjusted prevalence,Adults aged 18+,BRFSS age-adjusted prevalence,CVD01,CDC Chronic Disease Indicators,https://data.cdc.gov/d/hksd-2xuw
USA,UT,Utah,Rocky Mountain,39.360700171000474,-111.5871306,obesity,Obesity among adults,2019,2019,29.9,28.8,31.0,% age-adjusted prevalence,Adults aged 18+,BRFSS age-adjusted prevalence,NPW14,CDC Chronic Disease Indicators,https://data.cdc.gov/d/hksd-2xuw
USA,UT,Utah,Rocky Mountain,39.360700171000474,-111.5871306,obesity,Obesity among adults,2020,2020,29.3,28.2,30.4,% age-adjusted prevalence,Adults aged 18+,BRFSS age-adjusted prevalence,NPW14,CDC Chronic Disease Indicators,https://data.cdc.gov/d/hksd-2xuw
USA,UT,Utah,Rocky Mountain,39.360700171000474,-111.5871306,obesity,Obesity among adults,2021,2021,31.6,30.5,32.8,% age-adjusted prevalence,Adults aged 18+,BRFSS age-adjusted prevalence,NPW14,CDC Chronic Disease Indicators,https://data.cdc.gov/d/hksd-2xuw
USA,UT,Utah,Rocky Mountain,39.360700171000474,-111.5871306,obesity,Obesity among adults,2022,2022,31.8,30.6,33.1,% age-adjusted prevalence,Adults aged 18+,BRFSS age-adjusted prevalence,NPW14,CDC Chronic Disease Indicators,https://data.cdc.gov/d/hksd-2xuw
USA,UT,Utah,Rocky Mountain,39.360700171000474,-111.5871306,obesity,Obesity among adults,2023,2023,30.9,29.8,32.2,% age-adjusted prevalence,Adults aged 18+,BRFSS age-adjusted prevalence,NPW14,CDC Chronic Disease Indicators,https://data.cdc.gov/d/hksd-2xuw
USA,VA,Virginia,Southeast,37.54268067400045,-78.45789046,asthma,Current asthma among adults,2019,2019,9.4,8.7,10.3,% age-adjusted prevalence,Adults aged 18+,BRFSS age-adjusted prevalence,AST02,CDC Chronic Disease Indicators,https://data.cdc.gov/d/hksd-2xuw
USA,VA,Virginia,Southeast,37.54268067400045,-78.45789046,asthma,Current asthma among adults,2020,2020,9.5,8.7,10.3,% age-adjusted prevalence,Adults aged 18+,BRFSS age-adjusted prevalence,AST02,CDC Chronic Disease Indicators,https://data.cdc.gov/d/hksd-2xuw
USA,VA,Virginia,Southeast,37.54268067400045,-78.45789046,asthma,Current asthma among adults,2021,2021,10.7,9.9,11.6,% age-adjusted prevalence,Adults aged 18+,BRFSS age-adjusted prevalence,AST02,CDC Chronic Disease Indicators,https://data.cdc.gov/d/hksd-2xuw
USA,VA,Virginia,Southeast,37.54268067400045,-78.45789046,asthma,Current asthma among adults,2022,2022,9.9,9.0,10.9,% age-adjusted prevalence,Adults aged 18+,BRFSS age-adjusted prevalence,AST02,CDC Chronic Disease Indicators,https://data.cdc.gov/d/hksd-2xuw
USA,VA,Virginia,Southeast,37.54268067400045,-78.45789046,asthma,Current asthma among adults,2023,2023,10.1,9.0,11.2,% age-adjusted prevalence,Adults aged 18+,BRFSS age-adjusted prevalence,AST02,CDC Chronic Disease Indicators,https://data.cdc.gov/d/hksd-2xuw
USA,VA,Virginia,Southeast,37.54268067400045,-78.45789046,copd,COPD among adults,2019,2019,6.1,5.5,6.7,% age-adjusted prevalence,Adults aged 18+,BRFSS age-adjusted prevalence,COPD01,CDC Chronic Disease Indicators,https://data.cdc.gov/d/hksd-2xuw
USA,VA,Virginia,Southeast,37.54268067400045,-78.45789046,copd,COPD among adults,2020,2020,5.3,4.8,5.9,% age-adjusted prevalence,Adults aged 18+,BRFSS age-adjusted prevalence,COPD01,CDC Chronic Disease Indicators,https://data.cdc.gov/d/hksd-2xuw
USA,VA,Virginia,Southeast,37.54268067400045,-78.45789046,copd,COPD among adults,2021,2021,6.0,5.4,6.6,% age-adjusted prevalence,Adults aged 18+,BRFSS age-adjusted prevalence,COPD01,CDC Chronic Disease Indicators,https://data.cdc.gov/d/hksd-2xuw
USA,VA,Virginia,Southeast,37.54268067400045,-78.45789046,copd,COPD among adults,2022,2022,6.5,5.9,7.2,% age-adjusted prevalence,Adults aged 18+,BRFSS age-adjusted prevalence,COPD01,CDC Chronic Disease Indicators,https://data.cdc.gov/d/hksd-2xuw
USA,VA,Virginia,Southeast,37.54268067400045,-78.45789046,copd,COPD among adults,2023,2023,6.3,5.5,7.2,% age-adjusted prevalence,Adults aged 18+,BRFSS age-adjusted prevalence,COPD01,CDC Chronic Disease Indicators,https://data.cdc.gov/d/hksd-2xuw
USA,VA,Virginia,Southeast,37.54268067400045,-78.45789046,depression,Depression among adults,2019,2019,17.3,16.2,18.4,% age-adjusted prevalence,Adults aged 18+,BRFSS age-adjusted prevalence,MEN02,CDC Chronic Disease Indicators,https://data.cdc.gov/d/hksd-2xuw
USA,VA,Virginia,Southeast,37.54268067400045,-78.45789046,depression,Depression among adults,2020,2020,17.4,16.4,18.6,% age-adjusted prevalence,Adults aged 18+,BRFSS age-adjusted prevalence,MEN02,CDC Chronic Disease Indicators,https://data.cdc.gov/d/hksd-2xuw
USA,VA,Virginia,Southeast,37.54268067400045,-78.45789046,depression,Depression among adults,2021,2021,20.1,19.0,21.3,% age-adjusted prevalence,Adults aged 18+,BRFSS age-adjusted prevalence,MEN02,CDC Chronic Disease Indicators,https://data.cdc.gov/d/hksd-2xuw
USA,VA,Virginia,Southeast,37.54268067400045,-78.45789046,depression,Depression among adults,2022,2022,22.3,21.1,23.6,% age-adjusted prevalence,Adults aged 18+,BRFSS age-adjusted prevalence,MEN02,CDC Chronic Disease Indicators,https://data.cdc.gov/d/hksd-2xuw
USA,VA,Virginia,Southeast,37.54268067400045,-78.45789046,depression,Depression among adults,2023,2023,20.8,19.4,22.4,% age-adjusted prevalence,Adults aged 18+,BRFSS age-adjusted prevalence,MEN02,CDC Chronic Disease Indicators,https://data.cdc.gov/d/hksd-2xuw
USA,VA,Virginia,Southeast,37.54268067400045,-78.45789046,diabetes,Diabetes among adults,2019,2019,9.9,9.3,10.6,% age-adjusted prevalence,Adults aged 18+,BRFSS age-adjusted prevalence,DIA01,CDC Chronic Disease Indicators,https://data.cdc.gov/d/hksd-2xuw
USA,VA,Virginia,Southeast,37.54268067400045,-78.45789046,diabetes,Diabetes among adults,2020,2020,9.9,9.2,10.7,% age-adjusted prevalence,Adults aged 18+,BRFSS age-adjusted prevalence,DIA01,CDC Chronic Disease Indicators,https://data.cdc.gov/d/hksd-2xuw
USA,VA,Virginia,Southeast,37.54268067400045,-78.45789046,diabetes,Diabetes among adults,2021,2021,10.2,9.5,11.0,% age-adjusted prevalence,Adults aged 18+,BRFSS age-adjusted prevalence,DIA01,CDC Chronic Disease Indicators,https://data.cdc.gov/d/hksd-2xuw
USA,VA,Virginia,Southeast,37.54268067400045,-78.45789046,diabetes,Diabetes among adults,2022,2022,11.3,10.6,12.2,% age-adjusted prevalence,Adults aged 18+,BRFSS age-adjusted prevalence,DIA01,CDC Chronic Disease Indicators,https://data.cdc.gov/d/hksd-2xuw
USA,VA,Virginia,Southeast,37.54268067400045,-78.45789046,diabetes,Diabetes among adults,2023,2023,10.4,9.5,11.4,% age-adjusted prevalence,Adults aged 18+,BRFSS age-adjusted prevalence,DIA01,CDC Chronic Disease Indicators,https://data.cdc.gov/d/hksd-2xuw
USA,VA,Virginia,Southeast,37.54268067400045,-78.45789046,hypertension,High blood pressure among adults,2019,2019,31.3,30.2,32.4,% age-adjusted prevalence,Adults aged 18+,BRFSS age-adjusted prevalence,CVD01,CDC Chronic Disease Indicators,https://data.cdc.gov/d/hksd-2xuw
USA,VA,Virginia,Southeast,37.54268067400045,-78.45789046,hypertension,High blood pressure among adults,2021,2021,31.7,30.6,32.8,% age-adjusted prevalence,Adults aged 18+,BRFSS age-adjusted prevalence,CVD01,CDC Chronic Disease Indicators,https://data.cdc.gov/d/hksd-2xuw
USA,VA,Virginia,Southeast,37.54268067400045,-78.45789046,hypertension,High blood pressure among adults,2023,2023,33.0,31.4,34.6,% age-adjusted prevalence,Adults aged 18+,BRFSS age-adjusted prevalence,CVD01,CDC Chronic Disease Indicators,https://data.cdc.gov/d/hksd-2xuw
USA,VA,Virginia,Southeast,37.54268067400045,-78.45789046,obesity,Obesity among adults,2019,2019,31.8,30.5,33.2,% age-adjusted prevalence,Adults aged 18+,BRFSS age-adjusted prevalence,NPW14,CDC Chronic Disease Indicators,https://data.cdc.gov/d/hksd-2xuw
USA,VA,Virginia,Southeast,37.54268067400045,-78.45789046,obesity,Obesity among adults,2020,2020,32.4,31.0,33.8,% age-adjusted prevalence,Adults aged 18+,BRFSS age-adjusted prevalence,NPW14,CDC Chronic Disease Indicators,https://data.cdc.gov/d/hksd-2xuw
USA,VA,Virginia,Southeast,37.54268067400045,-78.45789046,obesity,Obesity among adults,2021,2021,34.2,32.8,35.7,% age-adjusted prevalence,Adults aged 18+,BRFSS age-adjusted prevalence,NPW14,CDC Chronic Disease Indicators,https://data.cdc.gov/d/hksd-2xuw
USA,VA,Virginia,Southeast,37.54268067400045,-78.45789046,obesity,Obesity among adults,2022,2022,35.4,33.9,36.8,% age-adjusted prevalence,Adults aged 18+,BRFSS age-adjusted prevalence,NPW14,CDC Chronic Disease Indicators,https://data.cdc.gov/d/hksd-2xuw
USA,VA,Virginia,Southeast,37.54268067400045,-78.45789046,obesity,Obesity among adults,2023,2023,34.5,32.8,36.4,% age-adjusted prevalence,Adults aged 18+,BRFSS age-adjusted prevalence,NPW14,CDC Chronic Disease Indicators,https://data.cdc.gov/d/hksd-2xuw
USA,VT,Vermont,New England,43.62538123900049,-72.51764079,asthma,Current asthma among adults,2019,2019,12.7,11.4,14.2,% age-adjusted prevalence,Adults aged 18+,BRFSS age-adjusted prevalence,AST02,CDC Chronic Disease Indicators,https://data.cdc.gov/d/hksd-2xuw
USA,VT,Vermont,New England,43.62538123900049,-72.51764079,asthma,Current asthma among adults,2020,2020,12.2,10.9,13.6,% age-adjusted prevalence,Adults aged 18+,BRFSS age-adjusted prevalence,AST02,CDC Chronic Disease Indicators,https://data.cdc.gov/d/hksd-2xuw
USA,VT,Vermont,New England,43.62538123900049,-72.51764079,asthma,Current asthma among adults,2021,2021,13.0,11.7,14.4,% age-adjusted prevalence,Adults aged 18+,BRFSS age-adjusted prevalence,AST02,CDC Chronic Disease Indicators,https://data.cdc.gov/d/hksd-2xuw
USA,VT,Vermont,New England,43.62538123900049,-72.51764079,asthma,Current asthma among adults,2022,2022,13.3,12.2,14.4,% age-adjusted prevalence,Adults aged 18+,BRFSS age-adjusted prevalence,AST02,CDC Chronic Disease Indicators,https://data.cdc.gov/d/hksd-2xuw
USA,VT,Vermont,New England,43.62538123900049,-72.51764079,asthma,Current asthma among adults,2023,2023,11.4,10.2,12.6,% age-adjusted prevalence,Adults aged 18+,BRFSS age-adjusted prevalence,AST02,CDC Chronic Disease Indicators,https://data.cdc.gov/d/hksd-2xuw
USA,VT,Vermont,New England,43.62538123900049,-72.51764079,copd,COPD among adults,2019,2019,5.7,5.0,6.5,% age-adjusted prevalence,Adults aged 18+,BRFSS age-adjusted prevalence,COPD01,CDC Chronic Disease Indicators,https://data.cdc.gov/d/hksd-2xuw
USA,VT,Vermont,New England,43.62538123900049,-72.51764079,copd,COPD among adults,2020,2020,5.2,4.6,5.9,% age-adjusted prevalence,Adults aged 18+,BRFSS age-adjusted prevalence,COPD01,CDC Chronic Disease Indicators,https://data.cdc.gov/d/hksd-2xuw
USA,VT,Vermont,New England,43.62538123900049,-72.51764079,copd,COPD among adults,2021,2021,5.7,5.0,6.5,% age-adjusted prevalence,Adults aged 18+,BRFSS age-adjusted prevalence,COPD01,CDC Chronic Disease Indicators,https://data.cdc.gov/d/hksd-2xuw
USA,VT,Vermont,New England,43.62538123900049,-72.51764079,copd,COPD among adults,2022,2022,5.9,5.3,6.6,% age-adjusted prevalence,Adults aged 18+,BRFSS age-adjusted prevalence,COPD01,CDC Chronic Disease Indicators,https://data.cdc.gov/d/hksd-2xuw
USA,VT,Vermont,New England,43.62538123900049,-72.51764079,copd,COPD among adults,2023,2023,5.4,4.8,6.2,% age-adjusted prevalence,Adults aged 18+,BRFSS age-adjusted prevalence,COPD01,CDC Chronic Disease Indicators,https://data.cdc.gov/d/hksd-2xuw
USA,VT,Vermont,New England,43.62538123900049,-72.51764079,depression,Depression among adults,2019,2019,22.8,21.0,24.7,% age-adjusted prevalence,Adults aged 18+,BRFSS age-adjusted prevalence,MEN02,CDC Chronic Disease Indicators,https://data.cdc.gov/d/hksd-2xuw
USA,VT,Vermont,New England,43.62538123900049,-72.51764079,depression,Depression among adults,2020,2020,23.9,22.2,25.7,% age-adjusted prevalence,Adults aged 18+,BRFSS age-adjusted prevalence,MEN02,CDC Chronic Disease Indicators,https://data.cdc.gov/d/hksd-2xuw
USA,VT,Vermont,New England,43.62538123900049,-72.51764079,depression,Depression among adults,2021,2021,26.5,24.8,28.3,% age-adjusted prevalence,Adults aged 18+,BRFSS age-adjusted prevalence,MEN02,CDC Chronic Disease Indicators,https://data.cdc.gov/d/hksd-2xuw
USA,VT,Vermont,New England,43.62538123900049,-72.51764079,depression,Depression among adults,2022,2022,25.9,24.5,27.3,% age-adjusted prevalence,Adults aged 18+,BRFSS age-adjusted prevalence,MEN02,CDC Chronic Disease Indicators,https://data.cdc.gov/d/hksd-2xuw
USA,VT,Vermont,New England,43.62538123900049,-72.51764079,depression,Depression among adults,2023,2023,27.5,26.0,29.2,% age-adjusted prevalence,Adults aged 18+,BRFSS age-adjusted prevalence,MEN02,CDC Chronic Disease Indicators,https://data.cdc.gov/d/hksd-2xuw
USA,VT,Vermont,New England,43.62538123900049,-72.51764079,diabetes,Diabetes among adults,2019,2019,7.4,6.6,8.4,% age-adjusted prevalence,Adults aged 18+,BRFSS age-adjusted prevalence,DIA01,CDC Chronic Disease Indicators,https://data.cdc.gov/d/hksd-2xuw
USA,VT,Vermont,New England,43.62538123900049,-72.51764079,diabetes,Diabetes among adults,2020,2020,6.8,6.1,7.7,% age-adjusted prevalence,Adults aged 18+,BRFSS age-adjusted prevalence,DIA01,CDC Chronic Disease Indicators,https://data.cdc.gov/d/hksd-2xuw
USA,VT,Vermont,New England,43.62538123900049,-72.51764079,diabetes,Diabetes among adults,2021,2021,7.2,6.4,8.0,% age-adjusted prevalence,Adults aged 18+,BRFSS age-adjusted prevalence,DIA01,CDC Chronic Disease Indicators,https://data.cdc.gov/d/hksd-2xuw
USA,VT,Vermont,New England,43.62538123900049,-72.51764079,diabetes,Diabetes among adults,2022,2022,7.0,6.3,7.8,% age-adjusted prevalence,Adults aged 18+,BRFSS age-adjusted prevalence,DIA01,CDC Chronic Disease Indicators,https://data.cdc.gov/d/hksd-2xuw
USA,VT,Vermont,New England,43.62538123900049,-72.51764079,diabetes,Diabetes among adults,2023,2023,7.8,7.0,8.7,% age-adjusted prevalence,Adults aged 18+,BRFSS age-adjusted prevalence,DIA01,CDC Chronic Disease Indicators,https://data.cdc.gov/d/hksd-2xuw
USA,VT,Vermont,New England,43.62538123900049,-72.51764079,hypertension,High blood pressure among adults,2019,2019,26.8,25.3,28.3,% age-adjusted prevalence,Adults aged 18+,BRFSS age-adjusted prevalence,CVD01,CDC Chronic Disease Indicators,https://data.cdc.gov/d/hksd-2xuw
USA,VT,Vermont,New England,43.62538123900049,-72.51764079,hypertension,High blood pressure among adults,2021,2021,26.2,24.8,27.7,% age-adjusted prevalence,Adults aged 18+,BRFSS age-adjusted prevalence,CVD01,CDC Chronic Disease Indicators,https://data.cdc.gov/d/hksd-2xuw
USA,VT,Vermont,New England,43.62538123900049,-72.51764079,hypertension,High blood pressure among adults,2023,2023,28.1,26.8,29.5,% age-adjusted prevalence,Adults aged 18+,BRFSS age-adjusted prevalence,CVD01,CDC Chronic Disease Indicators,https://data.cdc.gov/d/hksd-2xuw
USA,VT,Vermont,New England,43.62538123900049,-72.51764079,obesity,Obesity among adults,2019,2019,27.1,25.3,29.0,% age-adjusted prevalence,Adults aged 18+,BRFSS age-adjusted prevalence,NPW14,CDC Chronic Disease Indicators,https://data.cdc.gov/d/hksd-2xuw
USA,VT,Vermont,New England,43.62538123900049,-72.51764079,obesity,Obesity among adults,2020,2020,26.3,24.6,28.1,% age-adjusted prevalence,Adults aged 18+,BRFSS age-adjusted prevalence,NPW14,CDC Chronic Disease Indicators,https://data.cdc.gov/d/hksd-2xuw
USA,VT,Vermont,New England,43.62538123900049,-72.51764079,obesity,Obesity among adults,2021,2021,29.4,27.6,31.2,% age-adjusted prevalence,Adults aged 18+,BRFSS age-adjusted prevalence,NPW14,CDC Chronic Disease Indicators,https://data.cdc.gov/d/hksd-2xuw
USA,VT,Vermont,New England,43.62538123900049,-72.51764079,obesity,Obesity among adults,2022,2022,26.9,25.4,28.4,% age-adjusted prevalence,Adults aged 18+,BRFSS age-adjusted prevalence,NPW14,CDC Chronic Disease Indicators,https://data.cdc.gov/d/hksd-2xuw
USA,VT,Vermont,New England,43.62538123900049,-72.51764079,obesity,Obesity among adults,2023,2023,29.5,27.8,31.2,% age-adjusted prevalence,Adults aged 18+,BRFSS age-adjusted prevalence,NPW14,CDC Chronic Disease Indicators,https://data.cdc.gov/d/hksd-2xuw
USA,WA,Washington,Far West,47.52227862900048,-120.4700108,asthma,Current asthma among adults,2019,2019,10.5,9.8,11.3,% age-adjusted prevalence,Adults aged 18+,BRFSS age-adjusted prevalence,AST02,CDC Chronic Disease Indicators,https://data.cdc.gov/d/hksd-2xuw
USA,WA,Washington,Far West,47.52227862900048,-120.4700108,asthma,Current asthma among adults,2020,2020,10.4,9.7,11.1,% age-adjusted prevalence,Adults aged 18+,BRFSS age-adjusted prevalence,AST02,CDC Chronic Disease Indicators,https://data.cdc.gov/d/hksd-2xuw
USA,WA,Washington,Far West,47.52227862900048,-120.4700108,asthma,Current asthma among adults,2021,2021,11.2,10.5,12.0,% age-adjusted prevalence,Adults aged 18+,BRFSS age-adjusted prevalence,AST02,CDC Chronic Disease Indicators,https://data.cdc.gov/d/hksd-2xuw
USA,WA,Washington,Far West,47.52227862900048,-120.4700108,asthma,Current asthma among adults,2022,2022,10.9,10.4,11.5,% age-adjusted prevalence,Adults aged 18+,BRFSS age-adjusted prevalence,AST02,CDC Chronic Disease Indicators,https://data.cdc.gov/d/hksd-2xuw
USA,WA,Washington,Far West,47.52227862900048,-120.4700108,asthma,Current asthma among adults,2023,2023,10.7,10.2,11.2,% age-adjusted prevalence,Adults aged 18+,BRFSS age-adjusted prevalence,AST02,CDC Chronic Disease Indicators,https://data.cdc.gov/d/hksd-2xuw
USA,WA,Washington,Far West,47.52227862900048,-120.4700108,copd,COPD among adults,2019,2019,4.8,4.3,5.2,% age-adjusted prevalence,Adults aged 18+,BRFSS age-adjusted prevalence,COPD01,CDC Chronic Disease Indicators,https://data.cdc.gov/d/hksd-2xuw
USA,WA,Washington,Far West,47.52227862900048,-120.4700108,copd,COPD among adults,2020,2020,4.9,4.5,5.4,% age-adjusted prevalence,Adults aged 18+,BRFSS age-adjusted prevalence,COPD01,CDC Chronic Disease Indicators,https://data.cdc.gov/d/hksd-2xuw
USA,WA,Washington,Far West,47.52227862900048,-120.4700108,copd,COPD among adults,2021,2021,4.7,4.3,5.1,% age-adjusted prevalence,Adults aged 18+,BRFSS age-adjusted prevalence,COPD01,CDC Chronic Disease Indicators,https://data.cdc.gov/d/hksd-2xuw
USA,WA,Washington,Far West,47.52227862900048,-120.4700108,copd,COPD among adults,2022,2022,4.8,4.5,5.2,% age-adjusted prevalence,Adults aged 18+,BRFSS age-adjusted prevalence,COPD01,CDC Chronic Disease Indicators,https://data.cdc.gov/d/hksd-2xuw
USA,WA,Washington,Far West,47.52227862900048,-120.4700108,copd,COPD among adults,2023,2023,4.0,3.8,4.3,% age-adjusted prevalence,Adults aged 18+,BRFSS age-adjusted prevalence,COPD01,CDC Chronic Disease Indicators,https://data.cdc.gov/d/hksd-2xuw
USA,WA,Washington,Far West,47.52227862900048,-120.4700108,depression,Depression among adults,2019,2019,24.4,23.4,25.4,% age-adjusted prevalence,Adults aged 18+,BRFSS age-adjusted prevalence,MEN02,CDC Chronic Disease Indicators,https://data.cdc.gov/d/hksd-2xuw
USA,WA,Washington,Far West,47.52227862900048,-120.4700108,depression,Depression among adults,2020,2020,23.6,22.6,24.6,% age-adjusted prevalence,Adults aged 18+,BRFSS age-adjusted prevalence,MEN02,CDC Chronic Disease Indicators,https://data.cdc.gov/d/hksd-2xuw
USA,WA,Washington,Far West,47.52227862900048,-120.4700108,depression,Depression among adults,2021,2021,23.7,22.7,24.8,% age-adjusted prevalence,Adults aged 18+,BRFSS age-adjusted prevalence,MEN02,CDC Chronic Disease Indicators,https://data.cdc.gov/d/hksd-2xuw
USA,WA,Washington,Far West,47.52227862900048,-120.4700108,depression,Depression among adults,2022,2022,25.6,24.9,26.4,% age-adjusted prevalence,Adults aged 18+,BRFSS age-adjusted prevalence,MEN02,CDC Chronic Disease Indicators,https://data.cdc.gov/d/hksd-2xuw
USA,WA,Washington,Far West,47.52227862900048,-120.4700108,depression,Depression among adults,2023,2023,24.3,23.6,25.0,% age-adjusted prevalence,Adults aged 18+,BRFSS age-adjusted prevalence,MEN02,CDC Chronic Disease Indicators,https://data.cdc.gov/d/hksd-2xuw
USA,WA,Washington,Far West,47.52227862900048,-120.4700108,diabetes,Diabetes among adults,2019,2019,8.6,8.1,9.2,% age-adjusted prevalence,Adults aged 18+,BRFSS age-adjusted prevalence,DIA01,CDC Chronic Disease Indicators,https://data.cdc.gov/d/hksd-2xuw
USA,WA,Washington,Far West,47.52227862900048,-120.4700108,diabetes,Diabetes among adults,2020,2020,7.9,7.4,8.5,% age-adjusted prevalence,Adults aged 18+,BRFSS age-adjusted prevalence,DIA01,CDC Chronic Disease Indicators,https://data.cdc.gov/d/hksd-2xuw
USA,WA,Washington,Far West,47.52227862900048,-120.4700108,diabetes,Diabetes among adults,2021,2021,7.9,7.4,8.5,% age-adjusted prevalence,Adults aged 18+,BRFSS age-adjusted prevalence,DIA01,CDC Chronic Disease Indicators,https://data.cdc.gov/d/hksd-2xuw
USA,WA,Washington,Far West,47.52227862900048,-120.4700108,diabetes,Diabetes among adults,2022,2022,8.8,8.4,9.3,% age-adjusted prevalence,Adults aged 18+,BRFSS age-adjusted prevalence,DIA01,CDC Chronic Disease Indicators,https://data.cdc.gov/d/hksd-2xuw
USA,WA,Washington,Far West,47.52227862900048,-120.4700108,diabetes,Diabetes among adults,2023,2023,8.6,8.2,9.0,% age-adjusted prevalence,Adults aged 18+,BRFSS age-adjusted prevalence,DIA01,CDC Chronic Disease Indicators,https://data.cdc.gov/d/hksd-2xuw
USA,WA,Washington,Far West,47.52227862900048,-120.4700108,hypertension,High blood pressure among adults,2019,2019,28.3,27.4,29.2,% age-adjusted prevalence,Adults aged 18+,BRFSS age-adjusted prevalence,CVD01,CDC Chronic Disease Indicators,https://data.cdc.gov/d/hksd-2xuw
USA,WA,Washington,Far West,47.52227862900048,-120.4700108,hypertension,High blood pressure among adults,2021,2021,27.5,26.6,28.5,% age-adjusted prevalence,Adults aged 18+,BRFSS age-adjusted prevalence,CVD01,CDC Chronic Disease Indicators,https://data.cdc.gov/d/hksd-2xuw
USA,WA,Washington,Far West,47.52227862900048,-120.4700108,hypertension,High blood pressure among adults,2023,2023,28.3,27.6,28.9,% age-adjusted prevalence,Adults aged 18+,BRFSS age-adjusted prevalence,CVD01,CDC Chronic Disease Indicators,https://data.cdc.gov/d/hksd-2xuw
USA,WA,Washington,Far West,47.52227862900048,-120.4700108,obesity,Obesity among adults,2019,2019,28.2,27.1,29.3,% age-adjusted prevalence,Adults aged 18+,BRFSS age-adjusted prevalence,NPW14,CDC Chronic Disease Indicators,https://data.cdc.gov/d/hksd-2xuw
USA,WA,Washington,Far West,47.52227862900048,-120.4700108,obesity,Obesity among adults,2020,2020,28.0,26.9,29.1,% age-adjusted prevalence,Adults aged 18+,BRFSS age-adjusted prevalence,NPW14,CDC Chronic Disease Indicators,https://data.cdc.gov/d/hksd-2xuw
USA,WA,Washington,Far West,47.52227862900048,-120.4700108,obesity,Obesity among adults,2021,2021,28.7,27.6,29.8,% age-adjusted prevalence,Adults aged 18+,BRFSS age-adjusted prevalence,NPW14,CDC Chronic Disease Indicators,https://data.cdc.gov/d/hksd-2xuw
USA,WA,Washington,Far West,47.52227862900048,-120.4700108,obesity,Obesity among adults,2022,2022,31.6,30.8,32.5,% age-adjusted prevalence,Adults aged 18+,BRFSS age-adjusted prevalence,NPW14,CDC Chronic Disease Indicators,https://data.cdc.gov/d/hksd-2xuw
USA,WA,Washington,Far West,47.52227862900048,-120.4700108,obesity,Obesity among adults,2023,2023,30.8,30.0,31.6,% age-adjusted prevalence,Adults aged 18+,BRFSS age-adjusted prevalence,NPW14,CDC Chronic Disease Indicators,https://data.cdc.gov/d/hksd-2xuw
USA,WI,Wisconsin,Great Lakes,44.39319117400049,-89.81637074,asthma,Current asthma among adults,2019,2019,10.9,9.7,12.2,% age-adjusted prevalence,Adults aged 18+,BRFSS age-adjusted prevalence,AST02,CDC Chronic Disease Indicators,https://data.cdc.gov/d/hksd-2xuw
USA,WI,Wisconsin,Great Lakes,44.39319117400049,-89.81637074,asthma,Current asthma among adults,2020,2020,10.9,9.6,12.3,% age-adjusted prevalence,Adults aged 18+,BRFSS age-adjusted prevalence,AST02,CDC Chronic Disease Indicators,https://data.cdc.gov/d/hksd-2xuw
USA,WI,Wisconsin,Great Lakes,44.39319117400049,-89.81637074,asthma,Current asthma among adults,2021,2021,11.1,9.9,12.4,% age-adjusted prevalence,Adults aged 18+,BRFSS age-adjusted prevalence,AST02,CDC Chronic Disease Indicators,https://data.cdc.gov/d/hksd-2xuw
USA,WI,Wisconsin,Great Lakes,44.39319117400049,-89.81637074,asthma,Current asthma among adults,2022,2022,11.1,10.3,12.1,% age-adjusted prevalence,Adults aged 18+,BRFSS age-adjusted prevalence,AST02,CDC Chronic Disease Indicators,https://data.cdc.gov/d/hksd-2xuw
USA,WI,Wisconsin,Great Lakes,44.39319117400049,-89.81637074,asthma,Current asthma among adults,2023,2023,11.0,10.1,11.9,% age-adjusted prevalence,Adults aged 18+,BRFSS age-adjusted prevalence,AST02,CDC Chronic Disease Indicators,https://data.cdc.gov/d/hksd-2xuw
USA,WI,Wisconsin,Great Lakes,44.39319117400049,-89.81637074,copd,COPD among adults,2019,2019,4.9,4.2,5.8,% age-adjusted prevalence,Adults aged 18+,BRFSS age-adjusted prevalence,COPD01,CDC Chronic Disease Indicators,https://data.cdc.gov/d/hksd-2xuw
USA,WI,Wisconsin,Great Lakes,44.39319117400049,-89.81637074,copd,COPD among adults,2020,2020,4.7,4.0,5.5,% age-adjusted prevalence,Adults aged 18+,BRFSS age-adjusted prevalence,COPD01,CDC Chronic Disease Indicators,https://data.cdc.gov/d/hksd-2xuw
USA,WI,Wisconsin,Great Lakes,44.39319117400049,-89.81637074,copd,COPD among adults,2021,2021,4.9,4.1,5.9,% age-adjusted prevalence,Adults aged 18+,BRFSS age-adjusted prevalence,COPD01,CDC Chronic Disease Indicators,https://data.cdc.gov/d/hksd-2xuw
USA,WI,Wisconsin,Great Lakes,44.39319117400049,-89.81637074,copd,COPD among adults,2022,2022,5.8,5.3,6.5,% age-adjusted prevalence,Adults aged 18+,BRFSS age-adjusted prevalence,COPD01,CDC Chronic Disease Indicators,https://data.cdc.gov/d/hksd-2xuw
USA,WI,Wisconsin,Great Lakes,44.39319117400049,-89.81637074,copd,COPD among adults,2023,2023,5.2,4.8,5.8,% age-adjusted prevalence,Adults aged 18+,BRFSS age-adjusted prevalence,COPD01,CDC Chronic Disease Indicators,https://data.cdc.gov/d/hksd-2xuw
USA,WI,Wisconsin,Great Lakes,44.39319117400049,-89.81637074,depression,Depression among adults,2019,2019,21.0,19.4,22.8,% age-adjusted prevalence,Adults aged 18+,BRFSS age-adjusted prevalence,MEN02,CDC Chronic Disease Indicators,https://data.cdc.gov/d/hksd-2xuw
USA,WI,Wisconsin,Great Lakes,44.39319117400049,-89.81637074,depression,Depression among adults,2020,2020,20.7,19.0,22.5,% age-adjusted prevalence,Adults aged 18+,BRFSS age-adjusted prevalence,MEN02,CDC Chronic Disease Indicators,https://data.cdc.gov/d/hksd-2xuw
USA,WI,Wisconsin,Great Lakes,44.39319117400049,-89.81637074,depression,Depression among adults,2021,2021,21.2,19.7,22.9,% age-adjusted prevalence,Adults aged 18+,BRFSS age-adjusted prevalence,MEN02,CDC Chronic Disease Indicators,https://data.cdc.gov/d/hksd-2xuw
USA,WI,Wisconsin,Great Lakes,44.39319117400049,-89.81637074,depression,Depression among adults,2022,2022,24.2,23.0,25.4,% age-adjusted prevalence,Adults aged 18+,BRFSS age-adjusted prevalence,MEN02,CDC Chronic Disease Indicators,https://data.cdc.gov/d/hksd-2xuw
USA,WI,Wisconsin,Great Lakes,44.39319117400049,-89.81637074,depression,Depression among adults,2023,2023,23.6,22.4,24.8,% age-adjusted prevalence,Adults aged 18+,BRFSS age-adjusted prevalence,MEN02,CDC Chronic Disease Indicators,https://data.cdc.gov/d/hksd-2xuw
USA,WI,Wisconsin,Great Lakes,44.39319117400049,-89.81637074,diabetes,Diabetes among adults,2019,2019,7.5,6.7,8.4,% age-adjusted prevalence,Adults aged 18+,BRFSS age-adjusted prevalence,DIA01,CDC Chronic Disease Indicators,https://data.cdc.gov/d/hksd-2xuw
USA,WI,Wisconsin,Great Lakes,44.39319117400049,-89.81637074,diabetes,Diabetes among adults,2020,2020,7.7,6.9,8.6,% age-adjusted prevalence,Adults aged 18+,BRFSS age-adjusted prevalence,DIA01,CDC Chronic Disease Indicators,https://data.cdc.gov/d/hksd-2xuw
USA,WI,Wisconsin,Great Lakes,44.39319117400049,-89.81637074,diabetes,Diabetes among adults,2021,2021,8.0,7.1,9.0,% age-adjusted prevalence,Adults aged 18+,BRFSS age-adjusted prevalence,DIA01,CDC Chronic Disease Indicators,https://data.cdc.gov/d/hksd-2xuw
USA,WI,Wisconsin,Great Lakes,44.39319117400049,-89.81637074,diabetes,Diabetes among adults,2022,2022,8.9,8.3,9.6,% age-adjusted prevalence,Adults aged 18+,BRFSS age-adjusted prevalence,DIA01,CDC Chronic Disease Indicators,https://data.cdc.gov/d/hksd-2xuw
USA,WI,Wisconsin,Great Lakes,44.39319117400049,-89.81637074,diabetes,Diabetes among adults,2023,2023,9.6,9.0,10.2,% age-adjusted prevalence,Adults aged 18+,BRFSS age-adjusted prevalence,DIA01,CDC Chronic Disease Indicators,https://data.cdc.gov/d/hksd-2xuw
USA,WI,Wisconsin,Great Lakes,44.39319117400049,-89.81637074,hypertension,High blood pressure among adults,2019,2019,27.9,26.4,29.4,% age-adjusted prevalence,Adults aged 18+,BRFSS age-adjusted prevalence,CVD01,CDC Chronic Disease Indicators,https://data.cdc.gov/d/hksd-2xuw
USA,WI,Wisconsin,Great Lakes,44.39319117400049,-89.81637074,hypertension,High blood pressure among adults,2021,2021,28.0,26.6,29.5,% age-adjusted prevalence,Adults aged 18+,BRFSS age-adjusted prevalence,CVD01,CDC Chronic Disease Indicators,https://data.cdc.gov/d/hksd-2xuw
USA,WI,Wisconsin,Great Lakes,44.39319117400049,-89.81637074,hypertension,High blood pressure among adults,2023,2023,29.5,28.5,30.5,% age-adjusted prevalence,Adults aged 18+,BRFSS age-adjusted prevalence,CVD01,CDC Chronic Disease Indicators,https://data.cdc.gov/d/hksd-2xuw
USA,WI,Wisconsin,Great Lakes,44.39319117400049,-89.81637074,obesity,Obesity among adults,2019,2019,34.3,32.3,36.3,% age-adjusted prevalence,Adults aged 18+,BRFSS age-adjusted prevalence,NPW14,CDC Chronic Disease Indicators,https://data.cdc.gov/d/hksd-2xuw
USA,WI,Wisconsin,Great Lakes,44.39319117400049,-89.81637074,obesity,Obesity among adults,2020,2020,32.7,30.7,34.7,% age-adjusted prevalence,Adults aged 18+,BRFSS age-adjusted prevalence,NPW14,CDC Chronic Disease Indicators,https://data.cdc.gov/d/hksd-2xuw
USA,WI,Wisconsin,Great Lakes,44.39319117400049,-89.81637074,obesity,Obesity among adults,2021,2021,33.5,31.6,35.4,% age-adjusted prevalence,Adults aged 18+,BRFSS age-adjusted prevalence,NPW14,CDC Chronic Disease Indicators,https://data.cdc.gov/d/hksd-2xuw
USA,WI,Wisconsin,Great Lakes,44.39319117400049,-89.81637074,obesity,Obesity among adults,2022,2022,38.1,36.7,39.5,% age-adjusted prevalence,Adults aged 18+,BRFSS age-adjusted prevalence,NPW14,CDC Chronic Disease Indicators,https://data.cdc.gov/d/hksd-2xuw
USA,WI,Wisconsin,Great Lakes,44.39319117400049,-89.81637074,obesity,Obesity among adults,2023,2023,35.9,34.5,37.2,% age-adjusted prevalence,Adults aged 18+,BRFSS age-adjusted prevalence,NPW14,CDC Chronic Disease Indicators,https://data.cdc.gov/d/hksd-2xuw
USA,WV,West Virginia,Southeast,38.66551020200046,-80.71264013,asthma,Current asthma among adults,2019,2019,12.1,10.9,13.4,% age-adjusted prevalence,Adults aged 18+,BRFSS age-adjusted prevalence,AST02,CDC Chronic Disease Indicators,https://data.cdc.gov/d/hksd-2xuw
USA,WV,West Virginia,Southeast,38.66551020200046,-80.71264013,asthma,Current asthma among adults,2020,2020,13.5,12.4,14.8,% age-adjusted prevalence,Adults aged 18+,BRFSS age-adjusted prevalence,AST02,CDC Chronic Disease Indicators,https://data.cdc.gov/d/hksd-2xuw
USA,WV,West Virginia,Southeast,38.66551020200046,-80.71264013,asthma,Current asthma among adults,2021,2021,13.0,11.9,14.2,% age-adjusted prevalence,Adults aged 18+,BRFSS age-adjusted prevalence,AST02,CDC Chronic Disease Indicators,https://data.cdc.gov/d/hksd-2xuw
USA,WV,West Virginia,Southeast,38.66551020200046,-80.71264013,asthma,Current asthma among adults,2022,2022,12.9,11.7,14.3,% age-adjusted prevalence,Adults aged 18+,BRFSS age-adjusted prevalence,AST02,CDC Chronic Disease Indicators,https://data.cdc.gov/d/hksd-2xuw
USA,WV,West Virginia,Southeast,38.66551020200046,-80.71264013,asthma,Current asthma among adults,2023,2023,13.9,12.5,15.4,% age-adjusted prevalence,Adults aged 18+,BRFSS age-adjusted prevalence,AST02,CDC Chronic Disease Indicators,https://data.cdc.gov/d/hksd-2xuw
USA,WV,West Virginia,Southeast,38.66551020200046,-80.71264013,copd,COPD among adults,2019,2019,10.7,9.8,11.7,% age-adjusted prevalence,Adults aged 18+,BRFSS age-adjusted prevalence,COPD01,CDC Chronic Disease Indicators,https://data.cdc.gov/d/hksd-2xuw
USA,WV,West Virginia,Southeast,38.66551020200046,-80.71264013,copd,COPD among adults,2020,2020,11.9,11.0,12.9,% age-adjusted prevalence,Adults aged 18+,BRFSS age-adjusted prevalence,COPD01,CDC Chronic Disease Indicators,https://data.cdc.gov/d/hksd-2xuw
USA,WV,West Virginia,Southeast,38.66551020200046,-80.71264013,copd,COPD among adults,2021,2021,11.5,10.6,12.4,% age-adjusted prevalence,Adults aged 18+,BRFSS age-adjusted prevalence,COPD01,CDC Chronic Disease Indicators,https://data.cdc.gov/d/hksd-2xuw
USA,WV,West Virginia,Southeast,38.66551020200046,-80.71264013,copd,COPD among adults,2022,2022,12.3,11.1,13.5,% age-adjusted prevalence,Adults aged 18+,BRFSS age-adjusted prevalence,COPD01,CDC Chronic Disease Indicators,https://data.cdc.gov/d/hksd-2xuw
USA,WV,West Virginia,Southeast,38.66551020200046,-80.71264013,copd,COPD among adults,2023,2023,10.8,9.7,11.9,% age-adjusted prevalence,Adults aged 18+,BRFSS age-adjusted prevalence,COPD01,CDC Chronic Disease Indicators,https://data.cdc.gov/d/hksd-2xuw
USA,WV,West Virginia,Southeast,38.66551020200046,-80.71264013,depression,Depression among adults,2019,2019,30.2,28.3,32.1,% age-adjusted prevalence,Adults aged 18+,BRFSS age-adjusted prevalence,MEN02,CDC Chronic Disease Indicators,https://data.cdc.gov/d/hksd-2xuw
USA,WV,West Virginia,Southeast,38.66551020200046,-80.71264013,depression,Depression among adults,2020,2020,27.3,25.8,28.9,% age-adjusted prevalence,Adults aged 18+,BRFSS age-adjusted prevalence,MEN02,CDC Chronic Disease Indicators,https://data.cdc.gov/d/hksd-2xuw
USA,WV,West Virginia,Southeast,38.66551020200046,-80.71264013,depression,Depression among adults,2021,2021,28.9,27.4,30.5,% age-adjusted prevalence,Adults aged 18+,BRFSS age-adjusted prevalence,MEN02,CDC Chronic Disease Indicators,https://data.cdc.gov/d/hksd-2xuw
USA,WV,West Virginia,Southeast,38.66551020200046,-80.71264013,depression,Depression among adults,2022,2022,28.0,26.3,29.8,% age-adjusted prevalence,Adults aged 18+,BRFSS age-adjusted prevalence,MEN02,CDC Chronic Disease Indicators,https://data.cdc.gov/d/hksd-2xuw
USA,WV,West Virginia,Southeast,38.66551020200046,-80.71264013,depression,Depression among adults,2023,2023,32.9,31.0,34.9,% age-adjusted prevalence,Adults aged 18+,BRFSS age-adjusted prevalence,MEN02,CDC Chronic Disease Indicators,https://data.cdc.gov/d/hksd-2xuw
USA,WV,West Virginia,Southeast,38.66551020200046,-80.71264013,diabetes,Diabetes among adults,2019,2019,13.2,12.2,14.3,% age-adjusted prevalence,Adults aged 18+,BRFSS age-adjusted prevalence,DIA01,CDC Chronic Disease Indicators,https://data.cdc.gov/d/hksd-2xuw
USA,WV,West Virginia,Southeast,38.66551020200046,-80.71264013,diabetes,Diabetes among adults,2020,2020,13.3,12.3,14.2,% age-adjusted prevalence,Adults aged 18+,BRFSS age-adjusted prevalence,DIA01,CDC Chronic Disease Indicators,https://data.cdc.gov/d/hksd-2xuw
USA,WV,West Virginia,Southeast,38.66551020200046,-80.71264013,diabetes,Diabetes among adults,2021,2021,13.3,12.4,14.2,% age-adjusted prevalence,Adults aged 18+,BRFSS age-adjusted prevalence,DIA01,CDC Chronic Disease Indicators,https://data.cdc.gov/d/hksd-2xuw
USA,WV,West Virginia,Southeast,38.66551020200046,-80.71264013,diabetes,Diabetes among adults,2022,2022,14.6,13.6,15.7,% age-adjusted prevalence,Adults aged 18+,BRFSS age-adjusted prevalence,DIA01,CDC Chronic Disease Indicators,https://data.cdc.gov/d/hksd-2xuw
USA,WV,West Virginia,Southeast,38.66551020200046,-80.71264013,diabetes,Diabetes among adults,2023,2023,15.1,13.9,16.3,% age-adjusted prevalence,Adults aged 18+,BRFSS age-adjusted prevalence,DIA01,CDC Chronic Disease Indicators,https://data.cdc.gov/d/hksd-2xuw
USA,WV,West Virginia,Southeast,38.66551020200046,-80.71264013,hypertension,High blood pressure among adults,2019,2019,39.0,37.4,40.7,% age-adjusted prevalence,Adults aged 18+,BRFSS age-adjusted prevalence,CVD01,CDC Chronic Disease Indicators,https://data.cdc.gov/d/hksd-2xuw
USA,WV,West Virginia,Southeast,38.66551020200046,-80.71264013,hypertension,High blood pressure among adults,2021,2021,38.3,36.9,39.7,% age-adjusted prevalence,Adults aged 18+,BRFSS age-adjusted prevalence,CVD01,CDC Chronic Disease Indicators,https://data.cdc.gov/d/hksd-2xuw
USA,WV,West Virginia,Southeast,38.66551020200046,-80.71264013,hypertension,High blood pressure among adults,2023,2023,39.6,37.9,41.3,% age-adjusted prevalence,Adults aged 18+,BRFSS age-adjusted prevalence,CVD01,CDC Chronic Disease Indicators,https://data.cdc.gov/d/hksd-2xuw
USA,WV,West Virginia,Southeast,38.66551020200046,-80.71264013,obesity,Obesity among adults,2019,2019,39.7,37.8,41.7,% age-adjusted prevalence,Adults aged 18+,BRFSS age-adjusted prevalence,NPW14,CDC Chronic Disease Indicators,https://data.cdc.gov/d/hksd-2xuw
USA,WV,West Virginia,Southeast,38.66551020200046,-80.71264013,obesity,Obesity among adults,2020,2020,39.6,37.9,41.4,% age-adjusted prevalence,Adults aged 18+,BRFSS age-adjusted prevalence,NPW14,CDC Chronic Disease Indicators,https://data.cdc.gov/d/hksd-2xuw
USA,WV,West Virginia,Southeast,38.66551020200046,-80.71264013,obesity,Obesity among adults,2021,2021,41.0,39.4,42.7,% age-adjusted prevalence,Adults aged 18+,BRFSS age-adjusted prevalence,NPW14,CDC Chronic Disease Indicators,https://data.cdc.gov/d/hksd-2xuw
USA,WV,West Virginia,Southeast,38.66551020200046,-80.71264013,obesity,Obesity among adults,2022,2022,41.5,39.6,43.5,% age-adjusted prevalence,Adults aged 18+,BRFSS age-adjusted prevalence,NPW14,CDC Chronic Disease Indicators,https://data.cdc.gov/d/hksd-2xuw
USA,WV,West Virginia,Southeast,38.66551020200046,-80.71264013,obesity,Obesity among adults,2023,2023,42.2,40.1,44.2,% age-adjusted prevalence,Adults aged 18+,BRFSS age-adjusted prevalence,NPW14,CDC Chronic Disease Indicators,https://data.cdc.gov/d/hksd-2xuw
USA,WY,Wyoming,Rocky Mountain,43.23554134300048,-108.1098304,asthma,Current asthma among adults,2019,2019,10.0,8.8,11.5,% age-adjusted prevalence,Adults aged 18+,BRFSS age-adjusted prevalence,AST02,CDC Chronic Disease Indicators,https://data.cdc.gov/d/hksd-2xuw
USA,WY,Wyoming,Rocky Mountain,43.23554134300048,-108.1098304,asthma,Current asthma among adults,2020,2020,11.1,9.8,12.7,% age-adjusted prevalence,Adults aged 18+,BRFSS age-adjusted prevalence,AST02,CDC Chronic Disease Indicators,https://data.cdc.gov/d/hksd-2xuw
USA,WY,Wyoming,Rocky Mountain,43.23554134300048,-108.1098304,asthma,Current asthma among adults,2021,2021,10.0,8.7,11.5,% age-adjusted prevalence,Adults aged 18+,BRFSS age-adjusted prevalence,AST02,CDC Chronic Disease Indicators,https://data.cdc.gov/d/hksd-2xuw
USA,WY,Wyoming,Rocky Mountain,43.23554134300048,-108.1098304,asthma,Current asthma among adults,2022,2022,10.8,9.5,12.2,% age-adjusted prevalence,Adults aged 18+,BRFSS age-adjusted prevalence,AST02,CDC Chronic Disease Indicators,https://data.cdc.gov/d/hksd-2xuw
USA,WY,Wyoming,Rocky Mountain,43.23554134300048,-108.1098304,asthma,Current asthma among adults,2023,2023,10.1,8.9,11.5,% age-adjusted prevalence,Adults aged 18+,BRFSS age-adjusted prevalence,AST02,CDC Chronic Disease Indicators,https://data.cdc.gov/d/hksd-2xuw
USA,WY,Wyoming,Rocky Mountain,43.23554134300048,-108.1098304,copd,COPD among adults,2019,2019,6.0,5.2,7.0,% age-adjusted prevalence,Adults aged 18+,BRFSS age-adjusted prevalence,COPD01,CDC Chronic Disease Indicators,https://data.cdc.gov/d/hksd-2xuw
USA,WY,Wyoming,Rocky Mountain,43.23554134300048,-108.1098304,copd,COPD among adults,2020,2020,5.5,4.8,6.3,% age-adjusted prevalence,Adults aged 18+,BRFSS age-adjusted prevalence,COPD01,CDC Chronic Disease Indicators,https://data.cdc.gov/d/hksd-2xuw
USA,WY,Wyoming,Rocky Mountain,43.23554134300048,-108.1098304,copd,COPD among adults,2021,2021,5.6,4.8,6.6,% age-adjusted prevalence,Adults aged 18+,BRFSS age-adjusted prevalence,COPD01,CDC Chronic Disease Indicators,https://data.cdc.gov/d/hksd-2xuw
USA,WY,Wyoming,Rocky Mountain,43.23554134300048,-108.1098304,copd,COPD among adults,2022,2022,6.0,5.3,6.8,% age-adjusted prevalence,Adults aged 18+,BRFSS age-adjusted prevalence,COPD01,CDC Chronic Disease Indicators,https://data.cdc.gov/d/hksd-2xuw
USA,WY,Wyoming,Rocky Mountain,43.23554134300048,-108.1098304,copd,COPD among adults,2023,2023,6.6,5.7,7.7,% age-adjusted prevalence,Adults aged 18+,BRFSS age-adjusted prevalence,COPD01,CDC Chronic Disease Indicators,https://data.cdc.gov/d/hksd-2xuw
USA,WY,Wyoming,Rocky Mountain,43.23554134300048,-108.1098304,depression,Depression among adults,2019,2019,19.5,17.7,21.3,% age-adjusted prevalence,Adults aged 18+,BRFSS age-adjusted prevalence,MEN02,CDC Chronic Disease Indicators,https://data.cdc.gov/d/hksd-2xuw
USA,WY,Wyoming,Rocky Mountain,43.23554134300048,-108.1098304,depression,Depression among adults,2020,2020,19.0,17.2,20.9,% age-adjusted prevalence,Adults aged 18+,BRFSS age-adjusted prevalence,MEN02,CDC Chronic Disease Indicators,https://data.cdc.gov/d/hksd-2xuw
USA,WY,Wyoming,Rocky Mountain,43.23554134300048,-108.1098304,depression,Depression among adults,2021,2021,21.8,19.9,23.9,% age-adjusted prevalence,Adults aged 18+,BRFSS age-adjusted prevalence,MEN02,CDC Chronic Disease Indicators,https://data.cdc.gov/d/hksd-2xuw
USA,WY,Wyoming,Rocky Mountain,43.23554134300048,-108.1098304,depression,Depression among adults,2022,2022,22.9,21.2,24.8,% age-adjusted prevalence,Adults aged 18+,BRFSS age-adjusted prevalence,MEN02,CDC Chronic Disease Indicators,https://data.cdc.gov/d/hksd-2xuw
USA,WY,Wyoming,Rocky Mountain,43.23554134300048,-108.1098304,depression,Depression among adults,2023,2023,22.1,20.4,24.0,% age-adjusted prevalence,Adults aged 18+,BRFSS age-adjusted prevalence,MEN02,CDC Chronic Disease Indicators,https://data.cdc.gov/d/hksd-2xuw
USA,WY,Wyoming,Rocky Mountain,43.23554134300048,-108.1098304,diabetes,Diabetes among adults,2019,2019,6.8,6.0,7.8,% age-adjusted prevalence,Adults aged 18+,BRFSS age-adjusted prevalence,DIA01,CDC Chronic Disease Indicators,https://data.cdc.gov/d/hksd-2xuw
USA,WY,Wyoming,Rocky Mountain,43.23554134300048,-108.1098304,diabetes,Diabetes among adults,2020,2020,7.6,6.7,8.6,% age-adjusted prevalence,Adults aged 18+,BRFSS age-adjusted prevalence,DIA01,CDC Chronic Disease Indicators,https://data.cdc.gov/d/hksd-2xuw
USA,WY,Wyoming,Rocky Mountain,43.23554134300048,-108.1098304,diabetes,Diabetes among adults,2021,2021,7.7,6.8,8.6,% age-adjusted prevalence,Adults aged 18+,BRFSS age-adjusted prevalence,DIA01,CDC Chronic Disease Indicators,https://data.cdc.gov/d/hksd-2xuw
USA,WY,Wyoming,Rocky Mountain,43.23554134300048,-108.1098304,diabetes,Diabetes among adults,2022,2022,8.1,7.3,9.0,% age-adjusted prevalence,Adults aged 18+,BRFSS age-adjusted prevalence,DIA01,CDC Chronic Disease Indicators,https://data.cdc.gov/d/hksd-2xuw
USA,WY,Wyoming,Rocky Mountain,43.23554134300048,-108.1098304,diabetes,Diabetes among adults,2023,2023,9.4,8.5,10.5,% age-adjusted prevalence,Adults aged 18+,BRFSS age-adjusted prevalence,DIA01,CDC Chronic Disease Indicators,https://data.cdc.gov/d/hksd-2xuw
USA,WY,Wyoming,Rocky Mountain,43.23554134300048,-108.1098304,hypertension,High blood pressure among adults,2019,2019,28.2,26.5,30.0,% age-adjusted prevalence,Adults aged 18+,BRFSS age-adjusted prevalence,CVD01,CDC Chronic Disease Indicators,https://data.cdc.gov/d/hksd-2xuw
USA,WY,Wyoming,Rocky Mountain,43.23554134300048,-108.1098304,hypertension,High blood pressure among adults,2021,2021,27.2,25.5,29.0,% age-adjusted prevalence,Adults aged 18+,BRFSS age-adjusted prevalence,CVD01,CDC Chronic Disease Indicators,https://data.cdc.gov/d/hksd-2xuw
USA,WY,Wyoming,Rocky Mountain,43.23554134300048,-108.1098304,hypertension,High blood pressure among adults,2023,2023,28.1,26.5,29.7,% age-adjusted prevalence,Adults aged 18+,BRFSS age-adjusted prevalence,CVD01,CDC Chronic Disease Indicators,https://data.cdc.gov/d/hksd-2xuw
USA,WY,Wyoming,Rocky Mountain,43.23554134300048,-108.1098304,obesity,Obesity among adults,2019,2019,29.6,27.6,31.8,% age-adjusted prevalence,Adults aged 18+,BRFSS age-adjusted prevalence,NPW14,CDC Chronic Disease Indicators,https://data.cdc.gov/d/hksd-2xuw
USA,WY,Wyoming,Rocky Mountain,43.23554134300048,-108.1098304,obesity,Obesity among adults,2020,2020,30.6,28.6,32.7,% age-adjusted prevalence,Adults aged 18+,BRFSS age-adjusted prevalence,NPW14,CDC Chronic Disease Indicators,https://data.cdc.gov/d/hksd-2xuw
USA,WY,Wyoming,Rocky Mountain,43.23554134300048,-108.1098304,obesity,Obesity among adults,2021,2021,32.2,30.0,34.5,% age-adjusted prevalence,Adults aged 18+,BRFSS age-adjusted prevalence,NPW14,CDC Chronic Disease Indicators,https://data.cdc.gov/d/hksd-2xuw
USA,WY,Wyoming,Rocky Mountain,43.23554134300048,-108.1098304,obesity,Obesity among adults,2022,2022,34.6,32.5,36.7,% age-adjusted prevalence,Adults aged 18+,BRFSS age-adjusted prevalence,NPW14,CDC Chronic Disease Indicators,https://data.cdc.gov/d/hksd-2xuw
USA,WY,Wyoming,Rocky Mountain,43.23554134300048,-108.1098304,obesity,Obesity among adults,2023,2023,33.6,31.6,35.7,% age-adjusted prevalence,Adults aged 18+,BRFSS age-adjusted prevalence,NPW14,CDC Chronic Disease Indicators,https://data.cdc.gov/d/hksd-2xuw
