country,area_code,area_name,macro_region,year,period,spending_per_capita,currency,measure_type,source_name,source_url
USA,AK,Alaska,Far West,1991,1991,2553.0,USD,All-payer personal health care expenditure per capita,CMS State Health Expenditure Accounts,https://www.cms.gov/data-research/statistics-trends-and-reports/national-health-expenditure-data/state-residence
USA,AK,Alaska,Far West,1992,1992,2634.0,USD,All-payer personal health care expenditure per capita,CMS State Health Expenditure Accounts,https://www.cms.gov/data-research/statistics-trends-and-reports/national-health-expenditure-data/state-residence
USA,AK,Alaska,Far West,1993,1993,2755.0,USD,All-payer personal health care expenditure per capita,CMS State Health Expenditure Accounts,https://www.cms.gov/data-research/statistics-trends-and-reports/national-health-expenditure-data/state-residence
USA,AK,Alaska,Far West,1994,1994,2992.0,USD,All-payer personal health care expenditure per capita,CMS State Health Expenditure Accounts,https://www.cms.gov/data-research/statistics-trends-and-reports/national-health-expenditure-data/state-residence
USA,AK,Alaska,Far West,1995,1995,3085.0,USD,All-payer personal health care expenditure per capita,CMS State Health Expenditure Accounts,https://www.cms.gov/data-research/statistics-trends-and-reports/national-health-expenditure-data/state-residence
USA,AK,Alaska,Far West,1996,1996,3386.0,USD,All-payer personal health care expenditure per capita,CMS State Health Expenditure Accounts,https://www.cms.gov/data-research/statistics-trends-and-reports/national-health-expenditure-data/state-residence
USA,AK,Alaska,Far West,1997,1997,3621.0,USD,All-payer personal health care expenditure per capita,CMS State Health Expenditure Accounts,https://www.cms.gov/data-research/statistics-trends-and-reports/national-health-expenditure-data/state-residence
USA,AK,Alaska,Far West,1998,1998,3811.0,USD,All-payer personal health care expenditure per capita,CMS State Health Expenditure Accounts,https://www.cms.gov/data-research/statistics-trends-and-reports/national-health-expenditure-data/state-residence
USA,AK,Alaska,Far West,1999,1999,4076.0,USD,All-payer personal health care expenditure per capita,CMS State Health Expenditure Accounts,https://www.cms.gov/data-research/statistics-trends-and-reports/national-health-expenditure-data/state-residence
USA,AK,Alaska,Far West,2000,2000,4559.0,USD,All-payer personal health care expenditure per capita,CMS State Health Expenditure Accounts,https://www.cms.gov/data-research/statistics-trends-and-reports/national-health-expenditure-data/state-residence
USA,AK,Alaska,Far West,2001,2001,5163.0,USD,All-payer personal health care expenditure per capita,CMS State Health Expenditure Accounts,https://www.cms.gov/data-research/statistics-trends-and-reports/national-health-expenditure-data/state-residence
USA,AK,Alaska,Far West,2002,2002,5671.0,USD,All-payer personal health care expenditure per capita,CMS State Health Expenditure Accounts,https://www.cms.gov/data-research/statistics-trends-and-reports/national-health-expenditure-data/state-residence
USA,AK,Alaska,Far West,2003,2003,6100.0,USD,All-payer personal health care expenditure per capita,CMS State Health Expenditure Accounts,https://www.cms.gov/data-research/statistics-trends-and-reports/national-health-expenditure-data/state-residence
USA,AK,Alaska,Far West,2004,2004,6445.0,USD,All-payer personal health care expenditure per capita,CMS State Health Expenditure Accounts,https://www.cms.gov/data-research/statistics-trends-and-reports/national-health-expenditure-data/state-residence
USA,AK,Alaska,Far West,2005,2005,7081.0,USD,All-payer personal health care expenditure per capita,CMS State Health Expenditure Accounts,https://www.cms.gov/data-research/statistics-trends-and-reports/national-health-expenditure-data/state-residence
USA,AK,Alaska,Far West,2006,2006,7423.0,USD,All-payer personal health care expenditure per capita,CMS State Health Expenditure Accounts,https://www.cms.gov/data-research/statistics-trends-and-reports/national-health-expenditure-data/state-residence
USA,AK,Alaska,Far West,2007,2007,7923.0,USD,All-payer personal health care expenditure per capita,CMS State Health Expenditure Accounts,https://www.cms.gov/data-research/statistics-trends-and-reports/national-health-expenditure-data/state-residence
USA,AK,Alaska,Far West,2008,2008,8314.0,USD,All-payer personal health care expenditure per capita,CMS State Health Expenditure Accounts,https://www.cms.gov/data-research/statistics-trends-and-reports/national-health-expenditure-data/state-residence
USA,AK,Alaska,Far West,2009,2009,8550.0,USD,All-payer personal health care expenditure per capita,CMS State Health Expenditure Accounts,https://www.cms.gov/data-research/statistics-trends-and-reports/national-health-expenditure-data/state-residence
USA,AK,Alaska,Far West,2010,2010,8927.0,USD,All-payer personal health care expenditure per capita,CMS State Health Expenditure Accounts,https://www.cms.gov/data-research/statistics-trends-and-reports/national-health-expenditure-data/state-residence
USA,AK,Alaska,Far West,2011,2011,9343.0,USD,All-payer personal health care expenditure per capita,CMS State Health Expenditure Accounts,https://www.cms.gov/data-research/statistics-trends-and-reports/national-health-expenditure-data/state-residence
USA,AK,Alaska,Far West,2012,2012,9930.0,USD,All-payer personal health care expenditure per capita,CMS State Health Expenditure Accounts,https://www.cms.gov/data-research/statistics-trends-and-reports/national-health-expenditure-data/state-residence
USA,AK,Alaska,Far West,2013,2013,10085.0,USD,All-payer personal health care expenditure per capita,CMS State Health Expenditure Accounts,https://www.cms.gov/data-research/statistics-trends-and-reports/national-health-expenditure-data/state-residence
USA,AK,Alaska,Far West,2014,2014,10535.0,USD,All-payer personal health care expenditure per capita,CMS State Health Expenditure Accounts,https://www.cms.gov/data-research/statistics-trends-and-reports/national-health-expenditure-data/state-residence
USA,AK,Alaska,Far West,2015,2015,11460.0,USD,All-payer personal health care expenditure per capita,CMS State Health Expenditure Accounts,https://www.cms.gov/data-research/statistics-trends-and-reports/national-health-expenditure-data/state-residence
USA,AK,Alaska,Far West,2016,2016,11761.0,USD,All-payer personal health care expenditure per capita,CMS State Health Expenditure Accounts,https://www.cms.gov/data-research/statistics-trends-and-reports/national-health-expenditure-data/state-residence
USA,AK,Alaska,Far West,2017,2017,12303.0,USD,All-payer personal health care expenditure per capita,CMS State Health Expenditure Accounts,https://www.cms.gov/data-research/statistics-trends-and-reports/national-health-expenditure-data/state-residence
USA,AK,Alaska,Far West,2018,2018,12695.0,USD,All-payer personal health care expenditure per capita,CMS State Health Expenditure Accounts,https://www.cms.gov/data-research/statistics-trends-and-reports/national-health-expenditure-data/state-residence
USA,AK,Alaska,Far West,2019,2019,13226.0,USD,All-payer personal health care expenditure per capita,CMS State Health Expenditure Accounts,https://www.cms.gov/data-research/statistics-trends-and-reports/national-health-expenditure-data/state-residence
USA,AK,Alaska,Far West,2020,2020,13642.0,USD,All-payer personal health care expenditure per capita,CMS State Health Expenditure Accounts,https://www.cms.gov/data-research/statistics-trends-and-reports/national-health-expenditure-data/state-residence
USA,AL,Alabama,Southeast,1991,1991,2523.0,USD,All-payer personal health care expenditure per capita,CMS State Health Expenditure Accounts,https://www.cms.gov/data-research/statistics-trends-and-reports/national-health-expenditure-data/state-residence
USA,AL,Alabama,Southeast,1992,1992,2704.0,USD,All-payer personal health care expenditure per capita,CMS State Health Expenditure Accounts,https://www.cms.gov/data-research/statistics-trends-and-reports/national-health-expenditure-data/state-residence
USA,AL,Alabama,Southeast,1993,1993,2841.0,USD,All-payer personal health care expenditure per capita,CMS State Health Expenditure Accounts,https://www.cms.gov/data-research/statistics-trends-and-reports/national-health-expenditure-data/state-residence
USA,AL,Alabama,Southeast,1994,1994,2970.0,USD,All-payer personal health care expenditure per capita,CMS State Health Expenditure Accounts,https://www.cms.gov/data-research/statistics-trends-and-reports/national-health-expenditure-data/state-residence
USA,AL,Alabama,Southeast,1995,1995,3137.0,USD,All-payer personal health care expenditure per capita,CMS State Health Expenditure Accounts,https://www.cms.gov/data-research/statistics-trends-and-reports/national-health-expenditure-data/state-residence
USA,AL,Alabama,Southeast,1996,1996,3316.0,USD,All-payer personal health care expenditure per capita,CMS State Health Expenditure Accounts,https://www.cms.gov/data-research/statistics-trends-and-reports/national-health-expenditure-data/state-residence
USA,AL,Alabama,Southeast,1997,1997,3526.0,USD,All-payer personal health care expenditure per capita,CMS State Health Expenditure Accounts,https://www.cms.gov/data-research/statistics-trends-and-reports/national-health-expenditure-data/state-residence
USA,AL,Alabama,Southeast,1998,1998,3570.0,USD,All-payer personal health care expenditure per capita,CMS State Health Expenditure Accounts,https://www.cms.gov/data-research/statistics-trends-and-reports/national-health-expenditure-data/state-residence
USA,AL,Alabama,Southeast,1999,1999,3689.0,USD,All-payer personal health care expenditure per capita,CMS State Health Expenditure Accounts,https://www.cms.gov/data-research/statistics-trends-and-reports/national-health-expenditure-data/state-residence
USA,AL,Alabama,Southeast,2000,2000,3921.0,USD,All-payer personal health care expenditure per capita,CMS State Health Expenditure Accounts,https://www.cms.gov/data-research/statistics-trends-and-reports/national-health-expenditure-data/state-residence
USA,AL,Alabama,Southeast,2001,2001,4158.0,USD,All-payer personal health care expenditure per capita,CMS State Health Expenditure Accounts,https://www.cms.gov/data-research/statistics-trends-and-reports/national-health-expenditure-data/state-residence
USA,AL,Alabama,Southeast,2002,2002,4513.0,USD,All-payer personal health care expenditure per capita,CMS State Health Expenditure Accounts,https://www.cms.gov/data-research/statistics-trends-and-reports/national-health-expenditure-data/state-residence
USA,AL,Alabama,Southeast,2003,2003,4995.0,USD,All-payer personal health care expenditure per capita,CMS State Health Expenditure Accounts,https://www.cms.gov/data-research/statistics-trends-and-reports/national-health-expenditure-data/state-residence
USA,AL,Alabama,Southeast,2004,2004,5238.0,USD,All-payer personal health care expenditure per capita,CMS State Health Expenditure Accounts,https://www.cms.gov/data-research/statistics-trends-and-reports/national-health-expenditure-data/state-residence
USA,AL,Alabama,Southeast,2005,2005,5546.0,USD,All-payer personal health care expenditure per capita,CMS State Health Expenditure Accounts,https://www.cms.gov/data-research/statistics-trends-and-reports/national-health-expenditure-data/state-residence
USA,AL,Alabama,Southeast,2006,2006,5768.0,USD,All-payer personal health care expenditure per capita,CMS State Health Expenditure Accounts,https://www.cms.gov/data-research/statistics-trends-and-reports/national-health-expenditure-data/state-residence
USA,AL,Alabama,Southeast,2007,2007,5942.0,USD,All-payer personal health care expenditure per capita,CMS State Health Expenditure Accounts,https://www.cms.gov/data-research/statistics-trends-and-reports/national-health-expenditure-data/state-residence
USA,AL,Alabama,Southeast,2008,2008,6100.0,USD,All-payer personal health care expenditure per capita,CMS State Health Expenditure Accounts,https://www.cms.gov/data-research/statistics-trends-and-reports/national-health-expenditure-data/state-residence
USA,AL,Alabama,Southeast,2009,2009,6322.0,USD,All-payer personal health care expenditure per capita,CMS State Health Expenditure Accounts,https://www.cms.gov/data-research/statistics-trends-and-reports/national-health-expenditure-data/state-residence
USA,AL,Alabama,Southeast,2010,2010,6406.0,USD,All-payer personal health care expenditure per capita,CMS State Health Expenditure Accounts,https://www.cms.gov/data-research/statistics-trends-and-reports/national-health-expenditure-data/state-residence
USA,AL,Alabama,Southeast,2011,2011,6513.0,USD,All-payer personal health care expenditure per capita,CMS State Health Expenditure Accounts,https://www.cms.gov/data-research/statistics-trends-and-reports/national-health-expenditure-data/state-residence
USA,AL,Alabama,Southeast,2012,2012,6797.0,USD,All-payer personal health care expenditure per capita,CMS State Health Expenditure Accounts,https://www.cms.gov/data-research/statistics-trends-and-reports/national-health-expenditure-data/state-residence
USA,AL,Alabama,Southeast,2013,2013,6969.0,USD,All-payer personal health care expenditure per capita,CMS State Health Expenditure Accounts,https://www.cms.gov/data-research/statistics-trends-and-reports/national-health-expenditure-data/state-residence
USA,AL,Alabama,Southeast,2014,2014,7277.0,USD,All-payer personal health care expenditure per capita,CMS State Health Expenditure Accounts,https://www.cms.gov/data-research/statistics-trends-and-reports/national-health-expenditure-data/state-residence
USA,AL,Alabama,Southeast,2015,2015,7657.0,USD,All-payer personal health care expenditure per capita,CMS State Health Expenditure Accounts,https://www.cms.gov/data-research/statistics-trends-and-reports/national-health-expenditure-data/state-residence
USA,AL,Alabama,Southeast,2016,2016,7968.0,USD,All-payer personal health care expenditure per capita,CMS State Health Expenditure Accounts,https://www.cms.gov/data-research/statistics-trends-and-reports/national-health-expenditure-data/state-residence
USA,AL,Alabama,Southeast,2017,2017,8154.0,USD,All-payer personal health care expenditure per capita,CMS State Health Expenditure Accounts,https://www.cms.gov/data-research/statistics-trends-and-reports/national-health-expenditure-data/state-residence
USA,AL,Alabama,Southeast,2018,2018,8343.0,USD,All-payer personal health care expenditure per capita,CMS State Health Expenditure Accounts,https://www.cms.gov/data-research/statistics-trends-and-reports/national-health-expenditure-data/state-residence
USA,AL,Alabama,Southeast,2019,2019,8741.0,USD,All-payer personal health care expenditure per capita,CMS State Health Expenditure Accounts,https://www.cms.gov/data-research/statistics-trends-and-reports/national-health-expenditure-data/state-residence
USA,AL,Alabama,Southeast,2020,2020,9280.0,USD,All-payer personal health care expenditure per capita,CMS State Health Expenditure Accounts,https://www.cms.gov/data-research/statistics-trends-and-reports/national-health-expenditure-data/state-residence
USA,AR,Arkansas,Southeast,1991,1991,2351.0,USD,All-payer personal health care expenditure per capita,CMS State Health Expenditure Accounts,https://www.cms.gov/data-research/statistics-trends-and-reports/national-health-expenditure-data/state-residence
USA,AR,Arkansas,Southeast,1992,1992,2480.0,USD,All-payer personal health care expenditure per capita,CMS State Health Expenditure Accounts,https://www.cms.gov/data-research/statistics-trends-and-reports/national-health-expenditure-data/state-residence
USA,AR,Arkansas,Southeast,1993,1993,2597.0,USD,All-payer personal health care expenditure per capita,CMS State Health Expenditure Accounts,https://www.cms.gov/data-research/statistics-trends-and-reports/national-health-expenditure-data/state-residence
USA,AR,Arkansas,Southeast,1994,1994,2714.0,USD,All-payer personal health care expenditure per capita,CMS State Health Expenditure Accounts,https://www.cms.gov/data-research/statistics-trends-and-reports/national-health-expenditure-data/state-residence
USA,AR,Arkansas,Southeast,1995,1995,2891.0,USD,All-payer personal health care expenditure per capita,CMS State Health Expenditure Accounts,https://www.cms.gov/data-research/statistics-trends-and-reports/national-health-expenditure-data/state-residence
USA,AR,Arkansas,Southeast,1996,1996,3031.0,USD,All-payer personal health care expenditure per capita,CMS State Health Expenditure Accounts,https://www.cms.gov/data-research/statistics-trends-and-reports/national-health-expenditure-data/state-residence
USA,AR,Arkansas,Southeast,1997,1997,3215.0,USD,All-payer personal health care expenditure per capita,CMS State Health Expenditure Accounts,https://www.cms.gov/data-research/statistics-trends-and-reports/national-health-expenditure-data/state-residence
USA,AR,Arkansas,Southeast,1998,1998,3334.0,USD,All-payer personal health care expenditure per capita,CMS State Health Expenditure Accounts,https://www.cms.gov/data-research/statistics-trends-and-reports/national-health-expenditure-data/state-residence
USA,AR,Arkansas,Southeast,1999,1999,3517.0,USD,All-payer personal health care expenditure per capita,CMS State Health Expenditure Accounts,https://www.cms.gov/data-research/statistics-trends-and-reports/national-health-expenditure-data/state-residence
USA,AR,Arkansas,Southeast,2000,2000,3709.0,USD,All-payer personal health care expenditure per capita,CMS State Health Expenditure Accounts,https://www.cms.gov/data-research/statistics-trends-and-reports/national-health-expenditure-data/state-residence
USA,AR,Arkansas,Southeast,2001,2001,4008.0,USD,All-payer personal health care expenditure per capita,CMS State Health Expenditure Accounts,https://www.cms.gov/data-research/statistics-trends-and-reports/national-health-expenditure-data/state-residence
USA,AR,Arkansas,Southeast,2002,2002,4355.0,USD,All-payer personal health care expenditure per capita,CMS State Health Expenditure Accounts,https://www.cms.gov/data-research/statistics-trends-and-reports/national-health-expenditure-data/state-residence
USA,AR,Arkansas,Southeast,2003,2003,4618.0,USD,All-payer personal health care expenditure per capita,CMS State Health Expenditure Accounts,https://www.cms.gov/data-research/statistics-trends-and-reports/national-health-expenditure-data/state-residence
USA,AR,Arkansas,Southeast,2004,2004,4879.0,USD,All-payer personal health care expenditure per capita,CMS State Health Expenditure Accounts,https://www.cms.gov/data-research/statistics-trends-and-reports/national-health-expenditure-data/state-residence
USA,AR,Arkansas,Southeast,2005,2005,5238.0,USD,All-payer personal health care expenditure per capita,CMS State Health Expenditure Accounts,https://www.cms.gov/data-research/statistics-trends-and-reports/national-health-expenditure-data/state-residence
USA,AR,Arkansas,Southeast,2006,2006,5462.0,USD,All-payer personal health care expenditure per capita,CMS State Health Expenditure Accounts,https://www.cms.gov/data-research/statistics-trends-and-reports/national-health-expenditure-data/state-residence
USA,AR,Arkansas,Southeast,2007,2007,5757.0,USD,All-payer personal health care expenditure per capita,CMS State Health Expenditure Accounts,https://www.cms.gov/data-research/statistics-trends-and-reports/national-health-expenditure-data/state-residence
USA,AR,Arkansas,Southeast,2008,2008,5985.0,USD,All-payer personal health care expenditure per capita,CMS State Health Expenditure Accounts,https://www.cms.gov/data-research/statistics-trends-and-reports/national-health-expenditure-data/state-residence
USA,AR,Arkansas,Southeast,2009,2009,6223.0,USD,All-payer personal health care expenditure per capita,CMS State Health Expenditure Accounts,https://www.cms.gov/data-research/statistics-trends-and-reports/national-health-expenditure-data/state-residence
USA,AR,Arkansas,Southeast,2010,2010,6378.0,USD,All-payer personal health care expenditure per capita,CMS State Health Expenditure Accounts,https://www.cms.gov/data-research/statistics-trends-and-reports/national-health-expenditure-data/state-residence
USA,AR,Arkansas,Southeast,2011,2011,6541.0,USD,All-payer personal health care expenditure per capita,CMS State Health Expenditure Accounts,https://www.cms.gov/data-research/statistics-trends-and-reports/national-health-expenditure-data/state-residence
USA,AR,Arkansas,Southeast,2012,2012,6773.0,USD,All-payer personal health care expenditure per capita,CMS State Health Expenditure Accounts,https://www.cms.gov/data-research/statistics-trends-and-reports/national-health-expenditure-data/state-residence
USA,AR,Arkansas,Southeast,2013,2013,6819.0,USD,All-payer personal health care expenditure per capita,CMS State Health Expenditure Accounts,https://www.cms.gov/data-research/statistics-trends-and-reports/national-health-expenditure-data/state-residence
USA,AR,Arkansas,Southeast,2014,2014,7284.0,USD,All-payer personal health care expenditure per capita,CMS State Health Expenditure Accounts,https://www.cms.gov/data-research/statistics-trends-and-reports/national-health-expenditure-data/state-residence
USA,AR,Arkansas,Southeast,2015,2015,7620.0,USD,All-payer personal health care expenditure per capita,CMS State Health Expenditure Accounts,https://www.cms.gov/data-research/statistics-trends-and-reports/national-health-expenditure-data/state-residence
USA,AR,Arkansas,Southeast,2016,2016,8079.0,USD,All-payer personal health care expenditure per capita,CMS State Health Expenditure Accounts,https://www.cms.gov/data-research/statistics-trends-and-reports/national-health-expenditure-data/state-residence
USA,AR,Arkansas,Southeast,2017,2017,8409.0,USD,All-payer personal health care expenditure per capita,CMS State Health Expenditure Accounts,https://www.cms.gov/data-research/statistics-trends-and-reports/national-health-expenditure-data/state-residence
USA,AR,Arkansas,Southeast,2018,2018,8545.0,USD,All-payer personal health care expenditure per capita,CMS State Health Expenditure Accounts,https://www.cms.gov/data-research/statistics-trends-and-reports/national-health-expenditure-data/state-residence
USA,AR,Arkansas,Southeast,2019,2019,8853.0,USD,All-payer personal health care expenditure per capita,CMS State Health Expenditure Accounts,https://www.cms.gov/data-research/statistics-trends-and-reports/national-health-expenditure-data/state-residence
USA,AR,Arkansas,Southeast,2020,2020,9338.0,USD,All-payer personal health care expenditure per capita,CMS State Health Expenditure Accounts,https://www.cms.gov/data-research/statistics-trends-and-reports/national-health-expenditure-data/state-residence
USA,AZ,Arizona,Southwest,1991,1991,2434.0,USD,All-payer personal health care expenditure per capita,CMS State Health Expenditure Accounts,https://www.cms.gov/data-research/statistics-trends-and-reports/national-health-expenditure-data/state-residence
USA,AZ,Arizona,Southwest,1992,1992,2493.0,USD,All-payer personal health care expenditure per capita,CMS State Health Expenditure Accounts,https://www.cms.gov/data-research/statistics-trends-and-reports/national-health-expenditure-data/state-residence
USA,AZ,Arizona,Southwest,1993,1993,2610.0,USD,All-payer personal health care expenditure per capita,CMS State Health Expenditure Accounts,https://www.cms.gov/data-research/statistics-trends-and-reports/national-health-expenditure-data/state-residence
USA,AZ,Arizona,Southwest,1994,1994,2666.0,USD,All-payer personal health care expenditure per capita,CMS State Health Expenditure Accounts,https://www.cms.gov/data-research/statistics-trends-and-reports/national-health-expenditure-data/state-residence
USA,AZ,Arizona,Southwest,1995,1995,2695.0,USD,All-payer personal health care expenditure per capita,CMS State Health Expenditure Accounts,https://www.cms.gov/data-research/statistics-trends-and-reports/national-health-expenditure-data/state-residence
USA,AZ,Arizona,Southwest,1996,1996,2785.0,USD,All-payer personal health care expenditure per capita,CMS State Health Expenditure Accounts,https://www.cms.gov/data-research/statistics-trends-and-reports/national-health-expenditure-data/state-residence
USA,AZ,Arizona,Southwest,1997,1997,2816.0,USD,All-payer personal health care expenditure per capita,CMS State Health Expenditure Accounts,https://www.cms.gov/data-research/statistics-trends-and-reports/national-health-expenditure-data/state-residence
USA,AZ,Arizona,Southwest,1998,1998,2935.0,USD,All-payer personal health care expenditure per capita,CMS State Health Expenditure Accounts,https://www.cms.gov/data-research/statistics-trends-and-reports/national-health-expenditure-data/state-residence
USA,AZ,Arizona,Southwest,1999,1999,3068.0,USD,All-payer personal health care expenditure per capita,CMS State Health Expenditure Accounts,https://www.cms.gov/data-research/statistics-trends-and-reports/national-health-expenditure-data/state-residence
USA,AZ,Arizona,Southwest,2000,2000,3225.0,USD,All-payer personal health care expenditure per capita,CMS State Health Expenditure Accounts,https://www.cms.gov/data-research/statistics-trends-and-reports/national-health-expenditure-data/state-residence
USA,AZ,Arizona,Southwest,2001,2001,3435.0,USD,All-payer personal health care expenditure per capita,CMS State Health Expenditure Accounts,https://www.cms.gov/data-research/statistics-trends-and-reports/national-health-expenditure-data/state-residence
USA,AZ,Arizona,Southwest,2002,2002,3791.0,USD,All-payer personal health care expenditure per capita,CMS State Health Expenditure Accounts,https://www.cms.gov/data-research/statistics-trends-and-reports/national-health-expenditure-data/state-residence
USA,AZ,Arizona,Southwest,2003,2003,4090.0,USD,All-payer personal health care expenditure per capita,CMS State Health Expenditure Accounts,https://www.cms.gov/data-research/statistics-trends-and-reports/national-health-expenditure-data/state-residence
USA,AZ,Arizona,Southwest,2004,2004,4390.0,USD,All-payer personal health care expenditure per capita,CMS State Health Expenditure Accounts,https://www.cms.gov/data-research/statistics-trends-and-reports/national-health-expenditure-data/state-residence
USA,AZ,Arizona,Southwest,2005,2005,4841.0,USD,All-payer personal health care expenditure per capita,CMS State Health Expenditure Accounts,https://www.cms.gov/data-research/statistics-trends-and-reports/national-health-expenditure-data/state-residence
USA,AZ,Arizona,Southwest,2006,2006,5127.0,USD,All-payer personal health care expenditure per capita,CMS State Health Expenditure Accounts,https://www.cms.gov/data-research/statistics-trends-and-reports/national-health-expenditure-data/state-residence
USA,AZ,Arizona,Southwest,2007,2007,5441.0,USD,All-payer personal health care expenditure per capita,CMS State Health Expenditure Accounts,https://www.cms.gov/data-research/statistics-trends-and-reports/national-health-expenditure-data/state-residence
USA,AZ,Arizona,Southwest,2008,2008,5677.0,USD,All-payer personal health care expenditure per capita,CMS State Health Expenditure Accounts,https://www.cms.gov/data-research/statistics-trends-and-reports/national-health-expenditure-data/state-residence
USA,AZ,Arizona,Southwest,2009,2009,5877.0,USD,All-payer personal health care expenditure per capita,CMS State Health Expenditure Accounts,https://www.cms.gov/data-research/statistics-trends-and-reports/national-health-expenditure-data/state-residence
USA,AZ,Arizona,Southwest,2010,2010,6020.0,USD,All-payer personal health care expenditure per capita,CMS State Health Expenditure Accounts,https://www.cms.gov/data-research/statistics-trends-and-reports/national-health-expenditure-data/state-residence
USA,AZ,Arizona,Southwest,2011,2011,6075.0,USD,All-payer personal health care expenditure per capita,CMS State Health Expenditure Accounts,https://www.cms.gov/data-research/statistics-trends-and-reports/national-health-expenditure-data/state-residence
USA,AZ,Arizona,Southwest,2012,2012,6207.0,USD,All-payer personal health care expenditure per capita,CMS State Health Expenditure Accounts,https://www.cms.gov/data-research/statistics-trends-and-reports/national-health-expenditure-data/state-residence
USA,AZ,Arizona,Southwest,2013,2013,6289.0,USD,All-payer personal health care expenditure per capita,CMS State Health Expenditure Accounts,https://www.cms.gov/data-research/statistics-trends-and-reports/national-health-expenditure-data/state-residence
USA,AZ,Arizona,Southwest,2014,2014,6561.0,USD,All-payer personal health care expenditure per capita,CMS State Health Expenditure Accounts,https://www.cms.gov/data-research/statistics-trends-and-reports/national-health-expenditure-data/state-residence
USA,AZ,Arizona,Southwest,2015,2015,6885.0,USD,All-payer personal health care expenditure per capita,CMS State Health Expenditure Accounts,https://www.cms.gov/data-research/statistics-trends-and-reports/national-health-expenditure-data/state-residence
USA,AZ,Arizona,Southwest,2016,2016,7189.0,USD,All-payer personal health care expenditure per capita,CMS State Health Expenditure Accounts,https://www.cms.gov/data-research/statistics-trends-and-reports/national-health-expenditure-data/state-residence
USA,AZ,Arizona,Southwest,2017,2017,7539.0,USD,All-payer personal health care expenditure per capita,CMS State Health Expenditure Accounts,https://www.cms.gov/data-research/statistics-trends-and-reports/national-health-expenditure-data/state-residence
USA,AZ,Arizona,Southwest,2018,2018,7816.0,USD,All-payer personal health care expenditure per capita,CMS State Health Expenditure Accounts,https://www.cms.gov/data-research/statistics-trends-and-reports/national-health-expenditure-data/state-residence
USA,AZ,Arizona,Southwest,2019,2019,8145.0,USD,All-payer personal health care expenditure per capita,CMS State Health Expenditure Accounts,https://www.cms.gov/data-research/statistics-trends-and-reports/national-health-expenditure-data/state-residence
USA,AZ,Arizona,Southwest,2020,2020,8756.0,USD,All-payer personal health care expenditure per capita,CMS State Health Expenditure Accounts,https://www.cms.gov/data-research/statistics-trends-and-reports/national-health-expenditure-data/state-residence
USA,CA,California,Far West,1991,1991,2659.0,USD,All-payer personal health care expenditure per capita,CMS State Health Expenditure Accounts,https://www.cms.gov/data-research/statistics-trends-and-reports/national-health-expenditure-data/state-residence
USA,CA,California,Far West,1992,1992,2827.0,USD,All-payer personal health care expenditure per capita,CMS State Health Expenditure Accounts,https://www.cms.gov/data-research/statistics-trends-and-reports/national-health-expenditure-data/state-residence
USA,CA,California,Far West,1993,1993,2931.0,USD,All-payer personal health care expenditure per capita,CMS State Health Expenditure Accounts,https://www.cms.gov/data-research/statistics-trends-and-reports/national-health-expenditure-data/state-residence
USA,CA,California,Far West,1994,1994,2984.0,USD,All-payer personal health care expenditure per capita,CMS State Health Expenditure Accounts,https://www.cms.gov/data-research/statistics-trends-and-reports/national-health-expenditure-data/state-residence
USA,CA,California,Far West,1995,1995,3049.0,USD,All-payer personal health care expenditure per capita,CMS State Health Expenditure Accounts,https://www.cms.gov/data-research/statistics-trends-and-reports/national-health-expenditure-data/state-residence
USA,CA,California,Far West,1996,1996,3127.0,USD,All-payer personal health care expenditure per capita,CMS State Health Expenditure Accounts,https://www.cms.gov/data-research/statistics-trends-and-reports/national-health-expenditure-data/state-residence
USA,CA,California,Far West,1997,1997,3181.0,USD,All-payer personal health care expenditure per capita,CMS State Health Expenditure Accounts,https://www.cms.gov/data-research/statistics-trends-and-reports/national-health-expenditure-data/state-residence
USA,CA,California,Far West,1998,1998,3352.0,USD,All-payer personal health care expenditure per capita,CMS State Health Expenditure Accounts,https://www.cms.gov/data-research/statistics-trends-and-reports/national-health-expenditure-data/state-residence
USA,CA,California,Far West,1999,1999,3436.0,USD,All-payer personal health care expenditure per capita,CMS State Health Expenditure Accounts,https://www.cms.gov/data-research/statistics-trends-and-reports/national-health-expenditure-data/state-residence
USA,CA,California,Far West,2000,2000,3567.0,USD,All-payer personal health care expenditure per capita,CMS State Health Expenditure Accounts,https://www.cms.gov/data-research/statistics-trends-and-reports/national-health-expenditure-data/state-residence
USA,CA,California,Far West,2001,2001,3831.0,USD,All-payer personal health care expenditure per capita,CMS State Health Expenditure Accounts,https://www.cms.gov/data-research/statistics-trends-and-reports/national-health-expenditure-data/state-residence
USA,CA,California,Far West,2002,2002,4129.0,USD,All-payer personal health care expenditure per capita,CMS State Health Expenditure Accounts,https://www.cms.gov/data-research/statistics-trends-and-reports/national-health-expenditure-data/state-residence
USA,CA,California,Far West,2003,2003,4493.0,USD,All-payer personal health care expenditure per capita,CMS State Health Expenditure Accounts,https://www.cms.gov/data-research/statistics-trends-and-reports/national-health-expenditure-data/state-residence
USA,CA,California,Far West,2004,2004,4766.0,USD,All-payer personal health care expenditure per capita,CMS State Health Expenditure Accounts,https://www.cms.gov/data-research/statistics-trends-and-reports/national-health-expenditure-data/state-residence
USA,CA,California,Far West,2005,2005,5097.0,USD,All-payer personal health care expenditure per capita,CMS State Health Expenditure Accounts,https://www.cms.gov/data-research/statistics-trends-and-reports/national-health-expenditure-data/state-residence
USA,CA,California,Far West,2006,2006,5394.0,USD,All-payer personal health care expenditure per capita,CMS State Health Expenditure Accounts,https://www.cms.gov/data-research/statistics-trends-and-reports/national-health-expenditure-data/state-residence
USA,CA,California,Far West,2007,2007,5775.0,USD,All-payer personal health care expenditure per capita,CMS State Health Expenditure Accounts,https://www.cms.gov/data-research/statistics-trends-and-reports/national-health-expenditure-data/state-residence
USA,CA,California,Far West,2008,2008,6035.0,USD,All-payer personal health care expenditure per capita,CMS State Health Expenditure Accounts,https://www.cms.gov/data-research/statistics-trends-and-reports/national-health-expenditure-data/state-residence
USA,CA,California,Far West,2009,2009,6207.0,USD,All-payer personal health care expenditure per capita,CMS State Health Expenditure Accounts,https://www.cms.gov/data-research/statistics-trends-and-reports/national-health-expenditure-data/state-residence
USA,CA,California,Far West,2010,2010,6480.0,USD,All-payer personal health care expenditure per capita,CMS State Health Expenditure Accounts,https://www.cms.gov/data-research/statistics-trends-and-reports/national-health-expenditure-data/state-residence
USA,CA,California,Far West,2011,2011,6741.0,USD,All-payer personal health care expenditure per capita,CMS State Health Expenditure Accounts,https://www.cms.gov/data-research/statistics-trends-and-reports/national-health-expenditure-data/state-residence
USA,CA,California,Far West,2012,2012,7038.0,USD,All-payer personal health care expenditure per capita,CMS State Health Expenditure Accounts,https://www.cms.gov/data-research/statistics-trends-and-reports/national-health-expenditure-data/state-residence
USA,CA,California,Far West,2013,2013,7241.0,USD,All-payer personal health care expenditure per capita,CMS State Health Expenditure Accounts,https://www.cms.gov/data-research/statistics-trends-and-reports/national-health-expenditure-data/state-residence
USA,CA,California,Far West,2014,2014,7472.0,USD,All-payer personal health care expenditure per capita,CMS State Health Expenditure Accounts,https://www.cms.gov/data-research/statistics-trends-and-reports/national-health-expenditure-data/state-residence
USA,CA,California,Far West,2015,2015,7998.0,USD,All-payer personal health care expenditure per capita,CMS State Health Expenditure Accounts,https://www.cms.gov/data-research/statistics-trends-and-reports/national-health-expenditure-data/state-residence
USA,CA,California,Far West,2016,2016,8325.0,USD,All-payer personal health care expenditure per capita,CMS State Health Expenditure Accounts,https://www.cms.gov/data-research/statistics-trends-and-reports/national-health-expenditure-data/state-residence
USA,CA,California,Far West,2017,2017,8594.0,USD,All-payer personal health care expenditure per capita,CMS State Health Expenditure Accounts,https://www.cms.gov/data-research/statistics-trends-and-reports/national-health-expenditure-data/state-residence
USA,CA,California,Far West,2018,2018,9069.0,USD,All-payer personal health care expenditure per capita,CMS State Health Expenditure Accounts,https://www.cms.gov/data-research/statistics-trends-and-reports/national-health-expenditure-data/state-residence
USA,CA,California,Far West,2019,2019,9628.0,USD,All-payer personal health care expenditure per capita,CMS State Health Expenditure Accounts,https://www.cms.gov/data-research/statistics-trends-and-reports/national-health-expenditure-data/state-residence
USA,CA,California,Far West,2020,2020,10299.0,USD,All-payer personal health care expenditure per capita,CMS State Health Expenditure Accounts,https://www.cms.gov/data-research/statistics-trends-and-reports/national-health-expenditure-data/state-residence
USA,CO,Colorado,Rocky Mountain,1991,1991,2481.0,USD,All-payer personal health care expenditure per capita,CMS State Health Expenditure Accounts,https://www.cms.gov/data-research/statistics-trends-and-reports/national-health-expenditure-data/state-residence
USA,CO,Colorado,Rocky Mountain,1992,1992,2619.0,USD,All-payer personal health care expenditure per capita,CMS State Health Expenditure Accounts,https://www.cms.gov/data-research/statistics-trends-and-reports/national-health-expenditure-data/state-residence
USA,CO,Colorado,Rocky Mountain,1993,1993,2694.0,USD,All-payer personal health care expenditure per capita,CMS State Health Expenditure Accounts,https://www.cms.gov/data-research/statistics-trends-and-reports/national-health-expenditure-data/state-residence
USA,CO,Colorado,Rocky Mountain,1994,1994,2774.0,USD,All-payer personal health care expenditure per capita,CMS State Health Expenditure Accounts,https://www.cms.gov/data-research/statistics-trends-and-reports/national-health-expenditure-data/state-residence
USA,CO,Colorado,Rocky Mountain,1995,1995,2903.0,USD,All-payer personal health care expenditure per capita,CMS State Health Expenditure Accounts,https://www.cms.gov/data-research/statistics-trends-and-reports/national-health-expenditure-data/state-residence
USA,CO,Colorado,Rocky Mountain,1996,1996,3018.0,USD,All-payer personal health care expenditure per capita,CMS State Health Expenditure Accounts,https://www.cms.gov/data-research/statistics-trends-and-reports/national-health-expenditure-data/state-residence
USA,CO,Colorado,Rocky Mountain,1997,1997,3112.0,USD,All-payer personal health care expenditure per capita,CMS State Health Expenditure Accounts,https://www.cms.gov/data-research/statistics-trends-and-reports/national-health-expenditure-data/state-residence
USA,CO,Colorado,Rocky Mountain,1998,1998,3322.0,USD,All-payer personal health care expenditure per capita,CMS State Health Expenditure Accounts,https://www.cms.gov/data-research/statistics-trends-and-reports/national-health-expenditure-data/state-residence
USA,CO,Colorado,Rocky Mountain,1999,1999,3464.0,USD,All-payer personal health care expenditure per capita,CMS State Health Expenditure Accounts,https://www.cms.gov/data-research/statistics-trends-and-reports/national-health-expenditure-data/state-residence
USA,CO,Colorado,Rocky Mountain,2000,2000,3767.0,USD,All-payer personal health care expenditure per capita,CMS State Health Expenditure Accounts,https://www.cms.gov/data-research/statistics-trends-and-reports/national-health-expenditure-data/state-residence
USA,CO,Colorado,Rocky Mountain,2001,2001,3994.0,USD,All-payer personal health care expenditure per capita,CMS State Health Expenditure Accounts,https://www.cms.gov/data-research/statistics-trends-and-reports/national-health-expenditure-data/state-residence
USA,CO,Colorado,Rocky Mountain,2002,2002,4275.0,USD,All-payer personal health care expenditure per capita,CMS State Health Expenditure Accounts,https://www.cms.gov/data-research/statistics-trends-and-reports/national-health-expenditure-data/state-residence
USA,CO,Colorado,Rocky Mountain,2003,2003,4585.0,USD,All-payer personal health care expenditure per capita,CMS State Health Expenditure Accounts,https://www.cms.gov/data-research/statistics-trends-and-reports/national-health-expenditure-data/state-residence
USA,CO,Colorado,Rocky Mountain,2004,2004,4835.0,USD,All-payer personal health care expenditure per capita,CMS State Health Expenditure Accounts,https://www.cms.gov/data-research/statistics-trends-and-reports/national-health-expenditure-data/state-residence
USA,CO,Colorado,Rocky Mountain,2005,2005,4952.0,USD,All-payer personal health care expenditure per capita,CMS State Health Expenditure Accounts,https://www.cms.gov/data-research/statistics-trends-and-reports/national-health-expenditure-data/state-residence
USA,CO,Colorado,Rocky Mountain,2006,2006,5295.0,USD,All-payer personal health care expenditure per capita,CMS State Health Expenditure Accounts,https://www.cms.gov/data-research/statistics-trends-and-reports/national-health-expenditure-data/state-residence
USA,CO,Colorado,Rocky Mountain,2007,2007,5560.0,USD,All-payer personal health care expenditure per capita,CMS State Health Expenditure Accounts,https://www.cms.gov/data-research/statistics-trends-and-reports/national-health-expenditure-data/state-residence
USA,CO,Colorado,Rocky Mountain,2008,2008,5692.0,USD,All-payer personal health care expenditure per capita,CMS State Health Expenditure Accounts,https://www.cms.gov/data-research/statistics-trends-and-reports/national-health-expenditure-data/state-residence
USA,CO,Colorado,Rocky Mountain,2009,2009,5860.0,USD,All-payer personal health care expenditure per capita,CMS State Health Expenditure Accounts,https://www.cms.gov/data-research/statistics-trends-and-reports/national-health-expenditure-data/state-residence
USA,CO,Colorado,Rocky Mountain,2010,2010,5932.0,USD,All-payer personal health care expenditure per capita,CMS State Health Expenditure Accounts,https://www.cms.gov/data-research/statistics-trends-and-reports/national-health-expenditure-data/state-residence
USA,CO,Colorado,Rocky Mountain,2011,2011,6061.0,USD,All-payer personal health care expenditure per capita,CMS State Health Expenditure Accounts,https://www.cms.gov/data-research/statistics-trends-and-reports/national-health-expenditure-data/state-residence
USA,CO,Colorado,Rocky Mountain,2012,2012,6221.0,USD,All-payer personal health care expenditure per capita,CMS State Health Expenditure Accounts,https://www.cms.gov/data-research/statistics-trends-and-reports/national-health-expenditure-data/state-residence
USA,CO,Colorado,Rocky Mountain,2013,2013,6364.0,USD,All-payer personal health care expenditure per capita,CMS State Health Expenditure Accounts,https://www.cms.gov/data-research/statistics-trends-and-reports/national-health-expenditure-data/state-residence
USA,CO,Colorado,Rocky Mountain,2014,2014,6680.0,USD,All-payer personal health care expenditure per capita,CMS State Health Expenditure Accounts,https://www.cms.gov/data-research/statistics-trends-and-reports/national-health-expenditure-data/state-residence
USA,CO,Colorado,Rocky Mountain,2015,2015,7075.0,USD,All-payer personal health care expenditure per capita,CMS State Health Expenditure Accounts,https://www.cms.gov/data-research/statistics-trends-and-reports/national-health-expenditure-data/state-residence
USA,CO,Colorado,Rocky Mountain,2016,2016,7323.0,USD,All-payer personal health care expenditure per capita,CMS State Health Expenditure Accounts,https://www.cms.gov/data-research/statistics-trends-and-reports/national-health-expenditure-data/state-residence
USA,CO,Colorado,Rocky Mountain,2017,2017,7615.0,USD,All-payer personal health care expenditure per capita,CMS State Health Expenditure Accounts,https://www.cms.gov/data-research/statistics-trends-and-reports/national-health-expenditure-data/state-residence
USA,CO,Colorado,Rocky Mountain,2018,2018,7998.0,USD,All-payer personal health care expenditure per capita,CMS State Health Expenditure Accounts,https://www.cms.gov/data-research/statistics-trends-and-reports/national-health-expenditure-data/state-residence
USA,CO,Colorado,Rocky Mountain,2019,2019,8286.0,USD,All-payer personal health care expenditure per capita,CMS State Health Expenditure Accounts,https://www.cms.gov/data-research/statistics-trends-and-reports/national-health-expenditure-data/state-residence
USA,CO,Colorado,Rocky Mountain,2020,2020,8583.0,USD,All-payer personal health care expenditure per capita,CMS State Health Expenditure Accounts,https://www.cms.gov/data-research/statistics-trends-and-reports/national-health-expenditure-data/state-residence
USA,CT,Connecticut,New England,1991,1991,3305.0,USD,All-payer personal health care expenditure per capita,CMS State Health Expenditure Accounts,https://www.cms.gov/data-research/statistics-trends-and-reports/national-health-expenditure-data/state-residence
USA,CT,Connecticut,New England,1992,1992,3515.0,USD,All-payer personal health care expenditure per capita,CMS State Health Expenditure Accounts,https://www.cms.gov/data-research/statistics-trends-and-reports/national-health-expenditure-data/state-residence
USA,CT,Connecticut,New England,1993,1993,3641.0,USD,All-payer personal health care expenditure per capita,CMS State Health Expenditure Accounts,https://www.cms.gov/data-research/statistics-trends-and-reports/national-health-expenditure-data/state-residence
USA,CT,Connecticut,New England,1994,1994,3828.0,USD,All-payer personal health care expenditure per capita,CMS State Health Expenditure Accounts,https://www.cms.gov/data-research/statistics-trends-and-reports/national-health-expenditure-data/state-residence
USA,CT,Connecticut,New England,1995,1995,4088.0,USD,All-payer personal health care expenditure per capita,CMS State Health Expenditure Accounts,https://www.cms.gov/data-research/statistics-trends-and-reports/national-health-expenditure-data/state-residence
USA,CT,Connecticut,New England,1996,1996,4228.0,USD,All-payer personal health care expenditure per capita,CMS State Health Expenditure Accounts,https://www.cms.gov/data-research/statistics-trends-and-reports/national-health-expenditure-data/state-residence
USA,CT,Connecticut,New England,1997,1997,4458.0,USD,All-payer personal health care expenditure per capita,CMS State Health Expenditure Accounts,https://www.cms.gov/data-research/statistics-trends-and-reports/national-health-expenditure-data/state-residence
USA,CT,Connecticut,New England,1998,1998,4714.0,USD,All-payer personal health care expenditure per capita,CMS State Health Expenditure Accounts,https://www.cms.gov/data-research/statistics-trends-and-reports/national-health-expenditure-data/state-residence
USA,CT,Connecticut,New England,1999,1999,4929.0,USD,All-payer personal health care expenditure per capita,CMS State Health Expenditure Accounts,https://www.cms.gov/data-research/statistics-trends-and-reports/national-health-expenditure-data/state-residence
USA,CT,Connecticut,New England,2000,2000,5166.0,USD,All-payer personal health care expenditure per capita,CMS State Health Expenditure Accounts,https://www.cms.gov/data-research/statistics-trends-and-reports/national-health-expenditure-data/state-residence
USA,CT,Connecticut,New England,2001,2001,5541.0,USD,All-payer personal health care expenditure per capita,CMS State Health Expenditure Accounts,https://www.cms.gov/data-research/statistics-trends-and-reports/national-health-expenditure-data/state-residence
USA,CT,Connecticut,New England,2002,2002,5933.0,USD,All-payer personal health care expenditure per capita,CMS State Health Expenditure Accounts,https://www.cms.gov/data-research/statistics-trends-and-reports/national-health-expenditure-data/state-residence
USA,CT,Connecticut,New England,2003,2003,6217.0,USD,All-payer personal health care expenditure per capita,CMS State Health Expenditure Accounts,https://www.cms.gov/data-research/statistics-trends-and-reports/national-health-expenditure-data/state-residence
USA,CT,Connecticut,New England,2004,2004,6714.0,USD,All-payer personal health care expenditure per capita,CMS State Health Expenditure Accounts,https://www.cms.gov/data-research/statistics-trends-and-reports/national-health-expenditure-data/state-residence
USA,CT,Connecticut,New England,2005,2005,6988.0,USD,All-payer personal health care expenditure per capita,CMS State Health Expenditure Accounts,https://www.cms.gov/data-research/statistics-trends-and-reports/national-health-expenditure-data/state-residence
USA,CT,Connecticut,New England,2006,2006,7391.0,USD,All-payer personal health care expenditure per capita,CMS State Health Expenditure Accounts,https://www.cms.gov/data-research/statistics-trends-and-reports/national-health-expenditure-data/state-residence
USA,CT,Connecticut,New England,2007,2007,7799.0,USD,All-payer personal health care expenditure per capita,CMS State Health Expenditure Accounts,https://www.cms.gov/data-research/statistics-trends-and-reports/national-health-expenditure-data/state-residence
USA,CT,Connecticut,New England,2008,2008,8195.0,USD,All-payer personal health care expenditure per capita,CMS State Health Expenditure Accounts,https://www.cms.gov/data-research/statistics-trends-and-reports/national-health-expenditure-data/state-residence
USA,CT,Connecticut,New England,2009,2009,8721.0,USD,All-payer personal health care expenditure per capita,CMS State Health Expenditure Accounts,https://www.cms.gov/data-research/statistics-trends-and-reports/national-health-expenditure-data/state-residence
USA,CT,Connecticut,New England,2010,2010,8831.0,USD,All-payer personal health care expenditure per capita,CMS State Health Expenditure Accounts,https://www.cms.gov/data-research/statistics-trends-and-reports/national-health-expenditure-data/state-residence
USA,CT,Connecticut,New England,2011,2011,8910.0,USD,All-payer personal health care expenditure per capita,CMS State Health Expenditure Accounts,https://www.cms.gov/data-research/statistics-trends-and-reports/national-health-expenditure-data/state-residence
USA,CT,Connecticut,New England,2012,2012,9229.0,USD,All-payer personal health care expenditure per capita,CMS State Health Expenditure Accounts,https://www.cms.gov/data-research/statistics-trends-and-reports/national-health-expenditure-data/state-residence
USA,CT,Connecticut,New England,2013,2013,9440.0,USD,All-payer personal health care expenditure per capita,CMS State Health Expenditure Accounts,https://www.cms.gov/data-research/statistics-trends-and-reports/national-health-expenditure-data/state-residence
USA,CT,Connecticut,New England,2014,2014,9831.0,USD,All-payer personal health care expenditure per capita,CMS State Health Expenditure Accounts,https://www.cms.gov/data-research/statistics-trends-and-reports/national-health-expenditure-data/state-residence
USA,CT,Connecticut,New England,2015,2015,10294.0,USD,All-payer personal health care expenditure per capita,CMS State Health Expenditure Accounts,https://www.cms.gov/data-research/statistics-trends-and-reports/national-health-expenditure-data/state-residence
USA,CT,Connecticut,New England,2016,2016,10705.0,USD,All-payer personal health care expenditure per capita,CMS State Health Expenditure Accounts,https://www.cms.gov/data-research/statistics-trends-and-reports/national-health-expenditure-data/state-residence
USA,CT,Connecticut,New England,2017,2017,10989.0,USD,All-payer personal health care expenditure per capita,CMS State Health Expenditure Accounts,https://www.cms.gov/data-research/statistics-trends-and-reports/national-health-expenditure-data/state-residence
USA,CT,Connecticut,New England,2018,2018,11378.0,USD,All-payer personal health care expenditure per capita,CMS State Health Expenditure Accounts,https://www.cms.gov/data-research/statistics-trends-and-reports/national-health-expenditure-data/state-residence
USA,CT,Connecticut,New England,2019,2019,11831.0,USD,All-payer personal health care expenditure per capita,CMS State Health Expenditure Accounts,https://www.cms.gov/data-research/statistics-trends-and-reports/national-health-expenditure-data/state-residence
USA,CT,Connecticut,New England,2020,2020,12489.0,USD,All-payer personal health care expenditure per capita,CMS State Health Expenditure Accounts,https://www.cms.gov/data-research/statistics-trends-and-reports/national-health-expenditure-data/state-residence
USA,DC,District of Columbia,Mideast,1991,1991,4642.0,USD,All-payer personal health care expenditure per capita,CMS State Health Expenditure Accounts,https://www.cms.gov/data-research/statistics-trends-and-reports/national-health-expenditure-data/state-residence
USA,DC,District of Columbia,Mideast,1992,1992,5168.0,USD,All-payer personal health care expenditure per capita,CMS State Health Expenditure Accounts,https://www.cms.gov/data-research/statistics-trends-and-reports/national-health-expenditure-data/state-residence
USA,DC,District of Columbia,Mideast,1993,1993,5435.0,USD,All-payer personal health care expenditure per capita,CMS State Health Expenditure Accounts,https://www.cms.gov/data-research/statistics-trends-and-reports/national-health-expenditure-data/state-residence
USA,DC,District of Columbia,Mideast,1994,1994,5525.0,USD,All-payer personal health care expenditure per capita,CMS State Health Expenditure Accounts,https://www.cms.gov/data-research/statistics-trends-and-reports/national-health-expenditure-data/state-residence
USA,DC,District of Columbia,Mideast,1995,1995,5645.0,USD,All-payer personal health care expenditure per capita,CMS State Health Expenditure Accounts,https://www.cms.gov/data-research/statistics-trends-and-reports/national-health-expenditure-data/state-residence
USA,DC,District of Columbia,Mideast,1996,1996,5852.0,USD,All-payer personal health care expenditure per capita,CMS State Health Expenditure Accounts,https://www.cms.gov/data-research/statistics-trends-and-reports/national-health-expenditure-data/state-residence
USA,DC,District of Columbia,Mideast,1997,1997,5930.0,USD,All-payer personal health care expenditure per capita,CMS State Health Expenditure Accounts,https://www.cms.gov/data-research/statistics-trends-and-reports/national-health-expenditure-data/state-residence
USA,DC,District of Columbia,Mideast,1998,1998,6129.0,USD,All-payer personal health care expenditure per capita,CMS State Health Expenditure Accounts,https://www.cms.gov/data-research/statistics-trends-and-reports/national-health-expenditure-data/state-residence
USA,DC,District of Columbia,Mideast,1999,1999,6291.0,USD,All-payer personal health care expenditure per capita,CMS State Health Expenditure Accounts,https://www.cms.gov/data-research/statistics-trends-and-reports/national-health-expenditure-data/state-residence
USA,DC,District of Columbia,Mideast,2000,2000,6292.0,USD,All-payer personal health care expenditure per capita,CMS State Health Expenditure Accounts,https://www.cms.gov/data-research/statistics-trends-and-reports/national-health-expenditure-data/state-residence
USA,DC,District of Columbia,Mideast,2001,2001,6637.0,USD,All-payer personal health care expenditure per capita,CMS State Health Expenditure Accounts,https://www.cms.gov/data-research/statistics-trends-and-reports/national-health-expenditure-data/state-residence
USA,DC,District of Columbia,Mideast,2002,2002,7167.0,USD,All-payer personal health care expenditure per capita,CMS State Health Expenditure Accounts,https://www.cms.gov/data-research/statistics-trends-and-reports/national-health-expenditure-data/state-residence
USA,DC,District of Columbia,Mideast,2003,2003,7646.0,USD,All-payer personal health care expenditure per capita,CMS State Health Expenditure Accounts,https://www.cms.gov/data-research/statistics-trends-and-reports/national-health-expenditure-data/state-residence
USA,DC,District of Columbia,Mideast,2004,2004,8359.0,USD,All-payer personal health care expenditure per capita,CMS State Health Expenditure Accounts,https://www.cms.gov/data-research/statistics-trends-and-reports/national-health-expenditure-data/state-residence
USA,DC,District of Columbia,Mideast,2005,2005,8908.0,USD,All-payer personal health care expenditure per capita,CMS State Health Expenditure Accounts,https://www.cms.gov/data-research/statistics-trends-and-reports/national-health-expenditure-data/state-residence
USA,DC,District of Columbia,Mideast,2006,2006,9251.0,USD,All-payer personal health care expenditure per capita,CMS State Health Expenditure Accounts,https://www.cms.gov/data-research/statistics-trends-and-reports/national-health-expenditure-data/state-residence
USA,DC,District of Columbia,Mideast,2007,2007,9851.0,USD,All-payer personal health care expenditure per capita,CMS State Health Expenditure Accounts,https://www.cms.gov/data-research/statistics-trends-and-reports/national-health-expenditure-data/state-residence
USA,DC,District of Columbia,Mideast,2008,2008,10223.0,USD,All-payer personal health care expenditure per capita,CMS State Health Expenditure Accounts,https://www.cms.gov/data-research/statistics-trends-and-reports/national-health-expenditure-data/state-residence
USA,DC,District of Columbia,Mideast,2009,2009,10701.0,USD,All-payer personal health care expenditure per capita,CMS State Health Expenditure Accounts,https://www.cms.gov/data-research/statistics-trends-and-reports/national-health-expenditure-data/state-residence
USA,DC,District of Columbia,Mideast,2010,2010,11112.0,USD,All-payer personal health care expenditure per capita,CMS State Health Expenditure Accounts,https://www.cms.gov/data-research/statistics-trends-and-reports/national-health-expenditure-data/state-residence
USA,DC,District of Columbia,Mideast,2011,2011,11537.0,USD,All-payer personal health care expenditure per capita,CMS State Health Expenditure Accounts,https://www.cms.gov/data-research/statistics-trends-and-reports/national-health-expenditure-data/state-residence
USA,DC,District of Columbia,Mideast,2012,2012,11426.0,USD,All-payer personal health care expenditure per capita,CMS State Health Expenditure Accounts,https://www.cms.gov/data-research/statistics-trends-and-reports/national-health-expenditure-data/state-residence
USA,DC,District of Columbia,Mideast,2013,2013,11583.0,USD,All-payer personal health care expenditure per capita,CMS State Health Expenditure Accounts,https://www.cms.gov/data-research/statistics-trends-and-reports/national-health-expenditure-data/state-residence
USA,DC,District of Columbia,Mideast,2014,2014,11975.0,USD,All-payer personal health care expenditure per capita,CMS State Health Expenditure Accounts,https://www.cms.gov/data-research/statistics-trends-and-reports/national-health-expenditure-data/state-residence
USA,DC,District of Columbia,Mideast,2015,2015,12500.0,USD,All-payer personal health care expenditure per capita,CMS State Health Expenditure Accounts,https://www.cms.gov/data-research/statistics-trends-and-reports/national-health-expenditure-data/state-residence
USA,DC,District of Columbia,Mideast,2016,2016,12851.0,USD,All-payer personal health care expenditure per capita,CMS State Health Expenditure Accounts,https://www.cms.gov/data-research/statistics-trends-and-reports/national-health-expenditure-data/state-residence
USA,DC,District of Columbia,Mideast,2017,2017,13131.0,USD,All-payer personal health care expenditure per capita,CMS State Health Expenditure Accounts,https://www.cms.gov/data-research/statistics-trends-and-reports/national-health-expenditure-data/state-residence
USA,DC,District of Columbia,Mideast,2018,2018,13487.0,USD,All-payer personal health care expenditure per capita,CMS State Health Expenditure Accounts,https://www.cms.gov/data-research/statistics-trends-and-reports/national-health-expenditure-data/state-residence
USA,DC,District of Columbia,Mideast,2019,2019,13934.0,USD,All-payer personal health care expenditure per capita,CMS State Health Expenditure Accounts,https://www.cms.gov/data-research/statistics-trends-and-reports/national-health-expenditure-data/state-residence
USA,DC,District of Columbia,Mideast,2020,2020,14381.0,USD,All-payer personal health care expenditure per capita,CMS State Health Expenditure Accounts,https://www.cms.gov/data-research/statistics-trends-and-reports/national-health-expenditure-data/state-residence
USA,DE,Delaware,Mideast,1991,1991,2824.0,USD,All-payer personal health care expenditure per capita,CMS State Health Expenditure Accounts,https://www.cms.gov/data-research/statistics-trends-and-reports/national-health-expenditure-data/state-residence
USA,DE,Delaware,Mideast,1992,1992,3027.0,USD,All-payer personal health care expenditure per capita,CMS State Health Expenditure Accounts,https://www.cms.gov/data-research/statistics-trends-and-reports/national-health-expenditure-data/state-residence
USA,DE,Delaware,Mideast,1993,1993,3226.0,USD,All-payer personal health care expenditure per capita,CMS State Health Expenditure Accounts,https://www.cms.gov/data-research/statistics-trends-and-reports/national-health-expenditure-data/state-residence
USA,DE,Delaware,Mideast,1994,1994,3465.0,USD,All-payer personal health care expenditure per capita,CMS State Health Expenditure Accounts,https://www.cms.gov/data-research/statistics-trends-and-reports/national-health-expenditure-data/state-residence
USA,DE,Delaware,Mideast,1995,1995,3635.0,USD,All-payer personal health care expenditure per capita,CMS State Health Expenditure Accounts,https://www.cms.gov/data-research/statistics-trends-and-reports/national-health-expenditure-data/state-residence
USA,DE,Delaware,Mideast,1996,1996,3738.0,USD,All-payer personal health care expenditure per capita,CMS State Health Expenditure Accounts,https://www.cms.gov/data-research/statistics-trends-and-reports/national-health-expenditure-data/state-residence
USA,DE,Delaware,Mideast,1997,1997,4025.0,USD,All-payer personal health care expenditure per capita,CMS State Health Expenditure Accounts,https://www.cms.gov/data-research/statistics-trends-and-reports/national-health-expenditure-data/state-residence
USA,DE,Delaware,Mideast,1998,1998,4176.0,USD,All-payer personal health care expenditure per capita,CMS State Health Expenditure Accounts,https://www.cms.gov/data-research/statistics-trends-and-reports/national-health-expenditure-data/state-residence
USA,DE,Delaware,Mideast,1999,1999,4541.0,USD,All-payer personal health care expenditure per capita,CMS State Health Expenditure Accounts,https://www.cms.gov/data-research/statistics-trends-and-reports/national-health-expenditure-data/state-residence
USA,DE,Delaware,Mideast,2000,2000,4752.0,USD,All-payer personal health care expenditure per capita,CMS State Health Expenditure Accounts,https://www.cms.gov/data-research/statistics-trends-and-reports/national-health-expenditure-data/state-residence
USA,DE,Delaware,Mideast,2001,2001,5062.0,USD,All-payer personal health care expenditure per capita,CMS State Health Expenditure Accounts,https://www.cms.gov/data-research/statistics-trends-and-reports/national-health-expenditure-data/state-residence
USA,DE,Delaware,Mideast,2002,2002,5518.0,USD,All-payer personal health care expenditure per capita,CMS State Health Expenditure Accounts,https://www.cms.gov/data-research/statistics-trends-and-reports/national-health-expenditure-data/state-residence
USA,DE,Delaware,Mideast,2003,2003,6144.0,USD,All-payer personal health care expenditure per capita,CMS State Health Expenditure Accounts,https://www.cms.gov/data-research/statistics-trends-and-reports/national-health-expenditure-data/state-residence
USA,DE,Delaware,Mideast,2004,2004,6577.0,USD,All-payer personal health care expenditure per capita,CMS State Health Expenditure Accounts,https://www.cms.gov/data-research/statistics-trends-and-reports/national-health-expenditure-data/state-residence
USA,DE,Delaware,Mideast,2005,2005,6946.0,USD,All-payer personal health care expenditure per capita,CMS State Health Expenditure Accounts,https://www.cms.gov/data-research/statistics-trends-and-reports/national-health-expenditure-data/state-residence
USA,DE,Delaware,Mideast,2006,2006,7301.0,USD,All-payer personal health care expenditure per capita,CMS State Health Expenditure Accounts,https://www.cms.gov/data-research/statistics-trends-and-reports/national-health-expenditure-data/state-residence
USA,DE,Delaware,Mideast,2007,2007,7721.0,USD,All-payer personal health care expenditure per capita,CMS State Health Expenditure Accounts,https://www.cms.gov/data-research/statistics-trends-and-reports/national-health-expenditure-data/state-residence
USA,DE,Delaware,Mideast,2008,2008,8107.0,USD,All-payer personal health care expenditure per capita,CMS State Health Expenditure Accounts,https://www.cms.gov/data-research/statistics-trends-and-reports/national-health-expenditure-data/state-residence
USA,DE,Delaware,Mideast,2009,2009,8385.0,USD,All-payer personal health care expenditure per capita,CMS State Health Expenditure Accounts,https://www.cms.gov/data-research/statistics-trends-and-reports/national-health-expenditure-data/state-residence
USA,DE,Delaware,Mideast,2010,2010,8802.0,USD,All-payer personal health care expenditure per capita,CMS State Health Expenditure Accounts,https://www.cms.gov/data-research/statistics-trends-and-reports/national-health-expenditure-data/state-residence
USA,DE,Delaware,Mideast,2011,2011,9202.0,USD,All-payer personal health care expenditure per capita,CMS State Health Expenditure Accounts,https://www.cms.gov/data-research/statistics-trends-and-reports/national-health-expenditure-data/state-residence
USA,DE,Delaware,Mideast,2012,2012,9446.0,USD,All-payer personal health care expenditure per capita,CMS State Health Expenditure Accounts,https://www.cms.gov/data-research/statistics-trends-and-reports/national-health-expenditure-data/state-residence
USA,DE,Delaware,Mideast,2013,2013,9768.0,USD,All-payer personal health care expenditure per capita,CMS State Health Expenditure Accounts,https://www.cms.gov/data-research/statistics-trends-and-reports/national-health-expenditure-data/state-residence
USA,DE,Delaware,Mideast,2014,2014,10263.0,USD,All-payer personal health care expenditure per capita,CMS State Health Expenditure Accounts,https://www.cms.gov/data-research/statistics-trends-and-reports/national-health-expenditure-data/state-residence
USA,DE,Delaware,Mideast,2015,2015,10714.0,USD,All-payer personal health care expenditure per capita,CMS State Health Expenditure Accounts,https://www.cms.gov/data-research/statistics-trends-and-reports/national-health-expenditure-data/state-residence
USA,DE,Delaware,Mideast,2016,2016,10933.0,USD,All-payer personal health care expenditure per capita,CMS State Health Expenditure Accounts,https://www.cms.gov/data-research/statistics-trends-and-reports/national-health-expenditure-data/state-residence
USA,DE,Delaware,Mideast,2017,2017,11444.0,USD,All-payer personal health care expenditure per capita,CMS State Health Expenditure Accounts,https://www.cms.gov/data-research/statistics-trends-and-reports/national-health-expenditure-data/state-residence
USA,DE,Delaware,Mideast,2018,2018,11771.0,USD,All-payer personal health care expenditure per capita,CMS State Health Expenditure Accounts,https://www.cms.gov/data-research/statistics-trends-and-reports/national-health-expenditure-data/state-residence
USA,DE,Delaware,Mideast,2019,2019,12213.0,USD,All-payer personal health care expenditure per capita,CMS State Health Expenditure Accounts,https://www.cms.gov/data-research/statistics-trends-and-reports/national-health-expenditure-data/state-residence
USA,DE,Delaware,Mideast,2020,2020,12899.0,USD,All-payer personal health care expenditure per capita,CMS State Health Expenditure Accounts,https://www.cms.gov/data-research/statistics-trends-and-reports/national-health-expenditure-data/state-residence
USA,FL,Florida,Southeast,1991,1991,2937.0,USD,All-payer personal health care expenditure per capita,CMS State Health Expenditure Accounts,https://www.cms.gov/data-research/statistics-trends-and-reports/national-health-expenditure-data/state-residence
USA,FL,Florida,Southeast,1992,1992,3141.0,USD,All-payer personal health care expenditure per capita,CMS State Health Expenditure Accounts,https://www.cms.gov/data-research/statistics-trends-and-reports/national-health-expenditure-data/state-residence
USA,FL,Florida,Southeast,1993,1993,3294.0,USD,All-payer personal health care expenditure per capita,CMS State Health Expenditure Accounts,https://www.cms.gov/data-research/statistics-trends-and-reports/national-health-expenditure-data/state-residence
USA,FL,Florida,Southeast,1994,1994,3424.0,USD,All-payer personal health care expenditure per capita,CMS State Health Expenditure Accounts,https://www.cms.gov/data-research/statistics-trends-and-reports/national-health-expenditure-data/state-residence
USA,FL,Florida,Southeast,1995,1995,3541.0,USD,All-payer personal health care expenditure per capita,CMS State Health Expenditure Accounts,https://www.cms.gov/data-research/statistics-trends-and-reports/national-health-expenditure-data/state-residence
USA,FL,Florida,Southeast,1996,1996,3694.0,USD,All-payer personal health care expenditure per capita,CMS State Health Expenditure Accounts,https://www.cms.gov/data-research/statistics-trends-and-reports/national-health-expenditure-data/state-residence
USA,FL,Florida,Southeast,1997,1997,3849.0,USD,All-payer personal health care expenditure per capita,CMS State Health Expenditure Accounts,https://www.cms.gov/data-research/statistics-trends-and-reports/national-health-expenditure-data/state-residence
USA,FL,Florida,Southeast,1998,1998,3947.0,USD,All-payer personal health care expenditure per capita,CMS State Health Expenditure Accounts,https://www.cms.gov/data-research/statistics-trends-and-reports/national-health-expenditure-data/state-residence
USA,FL,Florida,Southeast,1999,1999,4132.0,USD,All-payer personal health care expenditure per capita,CMS State Health Expenditure Accounts,https://www.cms.gov/data-research/statistics-trends-and-reports/national-health-expenditure-data/state-residence
USA,FL,Florida,Southeast,2000,2000,4445.0,USD,All-payer personal health care expenditure per capita,CMS State Health Expenditure Accounts,https://www.cms.gov/data-research/statistics-trends-and-reports/national-health-expenditure-data/state-residence
USA,FL,Florida,Southeast,2001,2001,4724.0,USD,All-payer personal health care expenditure per capita,CMS State Health Expenditure Accounts,https://www.cms.gov/data-research/statistics-trends-and-reports/national-health-expenditure-data/state-residence
USA,FL,Florida,Southeast,2002,2002,5021.0,USD,All-payer personal health care expenditure per capita,CMS State Health Expenditure Accounts,https://www.cms.gov/data-research/statistics-trends-and-reports/national-health-expenditure-data/state-residence
USA,FL,Florida,Southeast,2003,2003,5327.0,USD,All-payer personal health care expenditure per capita,CMS State Health Expenditure Accounts,https://www.cms.gov/data-research/statistics-trends-and-reports/national-health-expenditure-data/state-residence
USA,FL,Florida,Southeast,2004,2004,5671.0,USD,All-payer personal health care expenditure per capita,CMS State Health Expenditure Accounts,https://www.cms.gov/data-research/statistics-trends-and-reports/national-health-expenditure-data/state-residence
USA,FL,Florida,Southeast,2005,2005,5954.0,USD,All-payer personal health care expenditure per capita,CMS State Health Expenditure Accounts,https://www.cms.gov/data-research/statistics-trends-and-reports/national-health-expenditure-data/state-residence
USA,FL,Florida,Southeast,2006,2006,6298.0,USD,All-payer personal health care expenditure per capita,CMS State Health Expenditure Accounts,https://www.cms.gov/data-research/statistics-trends-and-reports/national-health-expenditure-data/state-residence
USA,FL,Florida,Southeast,2007,2007,6608.0,USD,All-payer personal health care expenditure per capita,CMS State Health Expenditure Accounts,https://www.cms.gov/data-research/statistics-trends-and-reports/national-health-expenditure-data/state-residence
USA,FL,Florida,Southeast,2008,2008,6856.0,USD,All-payer personal health care expenditure per capita,CMS State Health Expenditure Accounts,https://www.cms.gov/data-research/statistics-trends-and-reports/national-health-expenditure-data/state-residence
USA,FL,Florida,Southeast,2009,2009,7118.0,USD,All-payer personal health care expenditure per capita,CMS State Health Expenditure Accounts,https://www.cms.gov/data-research/statistics-trends-and-reports/national-health-expenditure-data/state-residence
USA,FL,Florida,Southeast,2010,2010,7269.0,USD,All-payer personal health care expenditure per capita,CMS State Health Expenditure Accounts,https://www.cms.gov/data-research/statistics-trends-and-reports/national-health-expenditure-data/state-residence
USA,FL,Florida,Southeast,2011,2011,7375.0,USD,All-payer personal health care expenditure per capita,CMS State Health Expenditure Accounts,https://www.cms.gov/data-research/statistics-trends-and-reports/national-health-expenditure-data/state-residence
USA,FL,Florida,Southeast,2012,2012,7609.0,USD,All-payer personal health care expenditure per capita,CMS State Health Expenditure Accounts,https://www.cms.gov/data-research/statistics-trends-and-reports/national-health-expenditure-data/state-residence
USA,FL,Florida,Southeast,2013,2013,7603.0,USD,All-payer personal health care expenditure per capita,CMS State Health Expenditure Accounts,https://www.cms.gov/data-research/statistics-trends-and-reports/national-health-expenditure-data/state-residence
USA,FL,Florida,Southeast,2014,2014,7965.0,USD,All-payer personal health care expenditure per capita,CMS State Health Expenditure Accounts,https://www.cms.gov/data-research/statistics-trends-and-reports/national-health-expenditure-data/state-residence
USA,FL,Florida,Southeast,2015,2015,8330.0,USD,All-payer personal health care expenditure per capita,CMS State Health Expenditure Accounts,https://www.cms.gov/data-research/statistics-trends-and-reports/national-health-expenditure-data/state-residence
USA,FL,Florida,Southeast,2016,2016,8519.0,USD,All-payer personal health care expenditure per capita,CMS State Health Expenditure Accounts,https://www.cms.gov/data-research/statistics-trends-and-reports/national-health-expenditure-data/state-residence
USA,FL,Florida,Southeast,2017,2017,8814.0,USD,All-payer personal health care expenditure per capita,CMS State Health Expenditure Accounts,https://www.cms.gov/data-research/statistics-trends-and-reports/national-health-expenditure-data/state-residence
USA,FL,Florida,Southeast,2018,2018,9148.0,USD,All-payer personal health care expenditure per capita,CMS State Health Expenditure Accounts,https://www.cms.gov/data-research/statistics-trends-and-reports/national-health-expenditure-data/state-residence
USA,FL,Florida,Southeast,2019,2019,9490.0,USD,All-payer personal health care expenditure per capita,CMS State Health Expenditure Accounts,https://www.cms.gov/data-research/statistics-trends-and-reports/national-health-expenditure-data/state-residence
USA,FL,Florida,Southeast,2020,2020,9865.0,USD,All-payer personal health care expenditure per capita,CMS State Health Expenditure Accounts,https://www.cms.gov/data-research/statistics-trends-and-reports/national-health-expenditure-data/state-residence
USA,GA,Georgia,Southeast,1991,1991,2484.0,USD,All-payer personal health care expenditure per capita,CMS State Health Expenditure Accounts,https://www.cms.gov/data-research/statistics-trends-and-reports/national-health-expenditure-data/state-residence
USA,GA,Georgia,Southeast,1992,1992,2659.0,USD,All-payer personal health care expenditure per capita,CMS State Health Expenditure Accounts,https://www.cms.gov/data-research/statistics-trends-and-reports/national-health-expenditure-data/state-residence
USA,GA,Georgia,Southeast,1993,1993,2808.0,USD,All-payer personal health care expenditure per capita,CMS State Health Expenditure Accounts,https://www.cms.gov/data-research/statistics-trends-and-reports/national-health-expenditure-data/state-residence
USA,GA,Georgia,Southeast,1994,1994,2888.0,USD,All-payer personal health care expenditure per capita,CMS State Health Expenditure Accounts,https://www.cms.gov/data-research/statistics-trends-and-reports/national-health-expenditure-data/state-residence
USA,GA,Georgia,Southeast,1995,1995,3021.0,USD,All-payer personal health care expenditure per capita,CMS State Health Expenditure Accounts,https://www.cms.gov/data-research/statistics-trends-and-reports/national-health-expenditure-data/state-residence
USA,GA,Georgia,Southeast,1996,1996,3131.0,USD,All-payer personal health care expenditure per capita,CMS State Health Expenditure Accounts,https://www.cms.gov/data-research/statistics-trends-and-reports/national-health-expenditure-data/state-residence
USA,GA,Georgia,Southeast,1997,1997,3239.0,USD,All-payer personal health care expenditure per capita,CMS State Health Expenditure Accounts,https://www.cms.gov/data-research/statistics-trends-and-reports/national-health-expenditure-data/state-residence
USA,GA,Georgia,Southeast,1998,1998,3337.0,USD,All-payer personal health care expenditure per capita,CMS State Health Expenditure Accounts,https://www.cms.gov/data-research/statistics-trends-and-reports/national-health-expenditure-data/state-residence
USA,GA,Georgia,Southeast,1999,1999,3431.0,USD,All-payer personal health care expenditure per capita,CMS State Health Expenditure Accounts,https://www.cms.gov/data-research/statistics-trends-and-reports/national-health-expenditure-data/state-residence
USA,GA,Georgia,Southeast,2000,2000,3601.0,USD,All-payer personal health care expenditure per capita,CMS State Health Expenditure Accounts,https://www.cms.gov/data-research/statistics-trends-and-reports/national-health-expenditure-data/state-residence
USA,GA,Georgia,Southeast,2001,2001,3800.0,USD,All-payer personal health care expenditure per capita,CMS State Health Expenditure Accounts,https://www.cms.gov/data-research/statistics-trends-and-reports/national-health-expenditure-data/state-residence
USA,GA,Georgia,Southeast,2002,2002,4139.0,USD,All-payer personal health care expenditure per capita,CMS State Health Expenditure Accounts,https://www.cms.gov/data-research/statistics-trends-and-reports/national-health-expenditure-data/state-residence
USA,GA,Georgia,Southeast,2003,2003,4367.0,USD,All-payer personal health care expenditure per capita,CMS State Health Expenditure Accounts,https://www.cms.gov/data-research/statistics-trends-and-reports/national-health-expenditure-data/state-residence
USA,GA,Georgia,Southeast,2004,2004,4725.0,USD,All-payer personal health care expenditure per capita,CMS State Health Expenditure Accounts,https://www.cms.gov/data-research/statistics-trends-and-reports/national-health-expenditure-data/state-residence
USA,GA,Georgia,Southeast,2005,2005,4905.0,USD,All-payer personal health care expenditure per capita,CMS State Health Expenditure Accounts,https://www.cms.gov/data-research/statistics-trends-and-reports/national-health-expenditure-data/state-residence
USA,GA,Georgia,Southeast,2006,2006,5181.0,USD,All-payer personal health care expenditure per capita,CMS State Health Expenditure Accounts,https://www.cms.gov/data-research/statistics-trends-and-reports/national-health-expenditure-data/state-residence
USA,GA,Georgia,Southeast,2007,2007,5365.0,USD,All-payer personal health care expenditure per capita,CMS State Health Expenditure Accounts,https://www.cms.gov/data-research/statistics-trends-and-reports/national-health-expenditure-data/state-residence
USA,GA,Georgia,Southeast,2008,2008,5384.0,USD,All-payer personal health care expenditure per capita,CMS State Health Expenditure Accounts,https://www.cms.gov/data-research/statistics-trends-and-reports/national-health-expenditure-data/state-residence
USA,GA,Georgia,Southeast,2009,2009,5527.0,USD,All-payer personal health care expenditure per capita,CMS State Health Expenditure Accounts,https://www.cms.gov/data-research/statistics-trends-and-reports/national-health-expenditure-data/state-residence
USA,GA,Georgia,Southeast,2010,2010,5551.0,USD,All-payer personal health care expenditure per capita,CMS State Health Expenditure Accounts,https://www.cms.gov/data-research/statistics-trends-and-reports/national-health-expenditure-data/state-residence
USA,GA,Georgia,Southeast,2011,2011,5696.0,USD,All-payer personal health care expenditure per capita,CMS State Health Expenditure Accounts,https://www.cms.gov/data-research/statistics-trends-and-reports/national-health-expenditure-data/state-residence
USA,GA,Georgia,Southeast,2012,2012,5981.0,USD,All-payer personal health care expenditure per capita,CMS State Health Expenditure Accounts,https://www.cms.gov/data-research/statistics-trends-and-reports/national-health-expenditure-data/state-residence
USA,GA,Georgia,Southeast,2013,2013,6229.0,USD,All-payer personal health care expenditure per capita,CMS State Health Expenditure Accounts,https://www.cms.gov/data-research/statistics-trends-and-reports/national-health-expenditure-data/state-residence
USA,GA,Georgia,Southeast,2014,2014,6622.0,USD,All-payer personal health care expenditure per capita,CMS State Health Expenditure Accounts,https://www.cms.gov/data-research/statistics-trends-and-reports/national-health-expenditure-data/state-residence
USA,GA,Georgia,Southeast,2015,2015,7055.0,USD,All-payer personal health care expenditure per capita,CMS State Health Expenditure Accounts,https://www.cms.gov/data-research/statistics-trends-and-reports/national-health-expenditure-data/state-residence
USA,GA,Georgia,Southeast,2016,2016,7353.0,USD,All-payer personal health care expenditure per capita,CMS State Health Expenditure Accounts,https://www.cms.gov/data-research/statistics-trends-and-reports/national-health-expenditure-data/state-residence
USA,GA,Georgia,Southeast,2017,2017,7605.0,USD,All-payer personal health care expenditure per capita,CMS State Health Expenditure Accounts,https://www.cms.gov/data-research/statistics-trends-and-reports/national-health-expenditure-data/state-residence
USA,GA,Georgia,Southeast,2018,2018,7844.0,USD,All-payer personal health care expenditure per capita,CMS State Health Expenditure Accounts,https://www.cms.gov/data-research/statistics-trends-and-reports/national-health-expenditure-data/state-residence
USA,GA,Georgia,Southeast,2019,2019,8243.0,USD,All-payer personal health care expenditure per capita,CMS State Health Expenditure Accounts,https://www.cms.gov/data-research/statistics-trends-and-reports/national-health-expenditure-data/state-residence
USA,GA,Georgia,Southeast,2020,2020,8758.0,USD,All-payer personal health care expenditure per capita,CMS State Health Expenditure Accounts,https://www.cms.gov/data-research/statistics-trends-and-reports/national-health-expenditure-data/state-residence
USA,HI,Hawaii,Far West,1991,1991,2581.0,USD,All-payer personal health care expenditure per capita,CMS State Health Expenditure Accounts,https://www.cms.gov/data-research/statistics-trends-and-reports/national-health-expenditure-data/state-residence
USA,HI,Hawaii,Far West,1992,1992,2710.0,USD,All-payer personal health care expenditure per capita,CMS State Health Expenditure Accounts,https://www.cms.gov/data-research/statistics-trends-and-reports/national-health-expenditure-data/state-residence
USA,HI,Hawaii,Far West,1993,1993,2914.0,USD,All-payer personal health care expenditure per capita,CMS State Health Expenditure Accounts,https://www.cms.gov/data-research/statistics-trends-and-reports/national-health-expenditure-data/state-residence
USA,HI,Hawaii,Far West,1994,1994,3106.0,USD,All-payer personal health care expenditure per capita,CMS State Health Expenditure Accounts,https://www.cms.gov/data-research/statistics-trends-and-reports/national-health-expenditure-data/state-residence
USA,HI,Hawaii,Far West,1995,1995,3304.0,USD,All-payer personal health care expenditure per capita,CMS State Health Expenditure Accounts,https://www.cms.gov/data-research/statistics-trends-and-reports/national-health-expenditure-data/state-residence
USA,HI,Hawaii,Far West,1996,1996,3517.0,USD,All-payer personal health care expenditure per capita,CMS State Health Expenditure Accounts,https://www.cms.gov/data-research/statistics-trends-and-reports/national-health-expenditure-data/state-residence
USA,HI,Hawaii,Far West,1997,1997,3507.0,USD,All-payer personal health care expenditure per capita,CMS State Health Expenditure Accounts,https://www.cms.gov/data-research/statistics-trends-and-reports/national-health-expenditure-data/state-residence
USA,HI,Hawaii,Far West,1998,1998,3626.0,USD,All-payer personal health care expenditure per capita,CMS State Health Expenditure Accounts,https://www.cms.gov/data-research/statistics-trends-and-reports/national-health-expenditure-data/state-residence
USA,HI,Hawaii,Far West,1999,1999,3742.0,USD,All-payer personal health care expenditure per capita,CMS State Health Expenditure Accounts,https://www.cms.gov/data-research/statistics-trends-and-reports/national-health-expenditure-data/state-residence
USA,HI,Hawaii,Far West,2000,2000,3874.0,USD,All-payer personal health care expenditure per capita,CMS State Health Expenditure Accounts,https://www.cms.gov/data-research/statistics-trends-and-reports/national-health-expenditure-data/state-residence
USA,HI,Hawaii,Far West,2001,2001,4094.0,USD,All-payer personal health care expenditure per capita,CMS State Health Expenditure Accounts,https://www.cms.gov/data-research/statistics-trends-and-reports/national-health-expenditure-data/state-residence
USA,HI,Hawaii,Far West,2002,2002,4412.0,USD,All-payer personal health care expenditure per capita,CMS State Health Expenditure Accounts,https://www.cms.gov/data-research/statistics-trends-and-reports/national-health-expenditure-data/state-residence
USA,HI,Hawaii,Far West,2003,2003,4757.0,USD,All-payer personal health care expenditure per capita,CMS State Health Expenditure Accounts,https://www.cms.gov/data-research/statistics-trends-and-reports/national-health-expenditure-data/state-residence
USA,HI,Hawaii,Far West,2004,2004,5016.0,USD,All-payer personal health care expenditure per capita,CMS State Health Expenditure Accounts,https://www.cms.gov/data-research/statistics-trends-and-reports/national-health-expenditure-data/state-residence
USA,HI,Hawaii,Far West,2005,2005,5381.0,USD,All-payer personal health care expenditure per capita,CMS State Health Expenditure Accounts,https://www.cms.gov/data-research/statistics-trends-and-reports/national-health-expenditure-data/state-residence
USA,HI,Hawaii,Far West,2006,2006,5555.0,USD,All-payer personal health care expenditure per capita,CMS State Health Expenditure Accounts,https://www.cms.gov/data-research/statistics-trends-and-reports/national-health-expenditure-data/state-residence
USA,HI,Hawaii,Far West,2007,2007,6093.0,USD,All-payer personal health care expenditure per capita,CMS State Health Expenditure Accounts,https://www.cms.gov/data-research/statistics-trends-and-reports/national-health-expenditure-data/state-residence
USA,HI,Hawaii,Far West,2008,2008,6364.0,USD,All-payer personal health care expenditure per capita,CMS State Health Expenditure Accounts,https://www.cms.gov/data-research/statistics-trends-and-reports/national-health-expenditure-data/state-residence
USA,HI,Hawaii,Far West,2009,2009,6510.0,USD,All-payer personal health care expenditure per capita,CMS State Health Expenditure Accounts,https://www.cms.gov/data-research/statistics-trends-and-reports/national-health-expenditure-data/state-residence
USA,HI,Hawaii,Far West,2010,2010,6440.0,USD,All-payer personal health care expenditure per capita,CMS State Health Expenditure Accounts,https://www.cms.gov/data-research/statistics-trends-and-reports/national-health-expenditure-data/state-residence
USA,HI,Hawaii,Far West,2011,2011,6460.0,USD,All-payer personal health care expenditure per capita,CMS State Health Expenditure Accounts,https://www.cms.gov/data-research/statistics-trends-and-reports/national-health-expenditure-data/state-residence
USA,HI,Hawaii,Far West,2012,2012,6738.0,USD,All-payer personal health care expenditure per capita,CMS State Health Expenditure Accounts,https://www.cms.gov/data-research/statistics-trends-and-reports/national-health-expenditure-data/state-residence
USA,HI,Hawaii,Far West,2013,2013,6880.0,USD,All-payer personal health care expenditure per capita,CMS State Health Expenditure Accounts,https://www.cms.gov/data-research/statistics-trends-and-reports/national-health-expenditure-data/state-residence
USA,HI,Hawaii,Far West,2014,2014,7224.0,USD,All-payer personal health care expenditure per capita,CMS State Health Expenditure Accounts,https://www.cms.gov/data-research/statistics-trends-and-reports/national-health-expenditure-data/state-residence
USA,HI,Hawaii,Far West,2015,2015,7747.0,USD,All-payer personal health care expenditure per capita,CMS State Health Expenditure Accounts,https://www.cms.gov/data-research/statistics-trends-and-reports/national-health-expenditure-data/state-residence
USA,HI,Hawaii,Far West,2016,2016,8041.0,USD,All-payer personal health care expenditure per capita,CMS State Health Expenditure Accounts,https://www.cms.gov/data-research/statistics-trends-and-reports/national-health-expenditure-data/state-residence
USA,HI,Hawaii,Far West,2017,2017,8496.0,USD,All-payer personal health care expenditure per capita,CMS State Health Expenditure Accounts,https://www.cms.gov/data-research/statistics-trends-and-reports/national-health-expenditure-data/state-residence
USA,HI,Hawaii,Far West,2018,2018,8932.0,USD,All-payer personal health care expenditure per capita,CMS State Health Expenditure Accounts,https://www.cms.gov/data-research/statistics-trends-and-reports/national-health-expenditure-data/state-residence
USA,HI,Hawaii,Far West,2019,2019,9555.0,USD,All-payer personal health care expenditure per capita,CMS State Health Expenditure Accounts,https://www.cms.gov/data-research/statistics-trends-and-reports/national-health-expenditure-data/state-residence
USA,HI,Hawaii,Far West,2020,2020,10291.0,USD,All-payer personal health care expenditure per capita,CMS State Health Expenditure Accounts,https://www.cms.gov/data-research/statistics-trends-and-reports/national-health-expenditure-data/state-residence
USA,IA,Iowa,Plains,1991,1991,2580.0,USD,All-payer personal health care expenditure per capita,CMS State Health Expenditure Accounts,https://www.cms.gov/data-research/statistics-trends-and-reports/national-health-expenditure-data/state-residence
USA,IA,Iowa,Plains,1992,1992,2723.0,USD,All-payer personal health care expenditure per capita,CMS State Health Expenditure Accounts,https://www.cms.gov/data-research/statistics-trends-and-reports/national-health-expenditure-data/state-residence
USA,IA,Iowa,Plains,1993,1993,2857.0,USD,All-payer personal health care expenditure per capita,CMS State Health Expenditure Accounts,https://www.cms.gov/data-research/statistics-trends-and-reports/national-health-expenditure-data/state-residence
USA,IA,Iowa,Plains,1994,1994,3018.0,USD,All-payer personal health care expenditure per capita,CMS State Health Expenditure Accounts,https://www.cms.gov/data-research/statistics-trends-and-reports/national-health-expenditure-data/state-residence
USA,IA,Iowa,Plains,1995,1995,3162.0,USD,All-payer personal health care expenditure per capita,CMS State Health Expenditure Accounts,https://www.cms.gov/data-research/statistics-trends-and-reports/national-health-expenditure-data/state-residence
USA,IA,Iowa,Plains,1996,1996,3349.0,USD,All-payer personal health care expenditure per capita,CMS State Health Expenditure Accounts,https://www.cms.gov/data-research/statistics-trends-and-reports/national-health-expenditure-data/state-residence
USA,IA,Iowa,Plains,1997,1997,3510.0,USD,All-payer personal health care expenditure per capita,CMS State Health Expenditure Accounts,https://www.cms.gov/data-research/statistics-trends-and-reports/national-health-expenditure-data/state-residence
USA,IA,Iowa,Plains,1998,1998,3791.0,USD,All-payer personal health care expenditure per capita,CMS State Health Expenditure Accounts,https://www.cms.gov/data-research/statistics-trends-and-reports/national-health-expenditure-data/state-residence
USA,IA,Iowa,Plains,1999,1999,3997.0,USD,All-payer personal health care expenditure per capita,CMS State Health Expenditure Accounts,https://www.cms.gov/data-research/statistics-trends-and-reports/national-health-expenditure-data/state-residence
USA,IA,Iowa,Plains,2000,2000,4226.0,USD,All-payer personal health care expenditure per capita,CMS State Health Expenditure Accounts,https://www.cms.gov/data-research/statistics-trends-and-reports/national-health-expenditure-data/state-residence
USA,IA,Iowa,Plains,2001,2001,4561.0,USD,All-payer personal health care expenditure per capita,CMS State Health Expenditure Accounts,https://www.cms.gov/data-research/statistics-trends-and-reports/national-health-expenditure-data/state-residence
USA,IA,Iowa,Plains,2002,2002,4845.0,USD,All-payer personal health care expenditure per capita,CMS State Health Expenditure Accounts,https://www.cms.gov/data-research/statistics-trends-and-reports/national-health-expenditure-data/state-residence
USA,IA,Iowa,Plains,2003,2003,5211.0,USD,All-payer personal health care expenditure per capita,CMS State Health Expenditure Accounts,https://www.cms.gov/data-research/statistics-trends-and-reports/national-health-expenditure-data/state-residence
USA,IA,Iowa,Plains,2004,2004,5470.0,USD,All-payer personal health care expenditure per capita,CMS State Health Expenditure Accounts,https://www.cms.gov/data-research/statistics-trends-and-reports/national-health-expenditure-data/state-residence
USA,IA,Iowa,Plains,2005,2005,5808.0,USD,All-payer personal health care expenditure per capita,CMS State Health Expenditure Accounts,https://www.cms.gov/data-research/statistics-trends-and-reports/national-health-expenditure-data/state-residence
USA,IA,Iowa,Plains,2006,2006,6172.0,USD,All-payer personal health care expenditure per capita,CMS State Health Expenditure Accounts,https://www.cms.gov/data-research/statistics-trends-and-reports/national-health-expenditure-data/state-residence
USA,IA,Iowa,Plains,2007,2007,6444.0,USD,All-payer personal health care expenditure per capita,CMS State Health Expenditure Accounts,https://www.cms.gov/data-research/statistics-trends-and-reports/national-health-expenditure-data/state-residence
USA,IA,Iowa,Plains,2008,2008,6658.0,USD,All-payer personal health care expenditure per capita,CMS State Health Expenditure Accounts,https://www.cms.gov/data-research/statistics-trends-and-reports/national-health-expenditure-data/state-residence
USA,IA,Iowa,Plains,2009,2009,6889.0,USD,All-payer personal health care expenditure per capita,CMS State Health Expenditure Accounts,https://www.cms.gov/data-research/statistics-trends-and-reports/national-health-expenditure-data/state-residence
USA,IA,Iowa,Plains,2010,2010,7095.0,USD,All-payer personal health care expenditure per capita,CMS State Health Expenditure Accounts,https://www.cms.gov/data-research/statistics-trends-and-reports/national-health-expenditure-data/state-residence
USA,IA,Iowa,Plains,2011,2011,7310.0,USD,All-payer personal health care expenditure per capita,CMS State Health Expenditure Accounts,https://www.cms.gov/data-research/statistics-trends-and-reports/national-health-expenditure-data/state-residence
USA,IA,Iowa,Plains,2012,2012,7547.0,USD,All-payer personal health care expenditure per capita,CMS State Health Expenditure Accounts,https://www.cms.gov/data-research/statistics-trends-and-reports/national-health-expenditure-data/state-residence
USA,IA,Iowa,Plains,2013,2013,7638.0,USD,All-payer personal health care expenditure per capita,CMS State Health Expenditure Accounts,https://www.cms.gov/data-research/statistics-trends-and-reports/national-health-expenditure-data/state-residence
USA,IA,Iowa,Plains,2014,2014,7967.0,USD,All-payer personal health care expenditure per capita,CMS State Health Expenditure Accounts,https://www.cms.gov/data-research/statistics-trends-and-reports/national-health-expenditure-data/state-residence
USA,IA,Iowa,Plains,2015,2015,8358.0,USD,All-payer personal health care expenditure per capita,CMS State Health Expenditure Accounts,https://www.cms.gov/data-research/statistics-trends-and-reports/national-health-expenditure-data/state-residence
USA,IA,Iowa,Plains,2016,2016,8464.0,USD,All-payer personal health care expenditure per capita,CMS State Health Expenditure Accounts,https://www.cms.gov/data-research/statistics-trends-and-reports/national-health-expenditure-data/state-residence
USA,IA,Iowa,Plains,2017,2017,8525.0,USD,All-payer personal health care expenditure per capita,CMS State Health Expenditure Accounts,https://www.cms.gov/data-research/statistics-trends-and-reports/national-health-expenditure-data/state-residence
USA,IA,Iowa,Plains,2018,2018,8812.0,USD,All-payer personal health care expenditure per capita,CMS State Health Expenditure Accounts,https://www.cms.gov/data-research/statistics-trends-and-reports/national-health-expenditure-data/state-residence
USA,IA,Iowa,Plains,2019,2019,9193.0,USD,All-payer personal health care expenditure per capita,CMS State Health Expenditure Accounts,https://www.cms.gov/data-research/statistics-trends-and-reports/national-health-expenditure-data/state-residence
USA,IA,Iowa,Plains,2020,2020,9789.0,USD,All-payer personal health care expenditure per capita,CMS State Health Expenditure Accounts,https://www.cms.gov/data-research/statistics-trends-and-reports/national-health-expenditure-data/state-residence
USA,ID,Idaho,Rocky Mountain,1991,1991,2113.0,USD,All-payer personal health care expenditure per capita,CMS State Health Expenditure Accounts,https://www.cms.gov/data-research/statistics-trends-and-reports/national-health-expenditure-data/state-residence
USA,ID,Idaho,Rocky Mountain,1992,1992,2242.0,USD,All-payer personal health care expenditure per capita,CMS State Health Expenditure Accounts,https://www.cms.gov/data-research/statistics-trends-and-reports/national-health-expenditure-data/state-residence
USA,ID,Idaho,Rocky Mountain,1993,1993,2338.0,USD,All-payer personal health care expenditure per capita,CMS State Health Expenditure Accounts,https://www.cms.gov/data-research/statistics-trends-and-reports/national-health-expenditure-data/state-residence
USA,ID,Idaho,Rocky Mountain,1994,1994,2407.0,USD,All-payer personal health care expenditure per capita,CMS State Health Expenditure Accounts,https://www.cms.gov/data-research/statistics-trends-and-reports/national-health-expenditure-data/state-residence
USA,ID,Idaho,Rocky Mountain,1995,1995,2546.0,USD,All-payer personal health care expenditure per capita,CMS State Health Expenditure Accounts,https://www.cms.gov/data-research/statistics-trends-and-reports/national-health-expenditure-data/state-residence
USA,ID,Idaho,Rocky Mountain,1996,1996,2705.0,USD,All-payer personal health care expenditure per capita,CMS State Health Expenditure Accounts,https://www.cms.gov/data-research/statistics-trends-and-reports/national-health-expenditure-data/state-residence
USA,ID,Idaho,Rocky Mountain,1997,1997,2847.0,USD,All-payer personal health care expenditure per capita,CMS State Health Expenditure Accounts,https://www.cms.gov/data-research/statistics-trends-and-reports/national-health-expenditure-data/state-residence
USA,ID,Idaho,Rocky Mountain,1998,1998,3000.0,USD,All-payer personal health care expenditure per capita,CMS State Health Expenditure Accounts,https://www.cms.gov/data-research/statistics-trends-and-reports/national-health-expenditure-data/state-residence
USA,ID,Idaho,Rocky Mountain,1999,1999,3155.0,USD,All-payer personal health care expenditure per capita,CMS State Health Expenditure Accounts,https://www.cms.gov/data-research/statistics-trends-and-reports/national-health-expenditure-data/state-residence
USA,ID,Idaho,Rocky Mountain,2000,2000,3372.0,USD,All-payer personal health care expenditure per capita,CMS State Health Expenditure Accounts,https://www.cms.gov/data-research/statistics-trends-and-reports/national-health-expenditure-data/state-residence
USA,ID,Idaho,Rocky Mountain,2001,2001,3631.0,USD,All-payer personal health care expenditure per capita,CMS State Health Expenditure Accounts,https://www.cms.gov/data-research/statistics-trends-and-reports/national-health-expenditure-data/state-residence
USA,ID,Idaho,Rocky Mountain,2002,2002,4004.0,USD,All-payer personal health care expenditure per capita,CMS State Health Expenditure Accounts,https://www.cms.gov/data-research/statistics-trends-and-reports/national-health-expenditure-data/state-residence
USA,ID,Idaho,Rocky Mountain,2003,2003,4253.0,USD,All-payer personal health care expenditure per capita,CMS State Health Expenditure Accounts,https://www.cms.gov/data-research/statistics-trends-and-reports/national-health-expenditure-data/state-residence
USA,ID,Idaho,Rocky Mountain,2004,2004,4474.0,USD,All-payer personal health care expenditure per capita,CMS State Health Expenditure Accounts,https://www.cms.gov/data-research/statistics-trends-and-reports/national-health-expenditure-data/state-residence
USA,ID,Idaho,Rocky Mountain,2005,2005,4793.0,USD,All-payer personal health care expenditure per capita,CMS State Health Expenditure Accounts,https://www.cms.gov/data-research/statistics-trends-and-reports/national-health-expenditure-data/state-residence
USA,ID,Idaho,Rocky Mountain,2006,2006,5060.0,USD,All-payer personal health care expenditure per capita,CMS State Health Expenditure Accounts,https://www.cms.gov/data-research/statistics-trends-and-reports/national-health-expenditure-data/state-residence
USA,ID,Idaho,Rocky Mountain,2007,2007,5314.0,USD,All-payer personal health care expenditure per capita,CMS State Health Expenditure Accounts,https://www.cms.gov/data-research/statistics-trends-and-reports/national-health-expenditure-data/state-residence
USA,ID,Idaho,Rocky Mountain,2008,2008,5448.0,USD,All-payer personal health care expenditure per capita,CMS State Health Expenditure Accounts,https://www.cms.gov/data-research/statistics-trends-and-reports/national-health-expenditure-data/state-residence
USA,ID,Idaho,Rocky Mountain,2009,2009,5668.0,USD,All-payer personal health care expenditure per capita,CMS State Health Expenditure Accounts,https://www.cms.gov/data-research/statistics-trends-and-reports/national-health-expenditure-data/state-residence
USA,ID,Idaho,Rocky Mountain,2010,2010,5909.0,USD,All-payer personal health care expenditure per capita,CMS State Health Expenditure Accounts,https://www.cms.gov/data-research/statistics-trends-and-reports/national-health-expenditure-data/state-residence
USA,ID,Idaho,Rocky Mountain,2011,2011,6052.0,USD,All-payer personal health care expenditure per capita,CMS State Health Expenditure Accounts,https://www.cms.gov/data-research/statistics-trends-and-reports/national-health-expenditure-data/state-residence
USA,ID,Idaho,Rocky Mountain,2012,2012,6283.0,USD,All-payer personal health care expenditure per capita,CMS State Health Expenditure Accounts,https://www.cms.gov/data-research/statistics-trends-and-reports/national-health-expenditure-data/state-residence
USA,ID,Idaho,Rocky Mountain,2013,2013,6377.0,USD,All-payer personal health care expenditure per capita,CMS State Health Expenditure Accounts,https://www.cms.gov/data-research/statistics-trends-and-reports/national-health-expenditure-data/state-residence
USA,ID,Idaho,Rocky Mountain,2014,2014,6615.0,USD,All-payer personal health care expenditure per capita,CMS State Health Expenditure Accounts,https://www.cms.gov/data-research/statistics-trends-and-reports/national-health-expenditure-data/state-residence
USA,ID,Idaho,Rocky Mountain,2015,2015,6843.0,USD,All-payer personal health care expenditure per capita,CMS State Health Expenditure Accounts,https://www.cms.gov/data-research/statistics-trends-and-reports/national-health-expenditure-data/state-residence
USA,ID,Idaho,Rocky Mountain,2016,2016,6974.0,USD,All-payer personal health care expenditure per capita,CMS State Health Expenditure Accounts,https://www.cms.gov/data-research/statistics-trends-and-reports/national-health-expenditure-data/state-residence
USA,ID,Idaho,Rocky Mountain,2017,2017,7257.0,USD,All-payer personal health care expenditure per capita,CMS State Health Expenditure Accounts,https://www.cms.gov/data-research/statistics-trends-and-reports/national-health-expenditure-data/state-residence
USA,ID,Idaho,Rocky Mountain,2018,2018,7444.0,USD,All-payer personal health care expenditure per capita,CMS State Health Expenditure Accounts,https://www.cms.gov/data-research/statistics-trends-and-reports/national-health-expenditure-data/state-residence
USA,ID,Idaho,Rocky Mountain,2019,2019,7723.0,USD,All-payer personal health care expenditure per capita,CMS State Health Expenditure Accounts,https://www.cms.gov/data-research/statistics-trends-and-reports/national-health-expenditure-data/state-residence
USA,ID,Idaho,Rocky Mountain,2020,2020,8148.0,USD,All-payer personal health care expenditure per capita,CMS State Health Expenditure Accounts,https://www.cms.gov/data-research/statistics-trends-and-reports/national-health-expenditure-data/state-residence
USA,IL,Illinois,Great Lakes,1991,1991,2719.0,USD,All-payer personal health care expenditure per capita,CMS State Health Expenditure Accounts,https://www.cms.gov/data-research/statistics-trends-and-reports/national-health-expenditure-data/state-residence
USA,IL,Illinois,Great Lakes,1992,1992,2907.0,USD,All-payer personal health care expenditure per capita,CMS State Health Expenditure Accounts,https://www.cms.gov/data-research/statistics-trends-and-reports/national-health-expenditure-data/state-residence
USA,IL,Illinois,Great Lakes,1993,1993,3053.0,USD,All-payer personal health care expenditure per capita,CMS State Health Expenditure Accounts,https://www.cms.gov/data-research/statistics-trends-and-reports/national-health-expenditure-data/state-residence
USA,IL,Illinois,Great Lakes,1994,1994,3196.0,USD,All-payer personal health care expenditure per capita,CMS State Health Expenditure Accounts,https://www.cms.gov/data-research/statistics-trends-and-reports/national-health-expenditure-data/state-residence
USA,IL,Illinois,Great Lakes,1995,1995,3333.0,USD,All-payer personal health care expenditure per capita,CMS State Health Expenditure Accounts,https://www.cms.gov/data-research/statistics-trends-and-reports/national-health-expenditure-data/state-residence
USA,IL,Illinois,Great Lakes,1996,1996,3471.0,USD,All-payer personal health care expenditure per capita,CMS State Health Expenditure Accounts,https://www.cms.gov/data-research/statistics-trends-and-reports/national-health-expenditure-data/state-residence
USA,IL,Illinois,Great Lakes,1997,1997,3609.0,USD,All-payer personal health care expenditure per capita,CMS State Health Expenditure Accounts,https://www.cms.gov/data-research/statistics-trends-and-reports/national-health-expenditure-data/state-residence
USA,IL,Illinois,Great Lakes,1998,1998,3767.0,USD,All-payer personal health care expenditure per capita,CMS State Health Expenditure Accounts,https://www.cms.gov/data-research/statistics-trends-and-reports/national-health-expenditure-data/state-residence
USA,IL,Illinois,Great Lakes,1999,1999,3908.0,USD,All-payer personal health care expenditure per capita,CMS State Health Expenditure Accounts,https://www.cms.gov/data-research/statistics-trends-and-reports/national-health-expenditure-data/state-residence
USA,IL,Illinois,Great Lakes,2000,2000,4166.0,USD,All-payer personal health care expenditure per capita,CMS State Health Expenditure Accounts,https://www.cms.gov/data-research/statistics-trends-and-reports/national-health-expenditure-data/state-residence
USA,IL,Illinois,Great Lakes,2001,2001,4448.0,USD,All-payer personal health care expenditure per capita,CMS State Health Expenditure Accounts,https://www.cms.gov/data-research/statistics-trends-and-reports/national-health-expenditure-data/state-residence
USA,IL,Illinois,Great Lakes,2002,2002,4786.0,USD,All-payer personal health care expenditure per capita,CMS State Health Expenditure Accounts,https://www.cms.gov/data-research/statistics-trends-and-reports/national-health-expenditure-data/state-residence
USA,IL,Illinois,Great Lakes,2003,2003,5077.0,USD,All-payer personal health care expenditure per capita,CMS State Health Expenditure Accounts,https://www.cms.gov/data-research/statistics-trends-and-reports/national-health-expenditure-data/state-residence
USA,IL,Illinois,Great Lakes,2004,2004,5344.0,USD,All-payer personal health care expenditure per capita,CMS State Health Expenditure Accounts,https://www.cms.gov/data-research/statistics-trends-and-reports/national-health-expenditure-data/state-residence
USA,IL,Illinois,Great Lakes,2005,2005,5679.0,USD,All-payer personal health care expenditure per capita,CMS State Health Expenditure Accounts,https://www.cms.gov/data-research/statistics-trends-and-reports/national-health-expenditure-data/state-residence
USA,IL,Illinois,Great Lakes,2006,2006,6042.0,USD,All-payer personal health care expenditure per capita,CMS State Health Expenditure Accounts,https://www.cms.gov/data-research/statistics-trends-and-reports/national-health-expenditure-data/state-residence
USA,IL,Illinois,Great Lakes,2007,2007,6467.0,USD,All-payer personal health care expenditure per capita,CMS State Health Expenditure Accounts,https://www.cms.gov/data-research/statistics-trends-and-reports/national-health-expenditure-data/state-residence
USA,IL,Illinois,Great Lakes,2008,2008,6629.0,USD,All-payer personal health care expenditure per capita,CMS State Health Expenditure Accounts,https://www.cms.gov/data-research/statistics-trends-and-reports/national-health-expenditure-data/state-residence
USA,IL,Illinois,Great Lakes,2009,2009,6859.0,USD,All-payer personal health care expenditure per capita,CMS State Health Expenditure Accounts,https://www.cms.gov/data-research/statistics-trends-and-reports/national-health-expenditure-data/state-residence
USA,IL,Illinois,Great Lakes,2010,2010,7159.0,USD,All-payer personal health care expenditure per capita,CMS State Health Expenditure Accounts,https://www.cms.gov/data-research/statistics-trends-and-reports/national-health-expenditure-data/state-residence
USA,IL,Illinois,Great Lakes,2011,2011,7300.0,USD,All-payer personal health care expenditure per capita,CMS State Health Expenditure Accounts,https://www.cms.gov/data-research/statistics-trends-and-reports/national-health-expenditure-data/state-residence
USA,IL,Illinois,Great Lakes,2012,2012,7505.0,USD,All-payer personal health care expenditure per capita,CMS State Health Expenditure Accounts,https://www.cms.gov/data-research/statistics-trends-and-reports/national-health-expenditure-data/state-residence
USA,IL,Illinois,Great Lakes,2013,2013,7695.0,USD,All-payer personal health care expenditure per capita,CMS State Health Expenditure Accounts,https://www.cms.gov/data-research/statistics-trends-and-reports/national-health-expenditure-data/state-residence
USA,IL,Illinois,Great Lakes,2014,2014,8017.0,USD,All-payer personal health care expenditure per capita,CMS State Health Expenditure Accounts,https://www.cms.gov/data-research/statistics-trends-and-reports/national-health-expenditure-data/state-residence
USA,IL,Illinois,Great Lakes,2015,2015,8300.0,USD,All-payer personal health care expenditure per capita,CMS State Health Expenditure Accounts,https://www.cms.gov/data-research/statistics-trends-and-reports/national-health-expenditure-data/state-residence
USA,IL,Illinois,Great Lakes,2016,2016,8630.0,USD,All-payer personal health care expenditure per capita,CMS State Health Expenditure Accounts,https://www.cms.gov/data-research/statistics-trends-and-reports/national-health-expenditure-data/state-residence
USA,IL,Illinois,Great Lakes,2017,2017,8849.0,USD,All-payer personal health care expenditure per capita,CMS State Health Expenditure Accounts,https://www.cms.gov/data-research/statistics-trends-and-reports/national-health-expenditure-data/state-residence
USA,IL,Illinois,Great Lakes,2018,2018,9118.0,USD,All-payer personal health care expenditure per capita,CMS State Health Expenditure Accounts,https://www.cms.gov/data-research/statistics-trends-and-reports/national-health-expenditure-data/state-residence
USA,IL,Illinois,Great Lakes,2019,2019,9496.0,USD,All-payer personal health care expenditure per capita,CMS State Health Expenditure Accounts,https://www.cms.gov/data-research/statistics-trends-and-reports/national-health-expenditure-data/state-residence
USA,IL,Illinois,Great Lakes,2020,2020,10190.0,USD,All-payer personal health care expenditure per capita,CMS State Health Expenditure Accounts,https://www.cms.gov/data-research/statistics-trends-and-reports/national-health-expenditure-data/state-residence
USA,IN,Indiana,Great Lakes,1991,1991,2530.0,USD,All-payer personal health care expenditure per capita,CMS State Health Expenditure Accounts,https://www.cms.gov/data-research/statistics-trends-and-reports/national-health-expenditure-data/state-residence
USA,IN,Indiana,Great Lakes,1992,1992,2730.0,USD,All-payer personal health care expenditure per capita,CMS State Health Expenditure Accounts,https://www.cms.gov/data-research/statistics-trends-and-reports/national-health-expenditure-data/state-residence
USA,IN,Indiana,Great Lakes,1993,1993,2909.0,USD,All-payer personal health care expenditure per capita,CMS State Health Expenditure Accounts,https://www.cms.gov/data-research/statistics-trends-and-reports/national-health-expenditure-data/state-residence
USA,IN,Indiana,Great Lakes,1994,1994,2998.0,USD,All-payer personal health care expenditure per capita,CMS State Health Expenditure Accounts,https://www.cms.gov/data-research/statistics-trends-and-reports/national-health-expenditure-data/state-residence
USA,IN,Indiana,Great Lakes,1995,1995,3118.0,USD,All-payer personal health care expenditure per capita,CMS State Health Expenditure Accounts,https://www.cms.gov/data-research/statistics-trends-and-reports/national-health-expenditure-data/state-residence
USA,IN,Indiana,Great Lakes,1996,1996,3165.0,USD,All-payer personal health care expenditure per capita,CMS State Health Expenditure Accounts,https://www.cms.gov/data-research/statistics-trends-and-reports/national-health-expenditure-data/state-residence
USA,IN,Indiana,Great Lakes,1997,1997,3383.0,USD,All-payer personal health care expenditure per capita,CMS State Health Expenditure Accounts,https://www.cms.gov/data-research/statistics-trends-and-reports/national-health-expenditure-data/state-residence
USA,IN,Indiana,Great Lakes,1998,1998,3577.0,USD,All-payer personal health care expenditure per capita,CMS State Health Expenditure Accounts,https://www.cms.gov/data-research/statistics-trends-and-reports/national-health-expenditure-data/state-residence
USA,IN,Indiana,Great Lakes,1999,1999,3784.0,USD,All-payer personal health care expenditure per capita,CMS State Health Expenditure Accounts,https://www.cms.gov/data-research/statistics-trends-and-reports/national-health-expenditure-data/state-residence
USA,IN,Indiana,Great Lakes,2000,2000,4018.0,USD,All-payer personal health care expenditure per capita,CMS State Health Expenditure Accounts,https://www.cms.gov/data-research/statistics-trends-and-reports/national-health-expenditure-data/state-residence
USA,IN,Indiana,Great Lakes,2001,2001,4335.0,USD,All-payer personal health care expenditure per capita,CMS State Health Expenditure Accounts,https://www.cms.gov/data-research/statistics-trends-and-reports/national-health-expenditure-data/state-residence
USA,IN,Indiana,Great Lakes,2002,2002,4664.0,USD,All-payer personal health care expenditure per capita,CMS State Health Expenditure Accounts,https://www.cms.gov/data-research/statistics-trends-and-reports/national-health-expenditure-data/state-residence
USA,IN,Indiana,Great Lakes,2003,2003,5030.0,USD,All-payer personal health care expenditure per capita,CMS State Health Expenditure Accounts,https://www.cms.gov/data-research/statistics-trends-and-reports/national-health-expenditure-data/state-residence
USA,IN,Indiana,Great Lakes,2004,2004,5394.0,USD,All-payer personal health care expenditure per capita,CMS State Health Expenditure Accounts,https://www.cms.gov/data-research/statistics-trends-and-reports/national-health-expenditure-data/state-residence
USA,IN,Indiana,Great Lakes,2005,2005,5638.0,USD,All-payer personal health care expenditure per capita,CMS State Health Expenditure Accounts,https://www.cms.gov/data-research/statistics-trends-and-reports/national-health-expenditure-data/state-residence
USA,IN,Indiana,Great Lakes,2006,2006,5996.0,USD,All-payer personal health care expenditure per capita,CMS State Health Expenditure Accounts,https://www.cms.gov/data-research/statistics-trends-and-reports/national-health-expenditure-data/state-residence
USA,IN,Indiana,Great Lakes,2007,2007,6296.0,USD,All-payer personal health care expenditure per capita,CMS State Health Expenditure Accounts,https://www.cms.gov/data-research/statistics-trends-and-reports/national-health-expenditure-data/state-residence
USA,IN,Indiana,Great Lakes,2008,2008,6380.0,USD,All-payer personal health care expenditure per capita,CMS State Health Expenditure Accounts,https://www.cms.gov/data-research/statistics-trends-and-reports/national-health-expenditure-data/state-residence
USA,IN,Indiana,Great Lakes,2009,2009,6710.0,USD,All-payer personal health care expenditure per capita,CMS State Health Expenditure Accounts,https://www.cms.gov/data-research/statistics-trends-and-reports/national-health-expenditure-data/state-residence
USA,IN,Indiana,Great Lakes,2010,2010,6859.0,USD,All-payer personal health care expenditure per capita,CMS State Health Expenditure Accounts,https://www.cms.gov/data-research/statistics-trends-and-reports/national-health-expenditure-data/state-residence
USA,IN,Indiana,Great Lakes,2011,2011,7104.0,USD,All-payer personal health care expenditure per capita,CMS State Health Expenditure Accounts,https://www.cms.gov/data-research/statistics-trends-and-reports/national-health-expenditure-data/state-residence
USA,IN,Indiana,Great Lakes,2012,2012,7618.0,USD,All-payer personal health care expenditure per capita,CMS State Health Expenditure Accounts,https://www.cms.gov/data-research/statistics-trends-and-reports/national-health-expenditure-data/state-residence
USA,IN,Indiana,Great Lakes,2013,2013,7647.0,USD,All-payer personal health care expenditure per capita,CMS State Health Expenditure Accounts,https://www.cms.gov/data-research/statistics-trends-and-reports/national-health-expenditure-data/state-residence
USA,IN,Indiana,Great Lakes,2014,2014,7998.0,USD,All-payer personal health care expenditure per capita,CMS State Health Expenditure Accounts,https://www.cms.gov/data-research/statistics-trends-and-reports/national-health-expenditure-data/state-residence
USA,IN,Indiana,Great Lakes,2015,2015,8368.0,USD,All-payer personal health care expenditure per capita,CMS State Health Expenditure Accounts,https://www.cms.gov/data-research/statistics-trends-and-reports/national-health-expenditure-data/state-residence
USA,IN,Indiana,Great Lakes,2016,2016,8776.0,USD,All-payer personal health care expenditure per capita,CMS State Health Expenditure Accounts,https://www.cms.gov/data-research/statistics-trends-and-reports/national-health-expenditure-data/state-residence
USA,IN,Indiana,Great Lakes,2017,2017,9015.0,USD,All-payer personal health care expenditure per capita,CMS State Health Expenditure Accounts,https://www.cms.gov/data-research/statistics-trends-and-reports/national-health-expenditure-data/state-residence
USA,IN,Indiana,Great Lakes,2018,2018,9297.0,USD,All-payer personal health care expenditure per capita,CMS State Health Expenditure Accounts,https://www.cms.gov/data-research/statistics-trends-and-reports/national-health-expenditure-data/state-residence
USA,IN,Indiana,Great Lakes,2019,2019,9927.0,USD,All-payer personal health care expenditure per capita,CMS State Health Expenditure Accounts,https://www.cms.gov/data-research/statistics-trends-and-reports/national-health-expenditure-data/state-residence
USA,IN,Indiana,Great Lakes,2020,2020,10517.0,USD,All-payer personal health care expenditure per capita,CMS State Health Expenditure Accounts,https://www.cms.gov/data-research/statistics-trends-and-reports/national-health-expenditure-data/state-residence
USA,KS,Kansas,Plains,1991,1991,2606.0,USD,All-payer personal health care expenditure per capita,CMS State Health Expenditure Accounts,https://www.cms.gov/data-research/statistics-trends-and-reports/national-health-expenditure-data/state-residence
USA,KS,Kansas,Plains,1992,1992,2759.0,USD,All-payer personal health care expenditure per capita,CMS State Health Expenditure Accounts,https://www.cms.gov/data-research/statistics-trends-and-reports/national-health-expenditure-data/state-residence
USA,KS,Kansas,Plains,1993,1993,2867.0,USD,All-payer personal health care expenditure per capita,CMS State Health Expenditure Accounts,https://www.cms.gov/data-research/statistics-trends-and-reports/national-health-expenditure-data/state-residence
USA,KS,Kansas,Plains,1994,1994,3031.0,USD,All-payer personal health care expenditure per capita,CMS State Health Expenditure Accounts,https://www.cms.gov/data-research/statistics-trends-and-reports/national-health-expenditure-data/state-residence
USA,KS,Kansas,Plains,1995,1995,3215.0,USD,All-payer personal health care expenditure per capita,CMS State Health Expenditure Accounts,https://www.cms.gov/data-research/statistics-trends-and-reports/national-health-expenditure-data/state-residence
USA,KS,Kansas,Plains,1996,1996,3386.0,USD,All-payer personal health care expenditure per capita,CMS State Health Expenditure Accounts,https://www.cms.gov/data-research/statistics-trends-and-reports/national-health-expenditure-data/state-residence
USA,KS,Kansas,Plains,1997,1997,3571.0,USD,All-payer personal health care expenditure per capita,CMS State Health Expenditure Accounts,https://www.cms.gov/data-research/statistics-trends-and-reports/national-health-expenditure-data/state-residence
USA,KS,Kansas,Plains,1998,1998,3763.0,USD,All-payer personal health care expenditure per capita,CMS State Health Expenditure Accounts,https://www.cms.gov/data-research/statistics-trends-and-reports/national-health-expenditure-data/state-residence
USA,KS,Kansas,Plains,1999,1999,3981.0,USD,All-payer personal health care expenditure per capita,CMS State Health Expenditure Accounts,https://www.cms.gov/data-research/statistics-trends-and-reports/national-health-expenditure-data/state-residence
USA,KS,Kansas,Plains,2000,2000,4225.0,USD,All-payer personal health care expenditure per capita,CMS State Health Expenditure Accounts,https://www.cms.gov/data-research/statistics-trends-and-reports/national-health-expenditure-data/state-residence
USA,KS,Kansas,Plains,2001,2001,4532.0,USD,All-payer personal health care expenditure per capita,CMS State Health Expenditure Accounts,https://www.cms.gov/data-research/statistics-trends-and-reports/national-health-expenditure-data/state-residence
USA,KS,Kansas,Plains,2002,2002,4839.0,USD,All-payer personal health care expenditure per capita,CMS State Health Expenditure Accounts,https://www.cms.gov/data-research/statistics-trends-and-reports/national-health-expenditure-data/state-residence
USA,KS,Kansas,Plains,2003,2003,5138.0,USD,All-payer personal health care expenditure per capita,CMS State Health Expenditure Accounts,https://www.cms.gov/data-research/statistics-trends-and-reports/national-health-expenditure-data/state-residence
USA,KS,Kansas,Plains,2004,2004,5456.0,USD,All-payer personal health care expenditure per capita,CMS State Health Expenditure Accounts,https://www.cms.gov/data-research/statistics-trends-and-reports/national-health-expenditure-data/state-residence
USA,KS,Kansas,Plains,2005,2005,5758.0,USD,All-payer personal health care expenditure per capita,CMS State Health Expenditure Accounts,https://www.cms.gov/data-research/statistics-trends-and-reports/national-health-expenditure-data/state-residence
USA,KS,Kansas,Plains,2006,2006,6026.0,USD,All-payer personal health care expenditure per capita,CMS State Health Expenditure Accounts,https://www.cms.gov/data-research/statistics-trends-and-reports/national-health-expenditure-data/state-residence
USA,KS,Kansas,Plains,2007,2007,6349.0,USD,All-payer personal health care expenditure per capita,CMS State Health Expenditure Accounts,https://www.cms.gov/data-research/statistics-trends-and-reports/national-health-expenditure-data/state-residence
USA,KS,Kansas,Plains,2008,2008,6570.0,USD,All-payer personal health care expenditure per capita,CMS State Health Expenditure Accounts,https://www.cms.gov/data-research/statistics-trends-and-reports/national-health-expenditure-data/state-residence
USA,KS,Kansas,Plains,2009,2009,6727.0,USD,All-payer personal health care expenditure per capita,CMS State Health Expenditure Accounts,https://www.cms.gov/data-research/statistics-trends-and-reports/national-health-expenditure-data/state-residence
USA,KS,Kansas,Plains,2010,2010,6803.0,USD,All-payer personal health care expenditure per capita,CMS State Health Expenditure Accounts,https://www.cms.gov/data-research/statistics-trends-and-reports/national-health-expenditure-data/state-residence
USA,KS,Kansas,Plains,2011,2011,7071.0,USD,All-payer personal health care expenditure per capita,CMS State Health Expenditure Accounts,https://www.cms.gov/data-research/statistics-trends-and-reports/national-health-expenditure-data/state-residence
USA,KS,Kansas,Plains,2012,2012,7385.0,USD,All-payer personal health care expenditure per capita,CMS State Health Expenditure Accounts,https://www.cms.gov/data-research/statistics-trends-and-reports/national-health-expenditure-data/state-residence
USA,KS,Kansas,Plains,2013,2013,7240.0,USD,All-payer personal health care expenditure per capita,CMS State Health Expenditure Accounts,https://www.cms.gov/data-research/statistics-trends-and-reports/national-health-expenditure-data/state-residence
USA,KS,Kansas,Plains,2014,2014,7368.0,USD,All-payer personal health care expenditure per capita,CMS State Health Expenditure Accounts,https://www.cms.gov/data-research/statistics-trends-and-reports/national-health-expenditure-data/state-residence
USA,KS,Kansas,Plains,2015,2015,7634.0,USD,All-payer personal health care expenditure per capita,CMS State Health Expenditure Accounts,https://www.cms.gov/data-research/statistics-trends-and-reports/national-health-expenditure-data/state-residence
USA,KS,Kansas,Plains,2016,2016,7845.0,USD,All-payer personal health care expenditure per capita,CMS State Health Expenditure Accounts,https://www.cms.gov/data-research/statistics-trends-and-reports/national-health-expenditure-data/state-residence
USA,KS,Kansas,Plains,2017,2017,8060.0,USD,All-payer personal health care expenditure per capita,CMS State Health Expenditure Accounts,https://www.cms.gov/data-research/statistics-trends-and-reports/national-health-expenditure-data/state-residence
USA,KS,Kansas,Plains,2018,2018,8381.0,USD,All-payer personal health care expenditure per capita,CMS State Health Expenditure Accounts,https://www.cms.gov/data-research/statistics-trends-and-reports/national-health-expenditure-data/state-residence
USA,KS,Kansas,Plains,2019,2019,8745.0,USD,All-payer personal health care expenditure per capita,CMS State Health Expenditure Accounts,https://www.cms.gov/data-research/statistics-trends-and-reports/national-health-expenditure-data/state-residence
USA,KS,Kansas,Plains,2020,2020,9408.0,USD,All-payer personal health care expenditure per capita,CMS State Health Expenditure Accounts,https://www.cms.gov/data-research/statistics-trends-and-reports/national-health-expenditure-data/state-residence
USA,KY,Kentucky,Southeast,1991,1991,2373.0,USD,All-payer personal health care expenditure per capita,CMS State Health Expenditure Accounts,https://www.cms.gov/data-research/statistics-trends-and-reports/national-health-expenditure-data/state-residence
USA,KY,Kentucky,Southeast,1992,1992,2564.0,USD,All-payer personal health care expenditure per capita,CMS State Health Expenditure Accounts,https://www.cms.gov/data-research/statistics-trends-and-reports/national-health-expenditure-data/state-residence
USA,KY,Kentucky,Southeast,1993,1993,2685.0,USD,All-payer personal health care expenditure per capita,CMS State Health Expenditure Accounts,https://www.cms.gov/data-research/statistics-trends-and-reports/national-health-expenditure-data/state-residence
USA,KY,Kentucky,Southeast,1994,1994,2789.0,USD,All-payer personal health care expenditure per capita,CMS State Health Expenditure Accounts,https://www.cms.gov/data-research/statistics-trends-and-reports/national-health-expenditure-data/state-residence
USA,KY,Kentucky,Southeast,1995,1995,2985.0,USD,All-payer personal health care expenditure per capita,CMS State Health Expenditure Accounts,https://www.cms.gov/data-research/statistics-trends-and-reports/national-health-expenditure-data/state-residence
USA,KY,Kentucky,Southeast,1996,1996,3181.0,USD,All-payer personal health care expenditure per capita,CMS State Health Expenditure Accounts,https://www.cms.gov/data-research/statistics-trends-and-reports/national-health-expenditure-data/state-residence
USA,KY,Kentucky,Southeast,1997,1997,3415.0,USD,All-payer personal health care expenditure per capita,CMS State Health Expenditure Accounts,https://www.cms.gov/data-research/statistics-trends-and-reports/national-health-expenditure-data/state-residence
USA,KY,Kentucky,Southeast,1998,1998,3570.0,USD,All-payer personal health care expenditure per capita,CMS State Health Expenditure Accounts,https://www.cms.gov/data-research/statistics-trends-and-reports/national-health-expenditure-data/state-residence
USA,KY,Kentucky,Southeast,1999,1999,3814.0,USD,All-payer personal health care expenditure per capita,CMS State Health Expenditure Accounts,https://www.cms.gov/data-research/statistics-trends-and-reports/national-health-expenditure-data/state-residence
USA,KY,Kentucky,Southeast,2000,2000,4154.0,USD,All-payer personal health care expenditure per capita,CMS State Health Expenditure Accounts,https://www.cms.gov/data-research/statistics-trends-and-reports/national-health-expenditure-data/state-residence
USA,KY,Kentucky,Southeast,2001,2001,4455.0,USD,All-payer personal health care expenditure per capita,CMS State Health Expenditure Accounts,https://www.cms.gov/data-research/statistics-trends-and-reports/national-health-expenditure-data/state-residence
USA,KY,Kentucky,Southeast,2002,2002,4823.0,USD,All-payer personal health care expenditure per capita,CMS State Health Expenditure Accounts,https://www.cms.gov/data-research/statistics-trends-and-reports/national-health-expenditure-data/state-residence
USA,KY,Kentucky,Southeast,2003,2003,5084.0,USD,All-payer personal health care expenditure per capita,CMS State Health Expenditure Accounts,https://www.cms.gov/data-research/statistics-trends-and-reports/national-health-expenditure-data/state-residence
USA,KY,Kentucky,Southeast,2004,2004,5385.0,USD,All-payer personal health care expenditure per capita,CMS State Health Expenditure Accounts,https://www.cms.gov/data-research/statistics-trends-and-reports/national-health-expenditure-data/state-residence
USA,KY,Kentucky,Southeast,2005,2005,5659.0,USD,All-payer personal health care expenditure per capita,CMS State Health Expenditure Accounts,https://www.cms.gov/data-research/statistics-trends-and-reports/national-health-expenditure-data/state-residence
USA,KY,Kentucky,Southeast,2006,2006,5981.0,USD,All-payer personal health care expenditure per capita,CMS State Health Expenditure Accounts,https://www.cms.gov/data-research/statistics-trends-and-reports/national-health-expenditure-data/state-residence
USA,KY,Kentucky,Southeast,2007,2007,6206.0,USD,All-payer personal health care expenditure per capita,CMS State Health Expenditure Accounts,https://www.cms.gov/data-research/statistics-trends-and-reports/national-health-expenditure-data/state-residence
USA,KY,Kentucky,Southeast,2008,2008,6351.0,USD,All-payer personal health care expenditure per capita,CMS State Health Expenditure Accounts,https://www.cms.gov/data-research/statistics-trends-and-reports/national-health-expenditure-data/state-residence
USA,KY,Kentucky,Southeast,2009,2009,6676.0,USD,All-payer personal health care expenditure per capita,CMS State Health Expenditure Accounts,https://www.cms.gov/data-research/statistics-trends-and-reports/national-health-expenditure-data/state-residence
USA,KY,Kentucky,Southeast,2010,2010,6861.0,USD,All-payer personal health care expenditure per capita,CMS State Health Expenditure Accounts,https://www.cms.gov/data-research/statistics-trends-and-reports/national-health-expenditure-data/state-residence
USA,KY,Kentucky,Southeast,2011,2011,7097.0,USD,All-payer personal health care expenditure per capita,CMS State Health Expenditure Accounts,https://www.cms.gov/data-research/statistics-trends-and-reports/national-health-expenditure-data/state-residence
USA,KY,Kentucky,Southeast,2012,2012,7249.0,USD,All-payer personal health care expenditure per capita,CMS State Health Expenditure Accounts,https://www.cms.gov/data-research/statistics-trends-and-reports/national-health-expenditure-data/state-residence
USA,KY,Kentucky,Southeast,2013,2013,7499.0,USD,All-payer personal health care expenditure per capita,CMS State Health Expenditure Accounts,https://www.cms.gov/data-research/statistics-trends-and-reports/national-health-expenditure-data/state-residence
USA,KY,Kentucky,Southeast,2014,2014,7965.0,USD,All-payer personal health care expenditure per capita,CMS State Health Expenditure Accounts,https://www.cms.gov/data-research/statistics-trends-and-reports/national-health-expenditure-data/state-residence
USA,KY,Kentucky,Southeast,2015,2015,8306.0,USD,All-payer personal health care expenditure per capita,CMS State Health Expenditure Accounts,https://www.cms.gov/data-research/statistics-trends-and-reports/national-health-expenditure-data/state-residence
USA,KY,Kentucky,Southeast,2016,2016,8611.0,USD,All-payer personal health care expenditure per capita,CMS State Health Expenditure Accounts,https://www.cms.gov/data-research/statistics-trends-and-reports/national-health-expenditure-data/state-residence
USA,KY,Kentucky,Southeast,2017,2017,8959.0,USD,All-payer personal health care expenditure per capita,CMS State Health Expenditure Accounts,https://www.cms.gov/data-research/statistics-trends-and-reports/national-health-expenditure-data/state-residence
USA,KY,Kentucky,Southeast,2018,2018,9332.0,USD,All-payer personal health care expenditure per capita,CMS State Health Expenditure Accounts,https://www.cms.gov/data-research/statistics-trends-and-reports/national-health-expenditure-data/state-residence
USA,KY,Kentucky,Southeast,2019,2019,9744.0,USD,All-payer personal health care expenditure per capita,CMS State Health Expenditure Accounts,https://www.cms.gov/data-research/statistics-trends-and-reports/national-health-expenditure-data/state-residence
USA,KY,Kentucky,Southeast,2020,2020,10257.0,USD,All-payer personal health care expenditure per capita,CMS State Health Expenditure Accounts,https://www.cms.gov/data-research/statistics-trends-and-reports/national-health-expenditure-data/state-residence
USA,LA,Louisiana,Southeast,1991,1991,2633.0,USD,All-payer personal health care expenditure per capita,CMS State Health Expenditure Accounts,https://www.cms.gov/data-research/statistics-trends-and-reports/national-health-expenditure-data/state-residence
USA,LA,Louisiana,Southeast,1992,1992,2849.0,USD,All-payer personal health care expenditure per capita,CMS State Health Expenditure Accounts,https://www.cms.gov/data-research/statistics-trends-and-reports/national-health-expenditure-data/state-residence
USA,LA,Louisiana,Southeast,1993,1993,3038.0,USD,All-payer personal health care expenditure per capita,CMS State Health Expenditure Accounts,https://www.cms.gov/data-research/statistics-trends-and-reports/national-health-expenditure-data/state-residence
USA,LA,Louisiana,Southeast,1994,1994,3200.0,USD,All-payer personal health care expenditure per capita,CMS State Health Expenditure Accounts,https://www.cms.gov/data-research/statistics-trends-and-reports/national-health-expenditure-data/state-residence
USA,LA,Louisiana,Southeast,1995,1995,3324.0,USD,All-payer personal health care expenditure per capita,CMS State Health Expenditure Accounts,https://www.cms.gov/data-research/statistics-trends-and-reports/national-health-expenditure-data/state-residence
USA,LA,Louisiana,Southeast,1996,1996,3429.0,USD,All-payer personal health care expenditure per capita,CMS State Health Expenditure Accounts,https://www.cms.gov/data-research/statistics-trends-and-reports/national-health-expenditure-data/state-residence
USA,LA,Louisiana,Southeast,1997,1997,3589.0,USD,All-payer personal health care expenditure per capita,CMS State Health Expenditure Accounts,https://www.cms.gov/data-research/statistics-trends-and-reports/national-health-expenditure-data/state-residence
USA,LA,Louisiana,Southeast,1998,1998,3704.0,USD,All-payer personal health care expenditure per capita,CMS State Health Expenditure Accounts,https://www.cms.gov/data-research/statistics-trends-and-reports/national-health-expenditure-data/state-residence
USA,LA,Louisiana,Southeast,1999,1999,3892.0,USD,All-payer personal health care expenditure per capita,CMS State Health Expenditure Accounts,https://www.cms.gov/data-research/statistics-trends-and-reports/national-health-expenditure-data/state-residence
USA,LA,Louisiana,Southeast,2000,2000,4021.0,USD,All-payer personal health care expenditure per capita,CMS State Health Expenditure Accounts,https://www.cms.gov/data-research/statistics-trends-and-reports/national-health-expenditure-data/state-residence
USA,LA,Louisiana,Southeast,2001,2001,4261.0,USD,All-payer personal health care expenditure per capita,CMS State Health Expenditure Accounts,https://www.cms.gov/data-research/statistics-trends-and-reports/national-health-expenditure-data/state-residence
USA,LA,Louisiana,Southeast,2002,2002,4544.0,USD,All-payer personal health care expenditure per capita,CMS State Health Expenditure Accounts,https://www.cms.gov/data-research/statistics-trends-and-reports/national-health-expenditure-data/state-residence
USA,LA,Louisiana,Southeast,2003,2003,4902.0,USD,All-payer personal health care expenditure per capita,CMS State Health Expenditure Accounts,https://www.cms.gov/data-research/statistics-trends-and-reports/national-health-expenditure-data/state-residence
USA,LA,Louisiana,Southeast,2004,2004,5230.0,USD,All-payer personal health care expenditure per capita,CMS State Health Expenditure Accounts,https://www.cms.gov/data-research/statistics-trends-and-reports/national-health-expenditure-data/state-residence
USA,LA,Louisiana,Southeast,2005,2005,5412.0,USD,All-payer personal health care expenditure per capita,CMS State Health Expenditure Accounts,https://www.cms.gov/data-research/statistics-trends-and-reports/national-health-expenditure-data/state-residence
USA,LA,Louisiana,Southeast,2006,2006,5935.0,USD,All-payer personal health care expenditure per capita,CMS State Health Expenditure Accounts,https://www.cms.gov/data-research/statistics-trends-and-reports/national-health-expenditure-data/state-residence
USA,LA,Louisiana,Southeast,2007,2007,6286.0,USD,All-payer personal health care expenditure per capita,CMS State Health Expenditure Accounts,https://www.cms.gov/data-research/statistics-trends-and-reports/national-health-expenditure-data/state-residence
USA,LA,Louisiana,Southeast,2008,2008,6594.0,USD,All-payer personal health care expenditure per capita,CMS State Health Expenditure Accounts,https://www.cms.gov/data-research/statistics-trends-and-reports/national-health-expenditure-data/state-residence
USA,LA,Louisiana,Southeast,2009,2009,6929.0,USD,All-payer personal health care expenditure per capita,CMS State Health Expenditure Accounts,https://www.cms.gov/data-research/statistics-trends-and-reports/national-health-expenditure-data/state-residence
USA,LA,Louisiana,Southeast,2010,2010,7187.0,USD,All-payer personal health care expenditure per capita,CMS State Health Expenditure Accounts,https://www.cms.gov/data-research/statistics-trends-and-reports/national-health-expenditure-data/state-residence
USA,LA,Louisiana,Southeast,2011,2011,7124.0,USD,All-payer personal health care expenditure per capita,CMS State Health Expenditure Accounts,https://www.cms.gov/data-research/statistics-trends-and-reports/national-health-expenditure-data/state-residence
USA,LA,Louisiana,Southeast,2012,2012,7271.0,USD,All-payer personal health care expenditure per capita,CMS State Health Expenditure Accounts,https://www.cms.gov/data-research/statistics-trends-and-reports/national-health-expenditure-data/state-residence
USA,LA,Louisiana,Southeast,2013,2013,7462.0,USD,All-payer personal health care expenditure per capita,CMS State Health Expenditure Accounts,https://www.cms.gov/data-research/statistics-trends-and-reports/national-health-expenditure-data/state-residence
USA,LA,Louisiana,Southeast,2014,2014,7855.0,USD,All-payer personal health care expenditure per capita,CMS State Health Expenditure Accounts,https://www.cms.gov/data-research/statistics-trends-and-reports/national-health-expenditure-data/state-residence
USA,LA,Louisiana,Southeast,2015,2015,8201.0,USD,All-payer personal health care expenditure per capita,CMS State Health Expenditure Accounts,https://www.cms.gov/data-research/statistics-trends-and-reports/national-health-expenditure-data/state-residence
USA,LA,Louisiana,Southeast,2016,2016,8542.0,USD,All-payer personal health care expenditure per capita,CMS State Health Expenditure Accounts,https://www.cms.gov/data-research/statistics-trends-and-reports/national-health-expenditure-data/state-residence
USA,LA,Louisiana,Southeast,2017,2017,8984.0,USD,All-payer personal health care expenditure per capita,CMS State Health Expenditure Accounts,https://www.cms.gov/data-research/statistics-trends-and-reports/national-health-expenditure-data/state-residence
USA,LA,Louisiana,Southeast,2018,2018,9217.0,USD,All-payer personal health care expenditure per capita,CMS State Health Expenditure Accounts,https://www.cms.gov/data-research/statistics-trends-and-reports/national-health-expenditure-data/state-residence
USA,LA,Louisiana,Southeast,2019,2019,9657.0,USD,All-payer personal health care expenditure per capita,CMS State Health Expenditure Accounts,https://www.cms.gov/data-research/statistics-trends-and-reports/national-health-expenditure-data/state-residence
USA,LA,Louisiana,Southeast,2020,2020,10515.0,USD,All-payer personal health care expenditure per capita,CMS State Health Expenditure Accounts,https://www.cms.gov/data-research/statistics-trends-and-reports/national-health-expenditure-data/state-residence
USA,MA,Massachusetts,New England,1991,1991,3313.0,USD,All-payer personal health care expenditure per capita,CMS State Health Expenditure Accounts,https://www.cms.gov/data-research/statistics-trends-and-reports/national-health-expenditure-data/state-residence
USA,MA,Massachusetts,New England,1992,1992,3516.0,USD,All-payer personal health care expenditure per capita,CMS State Health Expenditure Accounts,https://www.cms.gov/data-research/statistics-trends-and-reports/national-health-expenditure-data/state-residence
USA,MA,Massachusetts,New England,1993,1993,3769.0,USD,All-payer personal health care expenditure per capita,CMS State Health Expenditure Accounts,https://www.cms.gov/data-research/statistics-trends-and-reports/national-health-expenditure-data/state-residence
USA,MA,Massachusetts,New England,1994,1994,3895.0,USD,All-payer personal health care expenditure per capita,CMS State Health Expenditure Accounts,https://www.cms.gov/data-research/statistics-trends-and-reports/national-health-expenditure-data/state-residence
USA,MA,Massachusetts,New England,1995,1995,4103.0,USD,All-payer personal health care expenditure per capita,CMS State Health Expenditure Accounts,https://www.cms.gov/data-research/statistics-trends-and-reports/national-health-expenditure-data/state-residence
USA,MA,Massachusetts,New England,1996,1996,4288.0,USD,All-payer personal health care expenditure per capita,CMS State Health Expenditure Accounts,https://www.cms.gov/data-research/statistics-trends-and-reports/national-health-expenditure-data/state-residence
USA,MA,Massachusetts,New England,1997,1997,4500.0,USD,All-payer personal health care expenditure per capita,CMS State Health Expenditure Accounts,https://www.cms.gov/data-research/statistics-trends-and-reports/national-health-expenditure-data/state-residence
USA,MA,Massachusetts,New England,1998,1998,4783.0,USD,All-payer personal health care expenditure per capita,CMS State Health Expenditure Accounts,https://www.cms.gov/data-research/statistics-trends-and-reports/national-health-expenditure-data/state-residence
USA,MA,Massachusetts,New England,1999,1999,4877.0,USD,All-payer personal health care expenditure per capita,CMS State Health Expenditure Accounts,https://www.cms.gov/data-research/statistics-trends-and-reports/national-health-expenditure-data/state-residence
USA,MA,Massachusetts,New England,2000,2000,5171.0,USD,All-payer personal health care expenditure per capita,CMS State Health Expenditure Accounts,https://www.cms.gov/data-research/statistics-trends-and-reports/national-health-expenditure-data/state-residence
USA,MA,Massachusetts,New England,2001,2001,5608.0,USD,All-payer personal health care expenditure per capita,CMS State Health Expenditure Accounts,https://www.cms.gov/data-research/statistics-trends-and-reports/national-health-expenditure-data/state-residence
USA,MA,Massachusetts,New England,2002,2002,6118.0,USD,All-payer personal health care expenditure per capita,CMS State Health Expenditure Accounts,https://www.cms.gov/data-research/statistics-trends-and-reports/national-health-expenditure-data/state-residence
USA,MA,Massachusetts,New England,2003,2003,6599.0,USD,All-payer personal health care expenditure per capita,CMS State Health Expenditure Accounts,https://www.cms.gov/data-research/statistics-trends-and-reports/national-health-expenditure-data/state-residence
USA,MA,Massachusetts,New England,2004,2004,7012.0,USD,All-payer personal health care expenditure per capita,CMS State Health Expenditure Accounts,https://www.cms.gov/data-research/statistics-trends-and-reports/national-health-expenditure-data/state-residence
USA,MA,Massachusetts,New England,2005,2005,7479.0,USD,All-payer personal health care expenditure per capita,CMS State Health Expenditure Accounts,https://www.cms.gov/data-research/statistics-trends-and-reports/national-health-expenditure-data/state-residence
USA,MA,Massachusetts,New England,2006,2006,8055.0,USD,All-payer personal health care expenditure per capita,CMS State Health Expenditure Accounts,https://www.cms.gov/data-research/statistics-trends-and-reports/national-health-expenditure-data/state-residence
USA,MA,Massachusetts,New England,2007,2007,8617.0,USD,All-payer personal health care expenditure per capita,CMS State Health Expenditure Accounts,https://www.cms.gov/data-research/statistics-trends-and-reports/national-health-expenditure-data/state-residence
USA,MA,Massachusetts,New England,2008,2008,8974.0,USD,All-payer personal health care expenditure per capita,CMS State Health Expenditure Accounts,https://www.cms.gov/data-research/statistics-trends-and-reports/national-health-expenditure-data/state-residence
USA,MA,Massachusetts,New England,2009,2009,9361.0,USD,All-payer personal health care expenditure per capita,CMS State Health Expenditure Accounts,https://www.cms.gov/data-research/statistics-trends-and-reports/national-health-expenditure-data/state-residence
USA,MA,Massachusetts,New England,2010,2010,9533.0,USD,All-payer personal health care expenditure per capita,CMS State Health Expenditure Accounts,https://www.cms.gov/data-research/statistics-trends-and-reports/national-health-expenditure-data/state-residence
USA,MA,Massachusetts,New England,2011,2011,9720.0,USD,All-payer personal health care expenditure per capita,CMS State Health Expenditure Accounts,https://www.cms.gov/data-research/statistics-trends-and-reports/national-health-expenditure-data/state-residence
USA,MA,Massachusetts,New England,2012,2012,9952.0,USD,All-payer personal health care expenditure per capita,CMS State Health Expenditure Accounts,https://www.cms.gov/data-research/statistics-trends-and-reports/national-health-expenditure-data/state-residence
USA,MA,Massachusetts,New England,2013,2013,10085.0,USD,All-payer personal health care expenditure per capita,CMS State Health Expenditure Accounts,https://www.cms.gov/data-research/statistics-trends-and-reports/national-health-expenditure-data/state-residence
USA,MA,Massachusetts,New England,2014,2014,10394.0,USD,All-payer personal health care expenditure per capita,CMS State Health Expenditure Accounts,https://www.cms.gov/data-research/statistics-trends-and-reports/national-health-expenditure-data/state-residence
USA,MA,Massachusetts,New England,2015,2015,11010.0,USD,All-payer personal health care expenditure per capita,CMS State Health Expenditure Accounts,https://www.cms.gov/data-research/statistics-trends-and-reports/national-health-expenditure-data/state-residence
USA,MA,Massachusetts,New England,2016,2016,11490.0,USD,All-payer personal health care expenditure per capita,CMS State Health Expenditure Accounts,https://www.cms.gov/data-research/statistics-trends-and-reports/national-health-expenditure-data/state-residence
USA,MA,Massachusetts,New England,2017,2017,11746.0,USD,All-payer personal health care expenditure per capita,CMS State Health Expenditure Accounts,https://www.cms.gov/data-research/statistics-trends-and-reports/national-health-expenditure-data/state-residence
USA,MA,Massachusetts,New England,2018,2018,12215.0,USD,All-payer personal health care expenditure per capita,CMS State Health Expenditure Accounts,https://www.cms.gov/data-research/statistics-trends-and-reports/national-health-expenditure-data/state-residence
USA,MA,Massachusetts,New England,2019,2019,12729.0,USD,All-payer personal health care expenditure per capita,CMS State Health Expenditure Accounts,https://www.cms.gov/data-research/statistics-trends-and-reports/national-health-expenditure-data/state-residence
USA,MA,Massachusetts,New England,2020,2020,13319.0,USD,All-payer personal health care expenditure per capita,CMS State Health Expenditure Accounts,https://www.cms.gov/data-research/statistics-trends-and-reports/national-health-expenditure-data/state-residence
USA,MD,Maryland,Mideast,1991,1991,2771.0,USD,All-payer personal health care expenditure per capita,CMS State Health Expenditure Accounts,https://www.cms.gov/data-research/statistics-trends-and-reports/national-health-expenditure-data/state-residence
USA,MD,Maryland,Mideast,1992,1992,2939.0,USD,All-payer personal health care expenditure per capita,CMS State Health Expenditure Accounts,https://www.cms.gov/data-research/statistics-trends-and-reports/national-health-expenditure-data/state-residence
USA,MD,Maryland,Mideast,1993,1993,3113.0,USD,All-payer personal health care expenditure per capita,CMS State Health Expenditure Accounts,https://www.cms.gov/data-research/statistics-trends-and-reports/national-health-expenditure-data/state-residence
USA,MD,Maryland,Mideast,1994,1994,3285.0,USD,All-payer personal health care expenditure per capita,CMS State Health Expenditure Accounts,https://www.cms.gov/data-research/statistics-trends-and-reports/national-health-expenditure-data/state-residence
USA,MD,Maryland,Mideast,1995,1995,3400.0,USD,All-payer personal health care expenditure per capita,CMS State Health Expenditure Accounts,https://www.cms.gov/data-research/statistics-trends-and-reports/national-health-expenditure-data/state-residence
USA,MD,Maryland,Mideast,1996,1996,3563.0,USD,All-payer personal health care expenditure per capita,CMS State Health Expenditure Accounts,https://www.cms.gov/data-research/statistics-trends-and-reports/national-health-expenditure-data/state-residence
USA,MD,Maryland,Mideast,1997,1997,3695.0,USD,All-payer personal health care expenditure per capita,CMS State Health Expenditure Accounts,https://www.cms.gov/data-research/statistics-trends-and-reports/national-health-expenditure-data/state-residence
USA,MD,Maryland,Mideast,1998,1998,3730.0,USD,All-payer personal health care expenditure per capita,CMS State Health Expenditure Accounts,https://www.cms.gov/data-research/statistics-trends-and-reports/national-health-expenditure-data/state-residence
USA,MD,Maryland,Mideast,1999,1999,3967.0,USD,All-payer personal health care expenditure per capita,CMS State Health Expenditure Accounts,https://www.cms.gov/data-research/statistics-trends-and-reports/national-health-expenditure-data/state-residence
USA,MD,Maryland,Mideast,2000,2000,4227.0,USD,All-payer personal health care expenditure per capita,CMS State Health Expenditure Accounts,https://www.cms.gov/data-research/statistics-trends-and-reports/national-health-expenditure-data/state-residence
USA,MD,Maryland,Mideast,2001,2001,4592.0,USD,All-payer personal health care expenditure per capita,CMS State Health Expenditure Accounts,https://www.cms.gov/data-research/statistics-trends-and-reports/national-health-expenditure-data/state-residence
USA,MD,Maryland,Mideast,2002,2002,4986.0,USD,All-payer personal health care expenditure per capita,CMS State Health Expenditure Accounts,https://www.cms.gov/data-research/statistics-trends-and-reports/national-health-expenditure-data/state-residence
USA,MD,Maryland,Mideast,2003,2003,5385.0,USD,All-payer personal health care expenditure per capita,CMS State Health Expenditure Accounts,https://www.cms.gov/data-research/statistics-trends-and-reports/national-health-expenditure-data/state-residence
USA,MD,Maryland,Mideast,2004,2004,5724.0,USD,All-payer personal health care expenditure per capita,CMS State Health Expenditure Accounts,https://www.cms.gov/data-research/statistics-trends-and-reports/national-health-expenditure-data/state-residence
USA,MD,Maryland,Mideast,2005,2005,6075.0,USD,All-payer personal health care expenditure per capita,CMS State Health Expenditure Accounts,https://www.cms.gov/data-research/statistics-trends-and-reports/national-health-expenditure-data/state-residence
USA,MD,Maryland,Mideast,2006,2006,6560.0,USD,All-payer personal health care expenditure per capita,CMS State Health Expenditure Accounts,https://www.cms.gov/data-research/statistics-trends-and-reports/national-health-expenditure-data/state-residence
USA,MD,Maryland,Mideast,2007,2007,6945.0,USD,All-payer personal health care expenditure per capita,CMS State Health Expenditure Accounts,https://www.cms.gov/data-research/statistics-trends-and-reports/national-health-expenditure-data/state-residence
USA,MD,Maryland,Mideast,2008,2008,7226.0,USD,All-payer personal health care expenditure per capita,CMS State Health Expenditure Accounts,https://www.cms.gov/data-research/statistics-trends-and-reports/national-health-expenditure-data/state-residence
USA,MD,Maryland,Mideast,2009,2009,7518.0,USD,All-payer personal health care expenditure per capita,CMS State Health Expenditure Accounts,https://www.cms.gov/data-research/statistics-trends-and-reports/national-health-expenditure-data/state-residence
USA,MD,Maryland,Mideast,2010,2010,7744.0,USD,All-payer personal health care expenditure per capita,CMS State Health Expenditure Accounts,https://www.cms.gov/data-research/statistics-trends-and-reports/national-health-expenditure-data/state-residence
USA,MD,Maryland,Mideast,2011,2011,7928.0,USD,All-payer personal health care expenditure per capita,CMS State Health Expenditure Accounts,https://www.cms.gov/data-research/statistics-trends-and-reports/national-health-expenditure-data/state-residence
USA,MD,Maryland,Mideast,2012,2012,8110.0,USD,All-payer personal health care expenditure per capita,CMS State Health Expenditure Accounts,https://www.cms.gov/data-research/statistics-trends-and-reports/national-health-expenditure-data/state-residence
USA,MD,Maryland,Mideast,2013,2013,8217.0,USD,All-payer personal health care expenditure per capita,CMS State Health Expenditure Accounts,https://www.cms.gov/data-research/statistics-trends-and-reports/national-health-expenditure-data/state-residence
USA,MD,Maryland,Mideast,2014,2014,8574.0,USD,All-payer personal health care expenditure per capita,CMS State Health Expenditure Accounts,https://www.cms.gov/data-research/statistics-trends-and-reports/national-health-expenditure-data/state-residence
USA,MD,Maryland,Mideast,2015,2015,9001.0,USD,All-payer personal health care expenditure per capita,CMS State Health Expenditure Accounts,https://www.cms.gov/data-research/statistics-trends-and-reports/national-health-expenditure-data/state-residence
USA,MD,Maryland,Mideast,2016,2016,9321.0,USD,All-payer personal health care expenditure per capita,CMS State Health Expenditure Accounts,https://www.cms.gov/data-research/statistics-trends-and-reports/national-health-expenditure-data/state-residence
USA,MD,Maryland,Mideast,2017,2017,9592.0,USD,All-payer personal health care expenditure per capita,CMS State Health Expenditure Accounts,https://www.cms.gov/data-research/statistics-trends-and-reports/national-health-expenditure-data/state-residence
USA,MD,Maryland,Mideast,2018,2018,9934.0,USD,All-payer personal health care expenditure per capita,CMS State Health Expenditure Accounts,https://www.cms.gov/data-research/statistics-trends-and-reports/national-health-expenditure-data/state-residence
USA,MD,Maryland,Mideast,2019,2019,10248.0,USD,All-payer personal health care expenditure per capita,CMS State Health Expenditure Accounts,https://www.cms.gov/data-research/statistics-trends-and-reports/national-health-expenditure-data/state-residence
USA,MD,Maryland,Mideast,2020,2020,10839.0,USD,All-payer personal health care expenditure per capita,CMS State Health Expenditure Accounts,https://www.cms.gov/data-research/statistics-trends-and-reports/national-health-expenditure-data/state-residence
USA,ME,Maine,New England,1991,1991,2538.0,USD,All-payer personal health care expenditure per capita,CMS State Health Expenditure Accounts,https://www.cms.gov/data-research/statistics-trends-and-reports/national-health-expenditure-data/state-residence
USA,ME,Maine,New England,1992,1992,2676.0,USD,All-payer personal health care expenditure per capita,CMS State Health Expenditure Accounts,https://www.cms.gov/data-research/statistics-trends-and-reports/national-health-expenditure-data/state-residence
USA,ME,Maine,New England,1993,1993,2859.0,USD,All-payer personal health care expenditure per capita,CMS State Health Expenditure Accounts,https://www.cms.gov/data-research/statistics-trends-and-reports/national-health-expenditure-data/state-residence
USA,ME,Maine,New England,1994,1994,2977.0,USD,All-payer personal health care expenditure per capita,CMS State Health Expenditure Accounts,https://www.cms.gov/data-research/statistics-trends-and-reports/national-health-expenditure-data/state-residence
USA,ME,Maine,New England,1995,1995,3236.0,USD,All-payer personal health care expenditure per capita,CMS State Health Expenditure Accounts,https://www.cms.gov/data-research/statistics-trends-and-reports/national-health-expenditure-data/state-residence
USA,ME,Maine,New England,1996,1996,3508.0,USD,All-payer personal health care expenditure per capita,CMS State Health Expenditure Accounts,https://www.cms.gov/data-research/statistics-trends-and-reports/national-health-expenditure-data/state-residence
USA,ME,Maine,New England,1997,1997,3777.0,USD,All-payer personal health care expenditure per capita,CMS State Health Expenditure Accounts,https://www.cms.gov/data-research/statistics-trends-and-reports/national-health-expenditure-data/state-residence
USA,ME,Maine,New England,1998,1998,4072.0,USD,All-payer personal health care expenditure per capita,CMS State Health Expenditure Accounts,https://www.cms.gov/data-research/statistics-trends-and-reports/national-health-expenditure-data/state-residence
USA,ME,Maine,New England,1999,1999,4394.0,USD,All-payer personal health care expenditure per capita,CMS State Health Expenditure Accounts,https://www.cms.gov/data-research/statistics-trends-and-reports/national-health-expenditure-data/state-residence
USA,ME,Maine,New England,2000,2000,4638.0,USD,All-payer personal health care expenditure per capita,CMS State Health Expenditure Accounts,https://www.cms.gov/data-research/statistics-trends-and-reports/national-health-expenditure-data/state-residence
USA,ME,Maine,New England,2001,2001,5049.0,USD,All-payer personal health care expenditure per capita,CMS State Health Expenditure Accounts,https://www.cms.gov/data-research/statistics-trends-and-reports/national-health-expenditure-data/state-residence
USA,ME,Maine,New England,2002,2002,5492.0,USD,All-payer personal health care expenditure per capita,CMS State Health Expenditure Accounts,https://www.cms.gov/data-research/statistics-trends-and-reports/national-health-expenditure-data/state-residence
USA,ME,Maine,New England,2003,2003,6002.0,USD,All-payer personal health care expenditure per capita,CMS State Health Expenditure Accounts,https://www.cms.gov/data-research/statistics-trends-and-reports/national-health-expenditure-data/state-residence
USA,ME,Maine,New England,2004,2004,6471.0,USD,All-payer personal health care expenditure per capita,CMS State Health Expenditure Accounts,https://www.cms.gov/data-research/statistics-trends-and-reports/national-health-expenditure-data/state-residence
USA,ME,Maine,New England,2005,2005,6875.0,USD,All-payer personal health care expenditure per capita,CMS State Health Expenditure Accounts,https://www.cms.gov/data-research/statistics-trends-and-reports/national-health-expenditure-data/state-residence
USA,ME,Maine,New England,2006,2006,7295.0,USD,All-payer personal health care expenditure per capita,CMS State Health Expenditure Accounts,https://www.cms.gov/data-research/statistics-trends-and-reports/national-health-expenditure-data/state-residence
USA,ME,Maine,New England,2007,2007,7637.0,USD,All-payer personal health care expenditure per capita,CMS State Health Expenditure Accounts,https://www.cms.gov/data-research/statistics-trends-and-reports/national-health-expenditure-data/state-residence
USA,ME,Maine,New England,2008,2008,7924.0,USD,All-payer personal health care expenditure per capita,CMS State Health Expenditure Accounts,https://www.cms.gov/data-research/statistics-trends-and-reports/national-health-expenditure-data/state-residence
USA,ME,Maine,New England,2009,2009,8192.0,USD,All-payer personal health care expenditure per capita,CMS State Health Expenditure Accounts,https://www.cms.gov/data-research/statistics-trends-and-reports/national-health-expenditure-data/state-residence
USA,ME,Maine,New England,2010,2010,8342.0,USD,All-payer personal health care expenditure per capita,CMS State Health Expenditure Accounts,https://www.cms.gov/data-research/statistics-trends-and-reports/national-health-expenditure-data/state-residence
USA,ME,Maine,New England,2011,2011,8584.0,USD,All-payer personal health care expenditure per capita,CMS State Health Expenditure Accounts,https://www.cms.gov/data-research/statistics-trends-and-reports/national-health-expenditure-data/state-residence
USA,ME,Maine,New England,2012,2012,8753.0,USD,All-payer personal health care expenditure per capita,CMS State Health Expenditure Accounts,https://www.cms.gov/data-research/statistics-trends-and-reports/national-health-expenditure-data/state-residence
USA,ME,Maine,New England,2013,2013,8813.0,USD,All-payer personal health care expenditure per capita,CMS State Health Expenditure Accounts,https://www.cms.gov/data-research/statistics-trends-and-reports/national-health-expenditure-data/state-residence
USA,ME,Maine,New England,2014,2014,9115.0,USD,All-payer personal health care expenditure per capita,CMS State Health Expenditure Accounts,https://www.cms.gov/data-research/statistics-trends-and-reports/national-health-expenditure-data/state-residence
USA,ME,Maine,New England,2015,2015,9591.0,USD,All-payer personal health care expenditure per capita,CMS State Health Expenditure Accounts,https://www.cms.gov/data-research/statistics-trends-and-reports/national-health-expenditure-data/state-residence
USA,ME,Maine,New England,2016,2016,10018.0,USD,All-payer personal health care expenditure per capita,CMS State Health Expenditure Accounts,https://www.cms.gov/data-research/statistics-trends-and-reports/national-health-expenditure-data/state-residence
USA,ME,Maine,New England,2017,2017,10399.0,USD,All-payer personal health care expenditure per capita,CMS State Health Expenditure Accounts,https://www.cms.gov/data-research/statistics-trends-and-reports/national-health-expenditure-data/state-residence
USA,ME,Maine,New England,2018,2018,10950.0,USD,All-payer personal health care expenditure per capita,CMS State Health Expenditure Accounts,https://www.cms.gov/data-research/statistics-trends-and-reports/national-health-expenditure-data/state-residence
USA,ME,Maine,New England,2019,2019,11488.0,USD,All-payer personal health care expenditure per capita,CMS State Health Expenditure Accounts,https://www.cms.gov/data-research/statistics-trends-and-reports/national-health-expenditure-data/state-residence
USA,ME,Maine,New England,2020,2020,12077.0,USD,All-payer personal health care expenditure per capita,CMS State Health Expenditure Accounts,https://www.cms.gov/data-research/statistics-trends-and-reports/national-health-expenditure-data/state-residence
USA,MI,Michigan,Great Lakes,1991,1991,2653.0,USD,All-payer personal health care expenditure per capita,CMS State Health Expenditure Accounts,https://www.cms.gov/data-research/statistics-trends-and-reports/national-health-expenditure-data/state-residence
USA,MI,Michigan,Great Lakes,1992,1992,2780.0,USD,All-payer personal health care expenditure per capita,CMS State Health Expenditure Accounts,https://www.cms.gov/data-research/statistics-trends-and-reports/national-health-expenditure-data/state-residence
USA,MI,Michigan,Great Lakes,1993,1993,2926.0,USD,All-payer personal health care expenditure per capita,CMS State Health Expenditure Accounts,https://www.cms.gov/data-research/statistics-trends-and-reports/national-health-expenditure-data/state-residence
USA,MI,Michigan,Great Lakes,1994,1994,3088.0,USD,All-payer personal health care expenditure per capita,CMS State Health Expenditure Accounts,https://www.cms.gov/data-research/statistics-trends-and-reports/national-health-expenditure-data/state-residence
USA,MI,Michigan,Great Lakes,1995,1995,3284.0,USD,All-payer personal health care expenditure per capita,CMS State Health Expenditure Accounts,https://www.cms.gov/data-research/statistics-trends-and-reports/national-health-expenditure-data/state-residence
USA,MI,Michigan,Great Lakes,1996,1996,3461.0,USD,All-payer personal health care expenditure per capita,CMS State Health Expenditure Accounts,https://www.cms.gov/data-research/statistics-trends-and-reports/national-health-expenditure-data/state-residence
USA,MI,Michigan,Great Lakes,1997,1997,3612.0,USD,All-payer personal health care expenditure per capita,CMS State Health Expenditure Accounts,https://www.cms.gov/data-research/statistics-trends-and-reports/national-health-expenditure-data/state-residence
USA,MI,Michigan,Great Lakes,1998,1998,3681.0,USD,All-payer personal health care expenditure per capita,CMS State Health Expenditure Accounts,https://www.cms.gov/data-research/statistics-trends-and-reports/national-health-expenditure-data/state-residence
USA,MI,Michigan,Great Lakes,1999,1999,3820.0,USD,All-payer personal health care expenditure per capita,CMS State Health Expenditure Accounts,https://www.cms.gov/data-research/statistics-trends-and-reports/national-health-expenditure-data/state-residence
USA,MI,Michigan,Great Lakes,2000,2000,4050.0,USD,All-payer personal health care expenditure per capita,CMS State Health Expenditure Accounts,https://www.cms.gov/data-research/statistics-trends-and-reports/national-health-expenditure-data/state-residence
USA,MI,Michigan,Great Lakes,2001,2001,4297.0,USD,All-payer personal health care expenditure per capita,CMS State Health Expenditure Accounts,https://www.cms.gov/data-research/statistics-trends-and-reports/national-health-expenditure-data/state-residence
USA,MI,Michigan,Great Lakes,2002,2002,4576.0,USD,All-payer personal health care expenditure per capita,CMS State Health Expenditure Accounts,https://www.cms.gov/data-research/statistics-trends-and-reports/national-health-expenditure-data/state-residence
USA,MI,Michigan,Great Lakes,2003,2003,4895.0,USD,All-payer personal health care expenditure per capita,CMS State Health Expenditure Accounts,https://www.cms.gov/data-research/statistics-trends-and-reports/national-health-expenditure-data/state-residence
USA,MI,Michigan,Great Lakes,2004,2004,5261.0,USD,All-payer personal health care expenditure per capita,CMS State Health Expenditure Accounts,https://www.cms.gov/data-research/statistics-trends-and-reports/national-health-expenditure-data/state-residence
USA,MI,Michigan,Great Lakes,2005,2005,5564.0,USD,All-payer personal health care expenditure per capita,CMS State Health Expenditure Accounts,https://www.cms.gov/data-research/statistics-trends-and-reports/national-health-expenditure-data/state-residence
USA,MI,Michigan,Great Lakes,2006,2006,5979.0,USD,All-payer personal health care expenditure per capita,CMS State Health Expenditure Accounts,https://www.cms.gov/data-research/statistics-trends-and-reports/national-health-expenditure-data/state-residence
USA,MI,Michigan,Great Lakes,2007,2007,6318.0,USD,All-payer personal health care expenditure per capita,CMS State Health Expenditure Accounts,https://www.cms.gov/data-research/statistics-trends-and-reports/national-health-expenditure-data/state-residence
USA,MI,Michigan,Great Lakes,2008,2008,6552.0,USD,All-payer personal health care expenditure per capita,CMS State Health Expenditure Accounts,https://www.cms.gov/data-research/statistics-trends-and-reports/national-health-expenditure-data/state-residence
USA,MI,Michigan,Great Lakes,2009,2009,6824.0,USD,All-payer personal health care expenditure per capita,CMS State Health Expenditure Accounts,https://www.cms.gov/data-research/statistics-trends-and-reports/national-health-expenditure-data/state-residence
USA,MI,Michigan,Great Lakes,2010,2010,7089.0,USD,All-payer personal health care expenditure per capita,CMS State Health Expenditure Accounts,https://www.cms.gov/data-research/statistics-trends-and-reports/national-health-expenditure-data/state-residence
USA,MI,Michigan,Great Lakes,2011,2011,7345.0,USD,All-payer personal health care expenditure per capita,CMS State Health Expenditure Accounts,https://www.cms.gov/data-research/statistics-trends-and-reports/national-health-expenditure-data/state-residence
USA,MI,Michigan,Great Lakes,2012,2012,7579.0,USD,All-payer personal health care expenditure per capita,CMS State Health Expenditure Accounts,https://www.cms.gov/data-research/statistics-trends-and-reports/national-health-expenditure-data/state-residence
USA,MI,Michigan,Great Lakes,2013,2013,7693.0,USD,All-payer personal health care expenditure per capita,CMS State Health Expenditure Accounts,https://www.cms.gov/data-research/statistics-trends-and-reports/national-health-expenditure-data/state-residence
USA,MI,Michigan,Great Lakes,2014,2014,7967.0,USD,All-payer personal health care expenditure per capita,CMS State Health Expenditure Accounts,https://www.cms.gov/data-research/statistics-trends-and-reports/national-health-expenditure-data/state-residence
USA,MI,Michigan,Great Lakes,2015,2015,8372.0,USD,All-payer personal health care expenditure per capita,CMS State Health Expenditure Accounts,https://www.cms.gov/data-research/statistics-trends-and-reports/national-health-expenditure-data/state-residence
USA,MI,Michigan,Great Lakes,2016,2016,8707.0,USD,All-payer personal health care expenditure per capita,CMS State Health Expenditure Accounts,https://www.cms.gov/data-research/statistics-trends-and-reports/national-health-expenditure-data/state-residence
USA,MI,Michigan,Great Lakes,2017,2017,8940.0,USD,All-payer personal health care expenditure per capita,CMS State Health Expenditure Accounts,https://www.cms.gov/data-research/statistics-trends-and-reports/national-health-expenditure-data/state-residence
USA,MI,Michigan,Great Lakes,2018,2018,9142.0,USD,All-payer personal health care expenditure per capita,CMS State Health Expenditure Accounts,https://www.cms.gov/data-research/statistics-trends-and-reports/national-health-expenditure-data/state-residence
USA,MI,Michigan,Great Lakes,2019,2019,9532.0,USD,All-payer personal health care expenditure per capita,CMS State Health Expenditure Accounts,https://www.cms.gov/data-research/statistics-trends-and-reports/national-health-expenditure-data/state-residence
USA,MI,Michigan,Great Lakes,2020,2020,9897.0,USD,All-payer personal health care expenditure per capita,CMS State Health Expenditure Accounts,https://www.cms.gov/data-research/statistics-trends-and-reports/national-health-expenditure-data/state-residence
USA,MN,Minnesota,Plains,1991,1991,2685.0,USD,All-payer personal health care expenditure per capita,CMS State Health Expenditure Accounts,https://www.cms.gov/data-research/statistics-trends-and-reports/national-health-expenditure-data/state-residence
USA,MN,Minnesota,Plains,1992,1992,2789.0,USD,All-payer personal health care expenditure per capita,CMS State Health Expenditure Accounts,https://www.cms.gov/data-research/statistics-trends-and-reports/national-health-expenditure-data/state-residence
USA,MN,Minnesota,Plains,1993,1993,2940.0,USD,All-payer personal health care expenditure per capita,CMS State Health Expenditure Accounts,https://www.cms.gov/data-research/statistics-trends-and-reports/national-health-expenditure-data/state-residence
USA,MN,Minnesota,Plains,1994,1994,3146.0,USD,All-payer personal health care expenditure per capita,CMS State Health Expenditure Accounts,https://www.cms.gov/data-research/statistics-trends-and-reports/national-health-expenditure-data/state-residence
USA,MN,Minnesota,Plains,1995,1995,3340.0,USD,All-payer personal health care expenditure per capita,CMS State Health Expenditure Accounts,https://www.cms.gov/data-research/statistics-trends-and-reports/national-health-expenditure-data/state-residence
USA,MN,Minnesota,Plains,1996,1996,3502.0,USD,All-payer personal health care expenditure per capita,CMS State Health Expenditure Accounts,https://www.cms.gov/data-research/statistics-trends-and-reports/national-health-expenditure-data/state-residence
USA,MN,Minnesota,Plains,1997,1997,3688.0,USD,All-payer personal health care expenditure per capita,CMS State Health Expenditure Accounts,https://www.cms.gov/data-research/statistics-trends-and-reports/national-health-expenditure-data/state-residence
USA,MN,Minnesota,Plains,1998,1998,3989.0,USD,All-payer personal health care expenditure per capita,CMS State Health Expenditure Accounts,https://www.cms.gov/data-research/statistics-trends-and-reports/national-health-expenditure-data/state-residence
USA,MN,Minnesota,Plains,1999,1999,4179.0,USD,All-payer personal health care expenditure per capita,CMS State Health Expenditure Accounts,https://www.cms.gov/data-research/statistics-trends-and-reports/national-health-expenditure-data/state-residence
USA,MN,Minnesota,Plains,2000,2000,4506.0,USD,All-payer personal health care expenditure per capita,CMS State Health Expenditure Accounts,https://www.cms.gov/data-research/statistics-trends-and-reports/national-health-expenditure-data/state-residence
USA,MN,Minnesota,Plains,2001,2001,4880.0,USD,All-payer personal health care expenditure per capita,CMS State Health Expenditure Accounts,https://www.cms.gov/data-research/statistics-trends-and-reports/national-health-expenditure-data/state-residence
USA,MN,Minnesota,Plains,2002,2002,5312.0,USD,All-payer personal health care expenditure per capita,CMS State Health Expenditure Accounts,https://www.cms.gov/data-research/statistics-trends-and-reports/national-health-expenditure-data/state-residence
USA,MN,Minnesota,Plains,2003,2003,5675.0,USD,All-payer personal health care expenditure per capita,CMS State Health Expenditure Accounts,https://www.cms.gov/data-research/statistics-trends-and-reports/national-health-expenditure-data/state-residence
USA,MN,Minnesota,Plains,2004,2004,6000.0,USD,All-payer personal health care expenditure per capita,CMS State Health Expenditure Accounts,https://www.cms.gov/data-research/statistics-trends-and-reports/national-health-expenditure-data/state-residence
USA,MN,Minnesota,Plains,2005,2005,6328.0,USD,All-payer personal health care expenditure per capita,CMS State Health Expenditure Accounts,https://www.cms.gov/data-research/statistics-trends-and-reports/national-health-expenditure-data/state-residence
USA,MN,Minnesota,Plains,2006,2006,6673.0,USD,All-payer personal health care expenditure per capita,CMS State Health Expenditure Accounts,https://www.cms.gov/data-research/statistics-trends-and-reports/national-health-expenditure-data/state-residence
USA,MN,Minnesota,Plains,2007,2007,7045.0,USD,All-payer personal health care expenditure per capita,CMS State Health Expenditure Accounts,https://www.cms.gov/data-research/statistics-trends-and-reports/national-health-expenditure-data/state-residence
USA,MN,Minnesota,Plains,2008,2008,7227.0,USD,All-payer personal health care expenditure per capita,CMS State Health Expenditure Accounts,https://www.cms.gov/data-research/statistics-trends-and-reports/national-health-expenditure-data/state-residence
USA,MN,Minnesota,Plains,2009,2009,7532.0,USD,All-payer personal health care expenditure per capita,CMS State Health Expenditure Accounts,https://www.cms.gov/data-research/statistics-trends-and-reports/national-health-expenditure-data/state-residence
USA,MN,Minnesota,Plains,2010,2010,7801.0,USD,All-payer personal health care expenditure per capita,CMS State Health Expenditure Accounts,https://www.cms.gov/data-research/statistics-trends-and-reports/national-health-expenditure-data/state-residence
USA,MN,Minnesota,Plains,2011,2011,8013.0,USD,All-payer personal health care expenditure per capita,CMS State Health Expenditure Accounts,https://www.cms.gov/data-research/statistics-trends-and-reports/national-health-expenditure-data/state-residence
USA,MN,Minnesota,Plains,2012,2012,8242.0,USD,All-payer personal health care expenditure per capita,CMS State Health Expenditure Accounts,https://www.cms.gov/data-research/statistics-trends-and-reports/national-health-expenditure-data/state-residence
USA,MN,Minnesota,Plains,2013,2013,8533.0,USD,All-payer personal health care expenditure per capita,CMS State Health Expenditure Accounts,https://www.cms.gov/data-research/statistics-trends-and-reports/national-health-expenditure-data/state-residence
USA,MN,Minnesota,Plains,2014,2014,8919.0,USD,All-payer personal health care expenditure per capita,CMS State Health Expenditure Accounts,https://www.cms.gov/data-research/statistics-trends-and-reports/national-health-expenditure-data/state-residence
USA,MN,Minnesota,Plains,2015,2015,9163.0,USD,All-payer personal health care expenditure per capita,CMS State Health Expenditure Accounts,https://www.cms.gov/data-research/statistics-trends-and-reports/national-health-expenditure-data/state-residence
USA,MN,Minnesota,Plains,2016,2016,9540.0,USD,All-payer personal health care expenditure per capita,CMS State Health Expenditure Accounts,https://www.cms.gov/data-research/statistics-trends-and-reports/national-health-expenditure-data/state-residence
USA,MN,Minnesota,Plains,2017,2017,9782.0,USD,All-payer personal health care expenditure per capita,CMS State Health Expenditure Accounts,https://www.cms.gov/data-research/statistics-trends-and-reports/national-health-expenditure-data/state-residence
USA,MN,Minnesota,Plains,2018,2018,10174.0,USD,All-payer personal health care expenditure per capita,CMS State Health Expenditure Accounts,https://www.cms.gov/data-research/statistics-trends-and-reports/national-health-expenditure-data/state-residence
USA,MN,Minnesota,Plains,2019,2019,10510.0,USD,All-payer personal health care expenditure per capita,CMS State Health Expenditure Accounts,https://www.cms.gov/data-research/statistics-trends-and-reports/national-health-expenditure-data/state-residence
USA,MN,Minnesota,Plains,2020,2020,10846.0,USD,All-payer personal health care expenditure per capita,CMS State Health Expenditure Accounts,https://www.cms.gov/data-research/statistics-trends-and-reports/national-health-expenditure-data/state-residence
USA,MO,Missouri,Plains,1991,1991,2505.0,USD,All-payer personal health care expenditure per capita,CMS State Health Expenditure Accounts,https://www.cms.gov/data-research/statistics-trends-and-reports/national-health-expenditure-data/state-residence
USA,MO,Missouri,Plains,1992,1992,2719.0,USD,All-payer personal health care expenditure per capita,CMS State Health Expenditure Accounts,https://www.cms.gov/data-research/statistics-trends-and-reports/national-health-expenditure-data/state-residence
USA,MO,Missouri,Plains,1993,1993,2867.0,USD,All-payer personal health care expenditure per capita,CMS State Health Expenditure Accounts,https://www.cms.gov/data-research/statistics-trends-and-reports/national-health-expenditure-data/state-residence
USA,MO,Missouri,Plains,1994,1994,3052.0,USD,All-payer personal health care expenditure per capita,CMS State Health Expenditure Accounts,https://www.cms.gov/data-research/statistics-trends-and-reports/national-health-expenditure-data/state-residence
USA,MO,Missouri,Plains,1995,1995,3169.0,USD,All-payer personal health care expenditure per capita,CMS State Health Expenditure Accounts,https://www.cms.gov/data-research/statistics-trends-and-reports/national-health-expenditure-data/state-residence
USA,MO,Missouri,Plains,1996,1996,3332.0,USD,All-payer personal health care expenditure per capita,CMS State Health Expenditure Accounts,https://www.cms.gov/data-research/statistics-trends-and-reports/national-health-expenditure-data/state-residence
USA,MO,Missouri,Plains,1997,1997,3502.0,USD,All-payer personal health care expenditure per capita,CMS State Health Expenditure Accounts,https://www.cms.gov/data-research/statistics-trends-and-reports/national-health-expenditure-data/state-residence
USA,MO,Missouri,Plains,1998,1998,3698.0,USD,All-payer personal health care expenditure per capita,CMS State Health Expenditure Accounts,https://www.cms.gov/data-research/statistics-trends-and-reports/national-health-expenditure-data/state-residence
USA,MO,Missouri,Plains,1999,1999,3864.0,USD,All-payer personal health care expenditure per capita,CMS State Health Expenditure Accounts,https://www.cms.gov/data-research/statistics-trends-and-reports/national-health-expenditure-data/state-residence
USA,MO,Missouri,Plains,2000,2000,4159.0,USD,All-payer personal health care expenditure per capita,CMS State Health Expenditure Accounts,https://www.cms.gov/data-research/statistics-trends-and-reports/national-health-expenditure-data/state-residence
USA,MO,Missouri,Plains,2001,2001,4447.0,USD,All-payer personal health care expenditure per capita,CMS State Health Expenditure Accounts,https://www.cms.gov/data-research/statistics-trends-and-reports/national-health-expenditure-data/state-residence
USA,MO,Missouri,Plains,2002,2002,4843.0,USD,All-payer personal health care expenditure per capita,CMS State Health Expenditure Accounts,https://www.cms.gov/data-research/statistics-trends-and-reports/national-health-expenditure-data/state-residence
USA,MO,Missouri,Plains,2003,2003,5185.0,USD,All-payer personal health care expenditure per capita,CMS State Health Expenditure Accounts,https://www.cms.gov/data-research/statistics-trends-and-reports/national-health-expenditure-data/state-residence
USA,MO,Missouri,Plains,2004,2004,5433.0,USD,All-payer personal health care expenditure per capita,CMS State Health Expenditure Accounts,https://www.cms.gov/data-research/statistics-trends-and-reports/national-health-expenditure-data/state-residence
USA,MO,Missouri,Plains,2005,2005,5665.0,USD,All-payer personal health care expenditure per capita,CMS State Health Expenditure Accounts,https://www.cms.gov/data-research/statistics-trends-and-reports/national-health-expenditure-data/state-residence
USA,MO,Missouri,Plains,2006,2006,5816.0,USD,All-payer personal health care expenditure per capita,CMS State Health Expenditure Accounts,https://www.cms.gov/data-research/statistics-trends-and-reports/national-health-expenditure-data/state-residence
USA,MO,Missouri,Plains,2007,2007,6329.0,USD,All-payer personal health care expenditure per capita,CMS State Health Expenditure Accounts,https://www.cms.gov/data-research/statistics-trends-and-reports/national-health-expenditure-data/state-residence
USA,MO,Missouri,Plains,2008,2008,6651.0,USD,All-payer personal health care expenditure per capita,CMS State Health Expenditure Accounts,https://www.cms.gov/data-research/statistics-trends-and-reports/national-health-expenditure-data/state-residence
USA,MO,Missouri,Plains,2009,2009,6818.0,USD,All-payer personal health care expenditure per capita,CMS State Health Expenditure Accounts,https://www.cms.gov/data-research/statistics-trends-and-reports/national-health-expenditure-data/state-residence
USA,MO,Missouri,Plains,2010,2010,6990.0,USD,All-payer personal health care expenditure per capita,CMS State Health Expenditure Accounts,https://www.cms.gov/data-research/statistics-trends-and-reports/national-health-expenditure-data/state-residence
USA,MO,Missouri,Plains,2011,2011,7265.0,USD,All-payer personal health care expenditure per capita,CMS State Health Expenditure Accounts,https://www.cms.gov/data-research/statistics-trends-and-reports/national-health-expenditure-data/state-residence
USA,MO,Missouri,Plains,2012,2012,7538.0,USD,All-payer personal health care expenditure per capita,CMS State Health Expenditure Accounts,https://www.cms.gov/data-research/statistics-trends-and-reports/national-health-expenditure-data/state-residence
USA,MO,Missouri,Plains,2013,2013,7592.0,USD,All-payer personal health care expenditure per capita,CMS State Health Expenditure Accounts,https://www.cms.gov/data-research/statistics-trends-and-reports/national-health-expenditure-data/state-residence
USA,MO,Missouri,Plains,2014,2014,7828.0,USD,All-payer personal health care expenditure per capita,CMS State Health Expenditure Accounts,https://www.cms.gov/data-research/statistics-trends-and-reports/national-health-expenditure-data/state-residence
USA,MO,Missouri,Plains,2015,2015,8261.0,USD,All-payer personal health care expenditure per capita,CMS State Health Expenditure Accounts,https://www.cms.gov/data-research/statistics-trends-and-reports/national-health-expenditure-data/state-residence
USA,MO,Missouri,Plains,2016,2016,8608.0,USD,All-payer personal health care expenditure per capita,CMS State Health Expenditure Accounts,https://www.cms.gov/data-research/statistics-trends-and-reports/national-health-expenditure-data/state-residence
USA,MO,Missouri,Plains,2017,2017,8824.0,USD,All-payer personal health care expenditure per capita,CMS State Health Expenditure Accounts,https://www.cms.gov/data-research/statistics-trends-and-reports/national-health-expenditure-data/state-residence
USA,MO,Missouri,Plains,2018,2018,9032.0,USD,All-payer personal health care expenditure per capita,CMS State Health Expenditure Accounts,https://www.cms.gov/data-research/statistics-trends-and-reports/national-health-expenditure-data/state-residence
USA,MO,Missouri,Plains,2019,2019,9431.0,USD,All-payer personal health care expenditure per capita,CMS State Health Expenditure Accounts,https://www.cms.gov/data-research/statistics-trends-and-reports/national-health-expenditure-data/state-residence
USA,MO,Missouri,Plains,2020,2020,9921.0,USD,All-payer personal health care expenditure per capita,CMS State Health Expenditure Accounts,https://www.cms.gov/data-research/statistics-trends-and-reports/national-health-expenditure-data/state-residence
USA,MS,Mississippi,Southeast,1991,1991,2163.0,USD,All-payer personal health care expenditure per capita,CMS State Health Expenditure Accounts,https://www.cms.gov/data-research/statistics-trends-and-reports/national-health-expenditure-data/state-residence
USA,MS,Mississippi,Southeast,1992,1992,2299.0,USD,All-payer personal health care expenditure per capita,CMS State Health Expenditure Accounts,https://www.cms.gov/data-research/statistics-trends-and-reports/national-health-expenditure-data/state-residence
USA,MS,Mississippi,Southeast,1993,1993,2464.0,USD,All-payer personal health care expenditure per capita,CMS State Health Expenditure Accounts,https://www.cms.gov/data-research/statistics-trends-and-reports/national-health-expenditure-data/state-residence
USA,MS,Mississippi,Southeast,1994,1994,2627.0,USD,All-payer personal health care expenditure per capita,CMS State Health Expenditure Accounts,https://www.cms.gov/data-research/statistics-trends-and-reports/national-health-expenditure-data/state-residence
USA,MS,Mississippi,Southeast,1995,1995,2844.0,USD,All-payer personal health care expenditure per capita,CMS State Health Expenditure Accounts,https://www.cms.gov/data-research/statistics-trends-and-reports/national-health-expenditure-data/state-residence
USA,MS,Mississippi,Southeast,1996,1996,3024.0,USD,All-payer personal health care expenditure per capita,CMS State Health Expenditure Accounts,https://www.cms.gov/data-research/statistics-trends-and-reports/national-health-expenditure-data/state-residence
USA,MS,Mississippi,Southeast,1997,1997,3211.0,USD,All-payer personal health care expenditure per capita,CMS State Health Expenditure Accounts,https://www.cms.gov/data-research/statistics-trends-and-reports/national-health-expenditure-data/state-residence
USA,MS,Mississippi,Southeast,1998,1998,3308.0,USD,All-payer personal health care expenditure per capita,CMS State Health Expenditure Accounts,https://www.cms.gov/data-research/statistics-trends-and-reports/national-health-expenditure-data/state-residence
USA,MS,Mississippi,Southeast,1999,1999,3420.0,USD,All-payer personal health care expenditure per capita,CMS State Health Expenditure Accounts,https://www.cms.gov/data-research/statistics-trends-and-reports/national-health-expenditure-data/state-residence
USA,MS,Mississippi,Southeast,2000,2000,3704.0,USD,All-payer personal health care expenditure per capita,CMS State Health Expenditure Accounts,https://www.cms.gov/data-research/statistics-trends-and-reports/national-health-expenditure-data/state-residence
USA,MS,Mississippi,Southeast,2001,2001,4063.0,USD,All-payer personal health care expenditure per capita,CMS State Health Expenditure Accounts,https://www.cms.gov/data-research/statistics-trends-and-reports/national-health-expenditure-data/state-residence
USA,MS,Mississippi,Southeast,2002,2002,4403.0,USD,All-payer personal health care expenditure per capita,CMS State Health Expenditure Accounts,https://www.cms.gov/data-research/statistics-trends-and-reports/national-health-expenditure-data/state-residence
USA,MS,Mississippi,Southeast,2003,2003,4699.0,USD,All-payer personal health care expenditure per capita,CMS State Health Expenditure Accounts,https://www.cms.gov/data-research/statistics-trends-and-reports/national-health-expenditure-data/state-residence
USA,MS,Mississippi,Southeast,2004,2004,5060.0,USD,All-payer personal health care expenditure per capita,CMS State Health Expenditure Accounts,https://www.cms.gov/data-research/statistics-trends-and-reports/national-health-expenditure-data/state-residence
USA,MS,Mississippi,Southeast,2005,2005,5364.0,USD,All-payer personal health care expenditure per capita,CMS State Health Expenditure Accounts,https://www.cms.gov/data-research/statistics-trends-and-reports/national-health-expenditure-data/state-residence
USA,MS,Mississippi,Southeast,2006,2006,5775.0,USD,All-payer personal health care expenditure per capita,CMS State Health Expenditure Accounts,https://www.cms.gov/data-research/statistics-trends-and-reports/national-health-expenditure-data/state-residence
USA,MS,Mississippi,Southeast,2007,2007,6161.0,USD,All-payer personal health care expenditure per capita,CMS State Health Expenditure Accounts,https://www.cms.gov/data-research/statistics-trends-and-reports/national-health-expenditure-data/state-residence
USA,MS,Mississippi,Southeast,2008,2008,6380.0,USD,All-payer personal health care expenditure per capita,CMS State Health Expenditure Accounts,https://www.cms.gov/data-research/statistics-trends-and-reports/national-health-expenditure-data/state-residence
USA,MS,Mississippi,Southeast,2009,2009,6551.0,USD,All-payer personal health care expenditure per capita,CMS State Health Expenditure Accounts,https://www.cms.gov/data-research/statistics-trends-and-reports/national-health-expenditure-data/state-residence
USA,MS,Mississippi,Southeast,2010,2010,6554.0,USD,All-payer personal health care expenditure per capita,CMS State Health Expenditure Accounts,https://www.cms.gov/data-research/statistics-trends-and-reports/national-health-expenditure-data/state-residence
USA,MS,Mississippi,Southeast,2011,2011,6735.0,USD,All-payer personal health care expenditure per capita,CMS State Health Expenditure Accounts,https://www.cms.gov/data-research/statistics-trends-and-reports/national-health-expenditure-data/state-residence
USA,MS,Mississippi,Southeast,2012,2012,7210.0,USD,All-payer personal health care expenditure per capita,CMS State Health Expenditure Accounts,https://www.cms.gov/data-research/statistics-trends-and-reports/national-health-expenditure-data/state-residence
USA,MS,Mississippi,Southeast,2013,2013,7203.0,USD,All-payer personal health care expenditure per capita,CMS State Health Expenditure Accounts,https://www.cms.gov/data-research/statistics-trends-and-reports/national-health-expenditure-data/state-residence
USA,MS,Mississippi,Southeast,2014,2014,7500.0,USD,All-payer personal health care expenditure per capita,CMS State Health Expenditure Accounts,https://www.cms.gov/data-research/statistics-trends-and-reports/national-health-expenditure-data/state-residence
USA,MS,Mississippi,Southeast,2015,2015,7777.0,USD,All-payer personal health care expenditure per capita,CMS State Health Expenditure Accounts,https://www.cms.gov/data-research/statistics-trends-and-reports/national-health-expenditure-data/state-residence
USA,MS,Mississippi,Southeast,2016,2016,8170.0,USD,All-payer personal health care expenditure per capita,CMS State Health Expenditure Accounts,https://www.cms.gov/data-research/statistics-trends-and-reports/national-health-expenditure-data/state-residence
USA,MS,Mississippi,Southeast,2017,2017,8392.0,USD,All-payer personal health care expenditure per capita,CMS State Health Expenditure Accounts,https://www.cms.gov/data-research/statistics-trends-and-reports/national-health-expenditure-data/state-residence
USA,MS,Mississippi,Southeast,2018,2018,8417.0,USD,All-payer personal health care expenditure per capita,CMS State Health Expenditure Accounts,https://www.cms.gov/data-research/statistics-trends-and-reports/national-health-expenditure-data/state-residence
USA,MS,Mississippi,Southeast,2019,2019,8745.0,USD,All-payer personal health care expenditure per capita,CMS State Health Expenditure Accounts,https://www.cms.gov/data-research/statistics-trends-and-reports/national-health-expenditure-data/state-residence
USA,MS,Mississippi,Southeast,2020,2020,9394.0,USD,All-payer personal health care expenditure per capita,CMS State Health Expenditure Accounts,https://www.cms.gov/data-research/statistics-trends-and-reports/national-health-expenditure-data/state-residence
USA,MT,Montana,Rocky Mountain,1991,1991,2341.0,USD,All-payer personal health care expenditure per capita,CMS State Health Expenditure Accounts,https://www.cms.gov/data-research/statistics-trends-and-reports/national-health-expenditure-data/state-residence
USA,MT,Montana,Rocky Mountain,1992,1992,2493.0,USD,All-payer personal health care expenditure per capita,CMS State Health Expenditure Accounts,https://www.cms.gov/data-research/statistics-trends-and-reports/national-health-expenditure-data/state-residence
USA,MT,Montana,Rocky Mountain,1993,1993,2574.0,USD,All-payer personal health care expenditure per capita,CMS State Health Expenditure Accounts,https://www.cms.gov/data-research/statistics-trends-and-reports/national-health-expenditure-data/state-residence
USA,MT,Montana,Rocky Mountain,1994,1994,2633.0,USD,All-payer personal health care expenditure per capita,CMS State Health Expenditure Accounts,https://www.cms.gov/data-research/statistics-trends-and-reports/national-health-expenditure-data/state-residence
USA,MT,Montana,Rocky Mountain,1995,1995,2809.0,USD,All-payer personal health care expenditure per capita,CMS State Health Expenditure Accounts,https://www.cms.gov/data-research/statistics-trends-and-reports/national-health-expenditure-data/state-residence
USA,MT,Montana,Rocky Mountain,1996,1996,2883.0,USD,All-payer personal health care expenditure per capita,CMS State Health Expenditure Accounts,https://www.cms.gov/data-research/statistics-trends-and-reports/national-health-expenditure-data/state-residence
USA,MT,Montana,Rocky Mountain,1997,1997,3140.0,USD,All-payer personal health care expenditure per capita,CMS State Health Expenditure Accounts,https://www.cms.gov/data-research/statistics-trends-and-reports/national-health-expenditure-data/state-residence
USA,MT,Montana,Rocky Mountain,1998,1998,3334.0,USD,All-payer personal health care expenditure per capita,CMS State Health Expenditure Accounts,https://www.cms.gov/data-research/statistics-trends-and-reports/national-health-expenditure-data/state-residence
USA,MT,Montana,Rocky Mountain,1999,1999,3571.0,USD,All-payer personal health care expenditure per capita,CMS State Health Expenditure Accounts,https://www.cms.gov/data-research/statistics-trends-and-reports/national-health-expenditure-data/state-residence
USA,MT,Montana,Rocky Mountain,2000,2000,3855.0,USD,All-payer personal health care expenditure per capita,CMS State Health Expenditure Accounts,https://www.cms.gov/data-research/statistics-trends-and-reports/national-health-expenditure-data/state-residence
USA,MT,Montana,Rocky Mountain,2001,2001,4197.0,USD,All-payer personal health care expenditure per capita,CMS State Health Expenditure Accounts,https://www.cms.gov/data-research/statistics-trends-and-reports/national-health-expenditure-data/state-residence
USA,MT,Montana,Rocky Mountain,2002,2002,4477.0,USD,All-payer personal health care expenditure per capita,CMS State Health Expenditure Accounts,https://www.cms.gov/data-research/statistics-trends-and-reports/national-health-expenditure-data/state-residence
USA,MT,Montana,Rocky Mountain,2003,2003,4802.0,USD,All-payer personal health care expenditure per capita,CMS State Health Expenditure Accounts,https://www.cms.gov/data-research/statistics-trends-and-reports/national-health-expenditure-data/state-residence
USA,MT,Montana,Rocky Mountain,2004,2004,5055.0,USD,All-payer personal health care expenditure per capita,CMS State Health Expenditure Accounts,https://www.cms.gov/data-research/statistics-trends-and-reports/national-health-expenditure-data/state-residence
USA,MT,Montana,Rocky Mountain,2005,2005,5440.0,USD,All-payer personal health care expenditure per capita,CMS State Health Expenditure Accounts,https://www.cms.gov/data-research/statistics-trends-and-reports/national-health-expenditure-data/state-residence
USA,MT,Montana,Rocky Mountain,2006,2006,5759.0,USD,All-payer personal health care expenditure per capita,CMS State Health Expenditure Accounts,https://www.cms.gov/data-research/statistics-trends-and-reports/national-health-expenditure-data/state-residence
USA,MT,Montana,Rocky Mountain,2007,2007,6102.0,USD,All-payer personal health care expenditure per capita,CMS State Health Expenditure Accounts,https://www.cms.gov/data-research/statistics-trends-and-reports/national-health-expenditure-data/state-residence
USA,MT,Montana,Rocky Mountain,2008,2008,6345.0,USD,All-payer personal health care expenditure per capita,CMS State Health Expenditure Accounts,https://www.cms.gov/data-research/statistics-trends-and-reports/national-health-expenditure-data/state-residence
USA,MT,Montana,Rocky Mountain,2009,2009,6637.0,USD,All-payer personal health care expenditure per capita,CMS State Health Expenditure Accounts,https://www.cms.gov/data-research/statistics-trends-and-reports/national-health-expenditure-data/state-residence
USA,MT,Montana,Rocky Mountain,2010,2010,6919.0,USD,All-payer personal health care expenditure per capita,CMS State Health Expenditure Accounts,https://www.cms.gov/data-research/statistics-trends-and-reports/national-health-expenditure-data/state-residence
USA,MT,Montana,Rocky Mountain,2011,2011,7150.0,USD,All-payer personal health care expenditure per capita,CMS State Health Expenditure Accounts,https://www.cms.gov/data-research/statistics-trends-and-reports/national-health-expenditure-data/state-residence
USA,MT,Montana,Rocky Mountain,2012,2012,7461.0,USD,All-payer personal health care expenditure per capita,CMS State Health Expenditure Accounts,https://www.cms.gov/data-research/statistics-trends-and-reports/national-health-expenditure-data/state-residence
USA,MT,Montana,Rocky Mountain,2013,2013,7703.0,USD,All-payer personal health care expenditure per capita,CMS State Health Expenditure Accounts,https://www.cms.gov/data-research/statistics-trends-and-reports/national-health-expenditure-data/state-residence
USA,MT,Montana,Rocky Mountain,2014,2014,7942.0,USD,All-payer personal health care expenditure per capita,CMS State Health Expenditure Accounts,https://www.cms.gov/data-research/statistics-trends-and-reports/national-health-expenditure-data/state-residence
USA,MT,Montana,Rocky Mountain,2015,2015,8344.0,USD,All-payer personal health care expenditure per capita,CMS State Health Expenditure Accounts,https://www.cms.gov/data-research/statistics-trends-and-reports/national-health-expenditure-data/state-residence
USA,MT,Montana,Rocky Mountain,2016,2016,8680.0,USD,All-payer personal health care expenditure per capita,CMS State Health Expenditure Accounts,https://www.cms.gov/data-research/statistics-trends-and-reports/national-health-expenditure-data/state-residence
USA,MT,Montana,Rocky Mountain,2017,2017,9030.0,USD,All-payer personal health care expenditure per capita,CMS State Health Expenditure Accounts,https://www.cms.gov/data-research/statistics-trends-and-reports/national-health-expenditure-data/state-residence
USA,MT,Montana,Rocky Mountain,2018,2018,9354.0,USD,All-payer personal health care expenditure per capita,CMS State Health Expenditure Accounts,https://www.cms.gov/data-research/statistics-trends-and-reports/national-health-expenditure-data/state-residence
USA,MT,Montana,Rocky Mountain,2019,2019,9808.0,USD,All-payer personal health care expenditure per capita,CMS State Health Expenditure Accounts,https://www.cms.gov/data-research/statistics-trends-and-reports/national-health-expenditure-data/state-residence
USA,MT,Montana,Rocky Mountain,2020,2020,10212.0,USD,All-payer personal health care expenditure per capita,CMS State Health Expenditure Accounts,https://www.cms.gov/data-research/statistics-trends-and-reports/national-health-expenditure-data/state-residence
USA,NC,North Carolina,Southeast,1991,1991,2251.0,USD,All-payer personal health care expenditure per capita,CMS State Health Expenditure Accounts,https://www.cms.gov/data-research/statistics-trends-and-reports/national-health-expenditure-data/state-residence
USA,NC,North Carolina,Southeast,1992,1992,2433.0,USD,All-payer personal health care expenditure per capita,CMS State Health Expenditure Accounts,https://www.cms.gov/data-research/statistics-trends-and-reports/national-health-expenditure-data/state-residence
USA,NC,North Carolina,Southeast,1993,1993,2614.0,USD,All-payer personal health care expenditure per capita,CMS State Health Expenditure Accounts,https://www.cms.gov/data-research/statistics-trends-and-reports/national-health-expenditure-data/state-residence
USA,NC,North Carolina,Southeast,1994,1994,2776.0,USD,All-payer personal health care expenditure per capita,CMS State Health Expenditure Accounts,https://www.cms.gov/data-research/statistics-trends-and-reports/national-health-expenditure-data/state-residence
USA,NC,North Carolina,Southeast,1995,1995,2947.0,USD,All-payer personal health care expenditure per capita,CMS State Health Expenditure Accounts,https://www.cms.gov/data-research/statistics-trends-and-reports/national-health-expenditure-data/state-residence
USA,NC,North Carolina,Southeast,1996,1996,3159.0,USD,All-payer personal health care expenditure per capita,CMS State Health Expenditure Accounts,https://www.cms.gov/data-research/statistics-trends-and-reports/national-health-expenditure-data/state-residence
USA,NC,North Carolina,Southeast,1997,1997,3331.0,USD,All-payer personal health care expenditure per capita,CMS State Health Expenditure Accounts,https://www.cms.gov/data-research/statistics-trends-and-reports/national-health-expenditure-data/state-residence
USA,NC,North Carolina,Southeast,1998,1998,3424.0,USD,All-payer personal health care expenditure per capita,CMS State Health Expenditure Accounts,https://www.cms.gov/data-research/statistics-trends-and-reports/national-health-expenditure-data/state-residence
USA,NC,North Carolina,Southeast,1999,1999,3658.0,USD,All-payer personal health care expenditure per capita,CMS State Health Expenditure Accounts,https://www.cms.gov/data-research/statistics-trends-and-reports/national-health-expenditure-data/state-residence
USA,NC,North Carolina,Southeast,2000,2000,3950.0,USD,All-payer personal health care expenditure per capita,CMS State Health Expenditure Accounts,https://www.cms.gov/data-research/statistics-trends-and-reports/national-health-expenditure-data/state-residence
USA,NC,North Carolina,Southeast,2001,2001,4350.0,USD,All-payer personal health care expenditure per capita,CMS State Health Expenditure Accounts,https://www.cms.gov/data-research/statistics-trends-and-reports/national-health-expenditure-data/state-residence
USA,NC,North Carolina,Southeast,2002,2002,4574.0,USD,All-payer personal health care expenditure per capita,CMS State Health Expenditure Accounts,https://www.cms.gov/data-research/statistics-trends-and-reports/national-health-expenditure-data/state-residence
USA,NC,North Carolina,Southeast,2003,2003,4896.0,USD,All-payer personal health care expenditure per capita,CMS State Health Expenditure Accounts,https://www.cms.gov/data-research/statistics-trends-and-reports/national-health-expenditure-data/state-residence
USA,NC,North Carolina,Southeast,2004,2004,5243.0,USD,All-payer personal health care expenditure per capita,CMS State Health Expenditure Accounts,https://www.cms.gov/data-research/statistics-trends-and-reports/national-health-expenditure-data/state-residence
USA,NC,North Carolina,Southeast,2005,2005,5542.0,USD,All-payer personal health care expenditure per capita,CMS State Health Expenditure Accounts,https://www.cms.gov/data-research/statistics-trends-and-reports/national-health-expenditure-data/state-residence
USA,NC,North Carolina,Southeast,2006,2006,5835.0,USD,All-payer personal health care expenditure per capita,CMS State Health Expenditure Accounts,https://www.cms.gov/data-research/statistics-trends-and-reports/national-health-expenditure-data/state-residence
USA,NC,North Carolina,Southeast,2007,2007,5996.0,USD,All-payer personal health care expenditure per capita,CMS State Health Expenditure Accounts,https://www.cms.gov/data-research/statistics-trends-and-reports/national-health-expenditure-data/state-residence
USA,NC,North Carolina,Southeast,2008,2008,6166.0,USD,All-payer personal health care expenditure per capita,CMS State Health Expenditure Accounts,https://www.cms.gov/data-research/statistics-trends-and-reports/national-health-expenditure-data/state-residence
USA,NC,North Carolina,Southeast,2009,2009,6454.0,USD,All-payer personal health care expenditure per capita,CMS State Health Expenditure Accounts,https://www.cms.gov/data-research/statistics-trends-and-reports/national-health-expenditure-data/state-residence
USA,NC,North Carolina,Southeast,2010,2010,6518.0,USD,All-payer personal health care expenditure per capita,CMS State Health Expenditure Accounts,https://www.cms.gov/data-research/statistics-trends-and-reports/national-health-expenditure-data/state-residence
USA,NC,North Carolina,Southeast,2011,2011,6705.0,USD,All-payer personal health care expenditure per capita,CMS State Health Expenditure Accounts,https://www.cms.gov/data-research/statistics-trends-and-reports/national-health-expenditure-data/state-residence
USA,NC,North Carolina,Southeast,2012,2012,6968.0,USD,All-payer personal health care expenditure per capita,CMS State Health Expenditure Accounts,https://www.cms.gov/data-research/statistics-trends-and-reports/national-health-expenditure-data/state-residence
USA,NC,North Carolina,Southeast,2013,2013,6913.0,USD,All-payer personal health care expenditure per capita,CMS State Health Expenditure Accounts,https://www.cms.gov/data-research/statistics-trends-and-reports/national-health-expenditure-data/state-residence
USA,NC,North Carolina,Southeast,2014,2014,7194.0,USD,All-payer personal health care expenditure per capita,CMS State Health Expenditure Accounts,https://www.cms.gov/data-research/statistics-trends-and-reports/national-health-expenditure-data/state-residence
USA,NC,North Carolina,Southeast,2015,2015,7594.0,USD,All-payer personal health care expenditure per capita,CMS State Health Expenditure Accounts,https://www.cms.gov/data-research/statistics-trends-and-reports/national-health-expenditure-data/state-residence
USA,NC,North Carolina,Southeast,2016,2016,7886.0,USD,All-payer personal health care expenditure per capita,CMS State Health Expenditure Accounts,https://www.cms.gov/data-research/statistics-trends-and-reports/national-health-expenditure-data/state-residence
USA,NC,North Carolina,Southeast,2017,2017,8105.0,USD,All-payer personal health care expenditure per capita,CMS State Health Expenditure Accounts,https://www.cms.gov/data-research/statistics-trends-and-reports/national-health-expenditure-data/state-residence
USA,NC,North Carolina,Southeast,2018,2018,8285.0,USD,All-payer personal health care expenditure per capita,CMS State Health Expenditure Accounts,https://www.cms.gov/data-research/statistics-trends-and-reports/national-health-expenditure-data/state-residence
USA,NC,North Carolina,Southeast,2019,2019,8619.0,USD,All-payer personal health care expenditure per capita,CMS State Health Expenditure Accounts,https://www.cms.gov/data-research/statistics-trends-and-reports/national-health-expenditure-data/state-residence
USA,NC,North Carolina,Southeast,2020,2020,8917.0,USD,All-payer personal health care expenditure per capita,CMS State Health Expenditure Accounts,https://www.cms.gov/data-research/statistics-trends-and-reports/national-health-expenditure-data/state-residence
USA,ND,North Dakota,Plains,1991,1991,2677.0,USD,All-payer personal health care expenditure per capita,CMS State Health Expenditure Accounts,https://www.cms.gov/data-research/statistics-trends-and-reports/national-health-expenditure-data/state-residence
USA,ND,North Dakota,Plains,1992,1992,2880.0,USD,All-payer personal health care expenditure per capita,CMS State Health Expenditure Accounts,https://www.cms.gov/data-research/statistics-trends-and-reports/national-health-expenditure-data/state-residence
USA,ND,North Dakota,Plains,1993,1993,3016.0,USD,All-payer personal health care expenditure per capita,CMS State Health Expenditure Accounts,https://www.cms.gov/data-research/statistics-trends-and-reports/national-health-expenditure-data/state-residence
USA,ND,North Dakota,Plains,1994,1994,3239.0,USD,All-payer personal health care expenditure per capita,CMS State Health Expenditure Accounts,https://www.cms.gov/data-research/statistics-trends-and-reports/national-health-expenditure-data/state-residence
USA,ND,North Dakota,Plains,1995,1995,3483.0,USD,All-payer personal health care expenditure per capita,CMS State Health Expenditure Accounts,https://www.cms.gov/data-research/statistics-trends-and-reports/national-health-expenditure-data/state-residence
USA,ND,North Dakota,Plains,1996,1996,3629.0,USD,All-payer personal health care expenditure per capita,CMS State Health Expenditure Accounts,https://www.cms.gov/data-research/statistics-trends-and-reports/national-health-expenditure-data/state-residence
USA,ND,North Dakota,Plains,1997,1997,3758.0,USD,All-payer personal health care expenditure per capita,CMS State Health Expenditure Accounts,https://www.cms.gov/data-research/statistics-trends-and-reports/national-health-expenditure-data/state-residence
USA,ND,North Dakota,Plains,1998,1998,3998.0,USD,All-payer personal health care expenditure per capita,CMS State Health Expenditure Accounts,https://www.cms.gov/data-research/statistics-trends-and-reports/national-health-expenditure-data/state-residence
USA,ND,North Dakota,Plains,1999,1999,4136.0,USD,All-payer personal health care expenditure per capita,CMS State Health Expenditure Accounts,https://www.cms.gov/data-research/statistics-trends-and-reports/national-health-expenditure-data/state-residence
USA,ND,North Dakota,Plains,2000,2000,4383.0,USD,All-payer personal health care expenditure per capita,CMS State Health Expenditure Accounts,https://www.cms.gov/data-research/statistics-trends-and-reports/national-health-expenditure-data/state-residence
USA,ND,North Dakota,Plains,2001,2001,4797.0,USD,All-payer personal health care expenditure per capita,CMS State Health Expenditure Accounts,https://www.cms.gov/data-research/statistics-trends-and-reports/national-health-expenditure-data/state-residence
USA,ND,North Dakota,Plains,2002,2002,5298.0,USD,All-payer personal health care expenditure per capita,CMS State Health Expenditure Accounts,https://www.cms.gov/data-research/statistics-trends-and-reports/national-health-expenditure-data/state-residence
USA,ND,North Dakota,Plains,2003,2003,5499.0,USD,All-payer personal health care expenditure per capita,CMS State Health Expenditure Accounts,https://www.cms.gov/data-research/statistics-trends-and-reports/national-health-expenditure-data/state-residence
USA,ND,North Dakota,Plains,2004,2004,5839.0,USD,All-payer personal health care expenditure per capita,CMS State Health Expenditure Accounts,https://www.cms.gov/data-research/statistics-trends-and-reports/national-health-expenditure-data/state-residence
USA,ND,North Dakota,Plains,2005,2005,6175.0,USD,All-payer personal health care expenditure per capita,CMS State Health Expenditure Accounts,https://www.cms.gov/data-research/statistics-trends-and-reports/national-health-expenditure-data/state-residence
USA,ND,North Dakota,Plains,2006,2006,6556.0,USD,All-payer personal health care expenditure per capita,CMS State Health Expenditure Accounts,https://www.cms.gov/data-research/statistics-trends-and-reports/national-health-expenditure-data/state-residence
USA,ND,North Dakota,Plains,2007,2007,6992.0,USD,All-payer personal health care expenditure per capita,CMS State Health Expenditure Accounts,https://www.cms.gov/data-research/statistics-trends-and-reports/national-health-expenditure-data/state-residence
USA,ND,North Dakota,Plains,2008,2008,7319.0,USD,All-payer personal health care expenditure per capita,CMS State Health Expenditure Accounts,https://www.cms.gov/data-research/statistics-trends-and-reports/national-health-expenditure-data/state-residence
USA,ND,North Dakota,Plains,2009,2009,7707.0,USD,All-payer personal health care expenditure per capita,CMS State Health Expenditure Accounts,https://www.cms.gov/data-research/statistics-trends-and-reports/national-health-expenditure-data/state-residence
USA,ND,North Dakota,Plains,2010,2010,8011.0,USD,All-payer personal health care expenditure per capita,CMS State Health Expenditure Accounts,https://www.cms.gov/data-research/statistics-trends-and-reports/national-health-expenditure-data/state-residence
USA,ND,North Dakota,Plains,2011,2011,8324.0,USD,All-payer personal health care expenditure per capita,CMS State Health Expenditure Accounts,https://www.cms.gov/data-research/statistics-trends-and-reports/national-health-expenditure-data/state-residence
USA,ND,North Dakota,Plains,2012,2012,8457.0,USD,All-payer personal health care expenditure per capita,CMS State Health Expenditure Accounts,https://www.cms.gov/data-research/statistics-trends-and-reports/national-health-expenditure-data/state-residence
USA,ND,North Dakota,Plains,2013,2013,8712.0,USD,All-payer personal health care expenditure per capita,CMS State Health Expenditure Accounts,https://www.cms.gov/data-research/statistics-trends-and-reports/national-health-expenditure-data/state-residence
USA,ND,North Dakota,Plains,2014,2014,9005.0,USD,All-payer personal health care expenditure per capita,CMS State Health Expenditure Accounts,https://www.cms.gov/data-research/statistics-trends-and-reports/national-health-expenditure-data/state-residence
USA,ND,North Dakota,Plains,2015,2015,9357.0,USD,All-payer personal health care expenditure per capita,CMS State Health Expenditure Accounts,https://www.cms.gov/data-research/statistics-trends-and-reports/national-health-expenditure-data/state-residence
USA,ND,North Dakota,Plains,2016,2016,9682.0,USD,All-payer personal health care expenditure per capita,CMS State Health Expenditure Accounts,https://www.cms.gov/data-research/statistics-trends-and-reports/national-health-expenditure-data/state-residence
USA,ND,North Dakota,Plains,2017,2017,9961.0,USD,All-payer personal health care expenditure per capita,CMS State Health Expenditure Accounts,https://www.cms.gov/data-research/statistics-trends-and-reports/national-health-expenditure-data/state-residence
USA,ND,North Dakota,Plains,2018,2018,10269.0,USD,All-payer personal health care expenditure per capita,CMS State Health Expenditure Accounts,https://www.cms.gov/data-research/statistics-trends-and-reports/national-health-expenditure-data/state-residence
USA,ND,North Dakota,Plains,2019,2019,10653.0,USD,All-payer personal health care expenditure per capita,CMS State Health Expenditure Accounts,https://www.cms.gov/data-research/statistics-trends-and-reports/national-health-expenditure-data/state-residence
USA,ND,North Dakota,Plains,2020,2020,11301.0,USD,All-payer personal health care expenditure per capita,CMS State Health Expenditure Accounts,https://www.cms.gov/data-research/statistics-trends-and-reports/national-health-expenditure-data/state-residence
USA,NE,Nebraska,Plains,1991,1991,2352.0,USD,All-payer personal health care expenditure per capita,CMS State Health Expenditure Accounts,https://www.cms.gov/data-research/statistics-trends-and-reports/national-health-expenditure-data/state-residence
USA,NE,Nebraska,Plains,1992,1992,2529.0,USD,All-payer personal health care expenditure per capita,CMS State Health Expenditure Accounts,https://www.cms.gov/data-research/statistics-trends-and-reports/national-health-expenditure-data/state-residence
USA,NE,Nebraska,Plains,1993,1993,2668.0,USD,All-payer personal health care expenditure per capita,CMS State Health Expenditure Accounts,https://www.cms.gov/data-research/statistics-trends-and-reports/national-health-expenditure-data/state-residence
USA,NE,Nebraska,Plains,1994,1994,2827.0,USD,All-payer personal health care expenditure per capita,CMS State Health Expenditure Accounts,https://www.cms.gov/data-research/statistics-trends-and-reports/national-health-expenditure-data/state-residence
USA,NE,Nebraska,Plains,1995,1995,2956.0,USD,All-payer personal health care expenditure per capita,CMS State Health Expenditure Accounts,https://www.cms.gov/data-research/statistics-trends-and-reports/national-health-expenditure-data/state-residence
USA,NE,Nebraska,Plains,1996,1996,3172.0,USD,All-payer personal health care expenditure per capita,CMS State Health Expenditure Accounts,https://www.cms.gov/data-research/statistics-trends-and-reports/national-health-expenditure-data/state-residence
USA,NE,Nebraska,Plains,1997,1997,3313.0,USD,All-payer personal health care expenditure per capita,CMS State Health Expenditure Accounts,https://www.cms.gov/data-research/statistics-trends-and-reports/national-health-expenditure-data/state-residence
USA,NE,Nebraska,Plains,1998,1998,3507.0,USD,All-payer personal health care expenditure per capita,CMS State Health Expenditure Accounts,https://www.cms.gov/data-research/statistics-trends-and-reports/national-health-expenditure-data/state-residence
USA,NE,Nebraska,Plains,1999,1999,3747.0,USD,All-payer personal health care expenditure per capita,CMS State Health Expenditure Accounts,https://www.cms.gov/data-research/statistics-trends-and-reports/national-health-expenditure-data/state-residence
USA,NE,Nebraska,Plains,2000,2000,4125.0,USD,All-payer personal health care expenditure per capita,CMS State Health Expenditure Accounts,https://www.cms.gov/data-research/statistics-trends-and-reports/national-health-expenditure-data/state-residence
USA,NE,Nebraska,Plains,2001,2001,4545.0,USD,All-payer personal health care expenditure per capita,CMS State Health Expenditure Accounts,https://www.cms.gov/data-research/statistics-trends-and-reports/national-health-expenditure-data/state-residence
USA,NE,Nebraska,Plains,2002,2002,4872.0,USD,All-payer personal health care expenditure per capita,CMS State Health Expenditure Accounts,https://www.cms.gov/data-research/statistics-trends-and-reports/national-health-expenditure-data/state-residence
USA,NE,Nebraska,Plains,2003,2003,5223.0,USD,All-payer personal health care expenditure per capita,CMS State Health Expenditure Accounts,https://www.cms.gov/data-research/statistics-trends-and-reports/national-health-expenditure-data/state-residence
USA,NE,Nebraska,Plains,2004,2004,5584.0,USD,All-payer personal health care expenditure per capita,CMS State Health Expenditure Accounts,https://www.cms.gov/data-research/statistics-trends-and-reports/national-health-expenditure-data/state-residence
USA,NE,Nebraska,Plains,2005,2005,5931.0,USD,All-payer personal health care expenditure per capita,CMS State Health Expenditure Accounts,https://www.cms.gov/data-research/statistics-trends-and-reports/national-health-expenditure-data/state-residence
USA,NE,Nebraska,Plains,2006,2006,6363.0,USD,All-payer personal health care expenditure per capita,CMS State Health Expenditure Accounts,https://www.cms.gov/data-research/statistics-trends-and-reports/national-health-expenditure-data/state-residence
USA,NE,Nebraska,Plains,2007,2007,6653.0,USD,All-payer personal health care expenditure per capita,CMS State Health Expenditure Accounts,https://www.cms.gov/data-research/statistics-trends-and-reports/national-health-expenditure-data/state-residence
USA,NE,Nebraska,Plains,2008,2008,6928.0,USD,All-payer personal health care expenditure per capita,CMS State Health Expenditure Accounts,https://www.cms.gov/data-research/statistics-trends-and-reports/national-health-expenditure-data/state-residence
USA,NE,Nebraska,Plains,2009,2009,7104.0,USD,All-payer personal health care expenditure per capita,CMS State Health Expenditure Accounts,https://www.cms.gov/data-research/statistics-trends-and-reports/national-health-expenditure-data/state-residence
USA,NE,Nebraska,Plains,2010,2010,7406.0,USD,All-payer personal health care expenditure per capita,CMS State Health Expenditure Accounts,https://www.cms.gov/data-research/statistics-trends-and-reports/national-health-expenditure-data/state-residence
USA,NE,Nebraska,Plains,2011,2011,7580.0,USD,All-payer personal health care expenditure per capita,CMS State Health Expenditure Accounts,https://www.cms.gov/data-research/statistics-trends-and-reports/national-health-expenditure-data/state-residence
USA,NE,Nebraska,Plains,2012,2012,7824.0,USD,All-payer personal health care expenditure per capita,CMS State Health Expenditure Accounts,https://www.cms.gov/data-research/statistics-trends-and-reports/national-health-expenditure-data/state-residence
USA,NE,Nebraska,Plains,2013,2013,7928.0,USD,All-payer personal health care expenditure per capita,CMS State Health Expenditure Accounts,https://www.cms.gov/data-research/statistics-trends-and-reports/national-health-expenditure-data/state-residence
USA,NE,Nebraska,Plains,2014,2014,8175.0,USD,All-payer personal health care expenditure per capita,CMS State Health Expenditure Accounts,https://www.cms.gov/data-research/statistics-trends-and-reports/national-health-expenditure-data/state-residence
USA,NE,Nebraska,Plains,2015,2015,8579.0,USD,All-payer personal health care expenditure per capita,CMS State Health Expenditure Accounts,https://www.cms.gov/data-research/statistics-trends-and-reports/national-health-expenditure-data/state-residence
USA,NE,Nebraska,Plains,2016,2016,8943.0,USD,All-payer personal health care expenditure per capita,CMS State Health Expenditure Accounts,https://www.cms.gov/data-research/statistics-trends-and-reports/national-health-expenditure-data/state-residence
USA,NE,Nebraska,Plains,2017,2017,9189.0,USD,All-payer personal health care expenditure per capita,CMS State Health Expenditure Accounts,https://www.cms.gov/data-research/statistics-trends-and-reports/national-health-expenditure-data/state-residence
USA,NE,Nebraska,Plains,2018,2018,9492.0,USD,All-payer personal health care expenditure per capita,CMS State Health Expenditure Accounts,https://www.cms.gov/data-research/statistics-trends-and-reports/national-health-expenditure-data/state-residence
USA,NE,Nebraska,Plains,2019,2019,9917.0,USD,All-payer personal health care expenditure per capita,CMS State Health Expenditure Accounts,https://www.cms.gov/data-research/statistics-trends-and-reports/national-health-expenditure-data/state-residence
USA,NE,Nebraska,Plains,2020,2020,10514.0,USD,All-payer personal health care expenditure per capita,CMS State Health Expenditure Accounts,https://www.cms.gov/data-research/statistics-trends-and-reports/national-health-expenditure-data/state-residence
USA,NH,New Hampshire,New England,1991,1991,2442.0,USD,All-payer personal health care expenditure per capita,CMS State Health Expenditure Accounts,https://www.cms.gov/data-research/statistics-trends-and-reports/national-health-expenditure-data/state-residence
USA,NH,New Hampshire,New England,1992,1992,2667.0,USD,All-payer personal health care expenditure per capita,CMS State Health Expenditure Accounts,https://www.cms.gov/data-research/statistics-trends-and-reports/national-health-expenditure-data/state-residence
USA,NH,New Hampshire,New England,1993,1993,2756.0,USD,All-payer personal health care expenditure per capita,CMS State Health Expenditure Accounts,https://www.cms.gov/data-research/statistics-trends-and-reports/national-health-expenditure-data/state-residence
USA,NH,New Hampshire,New England,1994,1994,2874.0,USD,All-payer personal health care expenditure per capita,CMS State Health Expenditure Accounts,https://www.cms.gov/data-research/statistics-trends-and-reports/national-health-expenditure-data/state-residence
USA,NH,New Hampshire,New England,1995,1995,3127.0,USD,All-payer personal health care expenditure per capita,CMS State Health Expenditure Accounts,https://www.cms.gov/data-research/statistics-trends-and-reports/national-health-expenditure-data/state-residence
USA,NH,New Hampshire,New England,1996,1996,3352.0,USD,All-payer personal health care expenditure per capita,CMS State Health Expenditure Accounts,https://www.cms.gov/data-research/statistics-trends-and-reports/national-health-expenditure-data/state-residence
USA,NH,New Hampshire,New England,1997,1997,3509.0,USD,All-payer personal health care expenditure per capita,CMS State Health Expenditure Accounts,https://www.cms.gov/data-research/statistics-trends-and-reports/national-health-expenditure-data/state-residence
USA,NH,New Hampshire,New England,1998,1998,3743.0,USD,All-payer personal health care expenditure per capita,CMS State Health Expenditure Accounts,https://www.cms.gov/data-research/statistics-trends-and-reports/national-health-expenditure-data/state-residence
USA,NH,New Hampshire,New England,1999,1999,3982.0,USD,All-payer personal health care expenditure per capita,CMS State Health Expenditure Accounts,https://www.cms.gov/data-research/statistics-trends-and-reports/national-health-expenditure-data/state-residence
USA,NH,New Hampshire,New England,2000,2000,4236.0,USD,All-payer personal health care expenditure per capita,CMS State Health Expenditure Accounts,https://www.cms.gov/data-research/statistics-trends-and-reports/national-health-expenditure-data/state-residence
USA,NH,New Hampshire,New England,2001,2001,4520.0,USD,All-payer personal health care expenditure per capita,CMS State Health Expenditure Accounts,https://www.cms.gov/data-research/statistics-trends-and-reports/national-health-expenditure-data/state-residence
USA,NH,New Hampshire,New England,2002,2002,4827.0,USD,All-payer personal health care expenditure per capita,CMS State Health Expenditure Accounts,https://www.cms.gov/data-research/statistics-trends-and-reports/national-health-expenditure-data/state-residence
USA,NH,New Hampshire,New England,2003,2003,5240.0,USD,All-payer personal health care expenditure per capita,CMS State Health Expenditure Accounts,https://www.cms.gov/data-research/statistics-trends-and-reports/national-health-expenditure-data/state-residence
USA,NH,New Hampshire,New England,2004,2004,5733.0,USD,All-payer personal health care expenditure per capita,CMS State Health Expenditure Accounts,https://www.cms.gov/data-research/statistics-trends-and-reports/national-health-expenditure-data/state-residence
USA,NH,New Hampshire,New England,2005,2005,6285.0,USD,All-payer personal health care expenditure per capita,CMS State Health Expenditure Accounts,https://www.cms.gov/data-research/statistics-trends-and-reports/national-health-expenditure-data/state-residence
USA,NH,New Hampshire,New England,2006,2006,6763.0,USD,All-payer personal health care expenditure per capita,CMS State Health Expenditure Accounts,https://www.cms.gov/data-research/statistics-trends-and-reports/national-health-expenditure-data/state-residence
USA,NH,New Hampshire,New England,2007,2007,7227.0,USD,All-payer personal health care expenditure per capita,CMS State Health Expenditure Accounts,https://www.cms.gov/data-research/statistics-trends-and-reports/national-health-expenditure-data/state-residence
USA,NH,New Hampshire,New England,2008,2008,7583.0,USD,All-payer personal health care expenditure per capita,CMS State Health Expenditure Accounts,https://www.cms.gov/data-research/statistics-trends-and-reports/national-health-expenditure-data/state-residence
USA,NH,New Hampshire,New England,2009,2009,8129.0,USD,All-payer personal health care expenditure per capita,CMS State Health Expenditure Accounts,https://www.cms.gov/data-research/statistics-trends-and-reports/national-health-expenditure-data/state-residence
USA,NH,New Hampshire,New England,2010,2010,8445.0,USD,All-payer personal health care expenditure per capita,CMS State Health Expenditure Accounts,https://www.cms.gov/data-research/statistics-trends-and-reports/national-health-expenditure-data/state-residence
USA,NH,New Hampshire,New England,2011,2011,8717.0,USD,All-payer personal health care expenditure per capita,CMS State Health Expenditure Accounts,https://www.cms.gov/data-research/statistics-trends-and-reports/national-health-expenditure-data/state-residence
USA,NH,New Hampshire,New England,2012,2012,8960.0,USD,All-payer personal health care expenditure per capita,CMS State Health Expenditure Accounts,https://www.cms.gov/data-research/statistics-trends-and-reports/national-health-expenditure-data/state-residence
USA,NH,New Hampshire,New England,2013,2013,9186.0,USD,All-payer personal health care expenditure per capita,CMS State Health Expenditure Accounts,https://www.cms.gov/data-research/statistics-trends-and-reports/national-health-expenditure-data/state-residence
USA,NH,New Hampshire,New England,2014,2014,9367.0,USD,All-payer personal health care expenditure per capita,CMS State Health Expenditure Accounts,https://www.cms.gov/data-research/statistics-trends-and-reports/national-health-expenditure-data/state-residence
USA,NH,New Hampshire,New England,2015,2015,9763.0,USD,All-payer personal health care expenditure per capita,CMS State Health Expenditure Accounts,https://www.cms.gov/data-research/statistics-trends-and-reports/national-health-expenditure-data/state-residence
USA,NH,New Hampshire,New England,2016,2016,10157.0,USD,All-payer personal health care expenditure per capita,CMS State Health Expenditure Accounts,https://www.cms.gov/data-research/statistics-trends-and-reports/national-health-expenditure-data/state-residence
USA,NH,New Hampshire,New England,2017,2017,10573.0,USD,All-payer personal health care expenditure per capita,CMS State Health Expenditure Accounts,https://www.cms.gov/data-research/statistics-trends-and-reports/national-health-expenditure-data/state-residence
USA,NH,New Hampshire,New England,2018,2018,10974.0,USD,All-payer personal health care expenditure per capita,CMS State Health Expenditure Accounts,https://www.cms.gov/data-research/statistics-trends-and-reports/national-health-expenditure-data/state-residence
USA,NH,New Hampshire,New England,2019,2019,11310.0,USD,All-payer personal health care expenditure per capita,CMS State Health Expenditure Accounts,https://www.cms.gov/data-research/statistics-trends-and-reports/national-health-expenditure-data/state-residence
USA,NH,New Hampshire,New England,2020,2020,11793.0,USD,All-payer personal health care expenditure per capita,CMS State Health Expenditure Accounts,https://www.cms.gov/data-research/statistics-trends-and-reports/national-health-expenditure-data/state-residence
USA,NJ,New Jersey,Mideast,1991,1991,2944.0,USD,All-payer personal health care expenditure per capita,CMS State Health Expenditure Accounts,https://www.cms.gov/data-research/statistics-trends-and-reports/national-health-expenditure-data/state-residence
USA,NJ,New Jersey,Mideast,1992,1992,3187.0,USD,All-payer personal health care expenditure per capita,CMS State Health Expenditure Accounts,https://www.cms.gov/data-research/statistics-trends-and-reports/national-health-expenditure-data/state-residence
USA,NJ,New Jersey,Mideast,1993,1993,3335.0,USD,All-payer personal health care expenditure per capita,CMS State Health Expenditure Accounts,https://www.cms.gov/data-research/statistics-trends-and-reports/national-health-expenditure-data/state-residence
USA,NJ,New Jersey,Mideast,1994,1994,3537.0,USD,All-payer personal health care expenditure per capita,CMS State Health Expenditure Accounts,https://www.cms.gov/data-research/statistics-trends-and-reports/national-health-expenditure-data/state-residence
USA,NJ,New Jersey,Mideast,1995,1995,3741.0,USD,All-payer personal health care expenditure per capita,CMS State Health Expenditure Accounts,https://www.cms.gov/data-research/statistics-trends-and-reports/national-health-expenditure-data/state-residence
USA,NJ,New Jersey,Mideast,1996,1996,3853.0,USD,All-payer personal health care expenditure per capita,CMS State Health Expenditure Accounts,https://www.cms.gov/data-research/statistics-trends-and-reports/national-health-expenditure-data/state-residence
USA,NJ,New Jersey,Mideast,1997,1997,4019.0,USD,All-payer personal health care expenditure per capita,CMS State Health Expenditure Accounts,https://www.cms.gov/data-research/statistics-trends-and-reports/national-health-expenditure-data/state-residence
USA,NJ,New Jersey,Mideast,1998,1998,4195.0,USD,All-payer personal health care expenditure per capita,CMS State Health Expenditure Accounts,https://www.cms.gov/data-research/statistics-trends-and-reports/national-health-expenditure-data/state-residence
USA,NJ,New Jersey,Mideast,1999,1999,4345.0,USD,All-payer personal health care expenditure per capita,CMS State Health Expenditure Accounts,https://www.cms.gov/data-research/statistics-trends-and-reports/national-health-expenditure-data/state-residence
USA,NJ,New Jersey,Mideast,2000,2000,4732.0,USD,All-payer personal health care expenditure per capita,CMS State Health Expenditure Accounts,https://www.cms.gov/data-research/statistics-trends-and-reports/national-health-expenditure-data/state-residence
USA,NJ,New Jersey,Mideast,2001,2001,4990.0,USD,All-payer personal health care expenditure per capita,CMS State Health Expenditure Accounts,https://www.cms.gov/data-research/statistics-trends-and-reports/national-health-expenditure-data/state-residence
USA,NJ,New Jersey,Mideast,2002,2002,5405.0,USD,All-payer personal health care expenditure per capita,CMS State Health Expenditure Accounts,https://www.cms.gov/data-research/statistics-trends-and-reports/national-health-expenditure-data/state-residence
USA,NJ,New Jersey,Mideast,2003,2003,5698.0,USD,All-payer personal health care expenditure per capita,CMS State Health Expenditure Accounts,https://www.cms.gov/data-research/statistics-trends-and-reports/national-health-expenditure-data/state-residence
USA,NJ,New Jersey,Mideast,2004,2004,6007.0,USD,All-payer personal health care expenditure per capita,CMS State Health Expenditure Accounts,https://www.cms.gov/data-research/statistics-trends-and-reports/national-health-expenditure-data/state-residence
USA,NJ,New Jersey,Mideast,2005,2005,6457.0,USD,All-payer personal health care expenditure per capita,CMS State Health Expenditure Accounts,https://www.cms.gov/data-research/statistics-trends-and-reports/national-health-expenditure-data/state-residence
USA,NJ,New Jersey,Mideast,2006,2006,6760.0,USD,All-payer personal health care expenditure per capita,CMS State Health Expenditure Accounts,https://www.cms.gov/data-research/statistics-trends-and-reports/national-health-expenditure-data/state-residence
USA,NJ,New Jersey,Mideast,2007,2007,7138.0,USD,All-payer personal health care expenditure per capita,CMS State Health Expenditure Accounts,https://www.cms.gov/data-research/statistics-trends-and-reports/national-health-expenditure-data/state-residence
USA,NJ,New Jersey,Mideast,2008,2008,7353.0,USD,All-payer personal health care expenditure per capita,CMS State Health Expenditure Accounts,https://www.cms.gov/data-research/statistics-trends-and-reports/national-health-expenditure-data/state-residence
USA,NJ,New Jersey,Mideast,2009,2009,7756.0,USD,All-payer personal health care expenditure per capita,CMS State Health Expenditure Accounts,https://www.cms.gov/data-research/statistics-trends-and-reports/national-health-expenditure-data/state-residence
USA,NJ,New Jersey,Mideast,2010,2010,7815.0,USD,All-payer personal health care expenditure per capita,CMS State Health Expenditure Accounts,https://www.cms.gov/data-research/statistics-trends-and-reports/national-health-expenditure-data/state-residence
USA,NJ,New Jersey,Mideast,2011,2011,7970.0,USD,All-payer personal health care expenditure per capita,CMS State Health Expenditure Accounts,https://www.cms.gov/data-research/statistics-trends-and-reports/national-health-expenditure-data/state-residence
USA,NJ,New Jersey,Mideast,2012,2012,8337.0,USD,All-payer personal health care expenditure per capita,CMS State Health Expenditure Accounts,https://www.cms.gov/data-research/statistics-trends-and-reports/national-health-expenditure-data/state-residence
USA,NJ,New Jersey,Mideast,2013,2013,8534.0,USD,All-payer personal health care expenditure per capita,CMS State Health Expenditure Accounts,https://www.cms.gov/data-research/statistics-trends-and-reports/national-health-expenditure-data/state-residence
USA,NJ,New Jersey,Mideast,2014,2014,9008.0,USD,All-payer personal health care expenditure per capita,CMS State Health Expenditure Accounts,https://www.cms.gov/data-research/statistics-trends-and-reports/national-health-expenditure-data/state-residence
USA,NJ,New Jersey,Mideast,2015,2015,9483.0,USD,All-payer personal health care expenditure per capita,CMS State Health Expenditure Accounts,https://www.cms.gov/data-research/statistics-trends-and-reports/national-health-expenditure-data/state-residence
USA,NJ,New Jersey,Mideast,2016,2016,9979.0,USD,All-payer personal health care expenditure per capita,CMS State Health Expenditure Accounts,https://www.cms.gov/data-research/statistics-trends-and-reports/national-health-expenditure-data/state-residence
USA,NJ,New Jersey,Mideast,2017,2017,10340.0,USD,All-payer personal health care expenditure per capita,CMS State Health Expenditure Accounts,https://www.cms.gov/data-research/statistics-trends-and-reports/national-health-expenditure-data/state-residence
USA,NJ,New Jersey,Mideast,2018,2018,10665.0,USD,All-payer personal health care expenditure per capita,CMS State Health Expenditure Accounts,https://www.cms.gov/data-research/statistics-trends-and-reports/national-health-expenditure-data/state-residence
USA,NJ,New Jersey,Mideast,2019,2019,11264.0,USD,All-payer personal health care expenditure per capita,CMS State Health Expenditure Accounts,https://www.cms.gov/data-research/statistics-trends-and-reports/national-health-expenditure-data/state-residence
USA,NJ,New Jersey,Mideast,2020,2020,11868.0,USD,All-payer personal health care expenditure per capita,CMS State Health Expenditure Accounts,https://www.cms.gov/data-research/statistics-trends-and-reports/national-health-expenditure-data/state-residence
USA,NM,New Mexico,Southwest,1991,1991,2228.0,USD,All-payer personal health care expenditure per capita,CMS State Health Expenditure Accounts,https://www.cms.gov/data-research/statistics-trends-and-reports/national-health-expenditure-data/state-residence
USA,NM,New Mexico,Southwest,1992,1992,2383.0,USD,All-payer personal health care expenditure per capita,CMS State Health Expenditure Accounts,https://www.cms.gov/data-research/statistics-trends-and-reports/national-health-expenditure-data/state-residence
USA,NM,New Mexico,Southwest,1993,1993,2476.0,USD,All-payer personal health care expenditure per capita,CMS State Health Expenditure Accounts,https://www.cms.gov/data-research/statistics-trends-and-reports/national-health-expenditure-data/state-residence
USA,NM,New Mexico,Southwest,1994,1994,2605.0,USD,All-payer personal health care expenditure per capita,CMS State Health Expenditure Accounts,https://www.cms.gov/data-research/statistics-trends-and-reports/national-health-expenditure-data/state-residence
USA,NM,New Mexico,Southwest,1995,1995,2733.0,USD,All-payer personal health care expenditure per capita,CMS State Health Expenditure Accounts,https://www.cms.gov/data-research/statistics-trends-and-reports/national-health-expenditure-data/state-residence
USA,NM,New Mexico,Southwest,1996,1996,2894.0,USD,All-payer personal health care expenditure per capita,CMS State Health Expenditure Accounts,https://www.cms.gov/data-research/statistics-trends-and-reports/national-health-expenditure-data/state-residence
USA,NM,New Mexico,Southwest,1997,1997,3040.0,USD,All-payer personal health care expenditure per capita,CMS State Health Expenditure Accounts,https://www.cms.gov/data-research/statistics-trends-and-reports/national-health-expenditure-data/state-residence
USA,NM,New Mexico,Southwest,1998,1998,3136.0,USD,All-payer personal health care expenditure per capita,CMS State Health Expenditure Accounts,https://www.cms.gov/data-research/statistics-trends-and-reports/national-health-expenditure-data/state-residence
USA,NM,New Mexico,Southwest,1999,1999,3293.0,USD,All-payer personal health care expenditure per capita,CMS State Health Expenditure Accounts,https://www.cms.gov/data-research/statistics-trends-and-reports/national-health-expenditure-data/state-residence
USA,NM,New Mexico,Southwest,2000,2000,3463.0,USD,All-payer personal health care expenditure per capita,CMS State Health Expenditure Accounts,https://www.cms.gov/data-research/statistics-trends-and-reports/national-health-expenditure-data/state-residence
USA,NM,New Mexico,Southwest,2001,2001,3732.0,USD,All-payer personal health care expenditure per capita,CMS State Health Expenditure Accounts,https://www.cms.gov/data-research/statistics-trends-and-reports/national-health-expenditure-data/state-residence
USA,NM,New Mexico,Southwest,2002,2002,4042.0,USD,All-payer personal health care expenditure per capita,CMS State Health Expenditure Accounts,https://www.cms.gov/data-research/statistics-trends-and-reports/national-health-expenditure-data/state-residence
USA,NM,New Mexico,Southwest,2003,2003,4287.0,USD,All-payer personal health care expenditure per capita,CMS State Health Expenditure Accounts,https://www.cms.gov/data-research/statistics-trends-and-reports/national-health-expenditure-data/state-residence
USA,NM,New Mexico,Southwest,2004,2004,4671.0,USD,All-payer personal health care expenditure per capita,CMS State Health Expenditure Accounts,https://www.cms.gov/data-research/statistics-trends-and-reports/national-health-expenditure-data/state-residence
USA,NM,New Mexico,Southwest,2005,2005,5105.0,USD,All-payer personal health care expenditure per capita,CMS State Health Expenditure Accounts,https://www.cms.gov/data-research/statistics-trends-and-reports/national-health-expenditure-data/state-residence
USA,NM,New Mexico,Southwest,2006,2006,5369.0,USD,All-payer personal health care expenditure per capita,CMS State Health Expenditure Accounts,https://www.cms.gov/data-research/statistics-trends-and-reports/national-health-expenditure-data/state-residence
USA,NM,New Mexico,Southwest,2007,2007,5702.0,USD,All-payer personal health care expenditure per capita,CMS State Health Expenditure Accounts,https://www.cms.gov/data-research/statistics-trends-and-reports/national-health-expenditure-data/state-residence
USA,NM,New Mexico,Southwest,2008,2008,5997.0,USD,All-payer personal health care expenditure per capita,CMS State Health Expenditure Accounts,https://www.cms.gov/data-research/statistics-trends-and-reports/national-health-expenditure-data/state-residence
USA,NM,New Mexico,Southwest,2009,2009,6264.0,USD,All-payer personal health care expenditure per capita,CMS State Health Expenditure Accounts,https://www.cms.gov/data-research/statistics-trends-and-reports/national-health-expenditure-data/state-residence
USA,NM,New Mexico,Southwest,2010,2010,6430.0,USD,All-payer personal health care expenditure per capita,CMS State Health Expenditure Accounts,https://www.cms.gov/data-research/statistics-trends-and-reports/national-health-expenditure-data/state-residence
USA,NM,New Mexico,Southwest,2011,2011,6514.0,USD,All-payer personal health care expenditure per capita,CMS State Health Expenditure Accounts,https://www.cms.gov/data-research/statistics-trends-and-reports/national-health-expenditure-data/state-residence
USA,NM,New Mexico,Southwest,2012,2012,6679.0,USD,All-payer personal health care expenditure per capita,CMS State Health Expenditure Accounts,https://www.cms.gov/data-research/statistics-trends-and-reports/national-health-expenditure-data/state-residence
USA,NM,New Mexico,Southwest,2013,2013,6697.0,USD,All-payer personal health care expenditure per capita,CMS State Health Expenditure Accounts,https://www.cms.gov/data-research/statistics-trends-and-reports/national-health-expenditure-data/state-residence
USA,NM,New Mexico,Southwest,2014,2014,7010.0,USD,All-payer personal health care expenditure per capita,CMS State Health Expenditure Accounts,https://www.cms.gov/data-research/statistics-trends-and-reports/national-health-expenditure-data/state-residence
USA,NM,New Mexico,Southwest,2015,2015,7418.0,USD,All-payer personal health care expenditure per capita,CMS State Health Expenditure Accounts,https://www.cms.gov/data-research/statistics-trends-and-reports/national-health-expenditure-data/state-residence
USA,NM,New Mexico,Southwest,2016,2016,7717.0,USD,All-payer personal health care expenditure per capita,CMS State Health Expenditure Accounts,https://www.cms.gov/data-research/statistics-trends-and-reports/national-health-expenditure-data/state-residence
USA,NM,New Mexico,Southwest,2017,2017,7973.0,USD,All-payer personal health care expenditure per capita,CMS State Health Expenditure Accounts,https://www.cms.gov/data-research/statistics-trends-and-reports/national-health-expenditure-data/state-residence
USA,NM,New Mexico,Southwest,2018,2018,8154.0,USD,All-payer personal health care expenditure per capita,CMS State Health Expenditure Accounts,https://www.cms.gov/data-research/statistics-trends-and-reports/national-health-expenditure-data/state-residence
USA,NM,New Mexico,Southwest,2019,2019,8459.0,USD,All-payer personal health care expenditure per capita,CMS State Health Expenditure Accounts,https://www.cms.gov/data-research/statistics-trends-and-reports/national-health-expenditure-data/state-residence
USA,NM,New Mexico,Southwest,2020,2020,8902.0,USD,All-payer personal health care expenditure per capita,CMS State Health Expenditure Accounts,https://www.cms.gov/data-research/statistics-trends-and-reports/national-health-expenditure-data/state-residence
USA,NV,Nevada,Far West,1991,1991,2364.0,USD,All-payer personal health care expenditure per capita,CMS State Health Expenditure Accounts,https://www.cms.gov/data-research/statistics-trends-and-reports/national-health-expenditure-data/state-residence
USA,NV,Nevada,Far West,1992,1992,2548.0,USD,All-payer personal health care expenditure per capita,CMS State Health Expenditure Accounts,https://www.cms.gov/data-research/statistics-trends-and-reports/national-health-expenditure-data/state-residence
USA,NV,Nevada,Far West,1993,1993,2602.0,USD,All-payer personal health care expenditure per capita,CMS State Health Expenditure Accounts,https://www.cms.gov/data-research/statistics-trends-and-reports/national-health-expenditure-data/state-residence
USA,NV,Nevada,Far West,1994,1994,2676.0,USD,All-payer personal health care expenditure per capita,CMS State Health Expenditure Accounts,https://www.cms.gov/data-research/statistics-trends-and-reports/national-health-expenditure-data/state-residence
USA,NV,Nevada,Far West,1995,1995,2750.0,USD,All-payer personal health care expenditure per capita,CMS State Health Expenditure Accounts,https://www.cms.gov/data-research/statistics-trends-and-reports/national-health-expenditure-data/state-residence
USA,NV,Nevada,Far West,1996,1996,2828.0,USD,All-payer personal health care expenditure per capita,CMS State Health Expenditure Accounts,https://www.cms.gov/data-research/statistics-trends-and-reports/national-health-expenditure-data/state-residence
USA,NV,Nevada,Far West,1997,1997,2931.0,USD,All-payer personal health care expenditure per capita,CMS State Health Expenditure Accounts,https://www.cms.gov/data-research/statistics-trends-and-reports/national-health-expenditure-data/state-residence
USA,NV,Nevada,Far West,1998,1998,3053.0,USD,All-payer personal health care expenditure per capita,CMS State Health Expenditure Accounts,https://www.cms.gov/data-research/statistics-trends-and-reports/national-health-expenditure-data/state-residence
USA,NV,Nevada,Far West,1999,1999,3146.0,USD,All-payer personal health care expenditure per capita,CMS State Health Expenditure Accounts,https://www.cms.gov/data-research/statistics-trends-and-reports/national-health-expenditure-data/state-residence
USA,NV,Nevada,Far West,2000,2000,3392.0,USD,All-payer personal health care expenditure per capita,CMS State Health Expenditure Accounts,https://www.cms.gov/data-research/statistics-trends-and-reports/national-health-expenditure-data/state-residence
USA,NV,Nevada,Far West,2001,2001,3674.0,USD,All-payer personal health care expenditure per capita,CMS State Health Expenditure Accounts,https://www.cms.gov/data-research/statistics-trends-and-reports/national-health-expenditure-data/state-residence
USA,NV,Nevada,Far West,2002,2002,4072.0,USD,All-payer personal health care expenditure per capita,CMS State Health Expenditure Accounts,https://www.cms.gov/data-research/statistics-trends-and-reports/national-health-expenditure-data/state-residence
USA,NV,Nevada,Far West,2003,2003,4376.0,USD,All-payer personal health care expenditure per capita,CMS State Health Expenditure Accounts,https://www.cms.gov/data-research/statistics-trends-and-reports/national-health-expenditure-data/state-residence
USA,NV,Nevada,Far West,2004,2004,4667.0,USD,All-payer personal health care expenditure per capita,CMS State Health Expenditure Accounts,https://www.cms.gov/data-research/statistics-trends-and-reports/national-health-expenditure-data/state-residence
USA,NV,Nevada,Far West,2005,2005,4911.0,USD,All-payer personal health care expenditure per capita,CMS State Health Expenditure Accounts,https://www.cms.gov/data-research/statistics-trends-and-reports/national-health-expenditure-data/state-residence
USA,NV,Nevada,Far West,2006,2006,5152.0,USD,All-payer personal health care expenditure per capita,CMS State Health Expenditure Accounts,https://www.cms.gov/data-research/statistics-trends-and-reports/national-health-expenditure-data/state-residence
USA,NV,Nevada,Far West,2007,2007,5436.0,USD,All-payer personal health care expenditure per capita,CMS State Health Expenditure Accounts,https://www.cms.gov/data-research/statistics-trends-and-reports/national-health-expenditure-data/state-residence
USA,NV,Nevada,Far West,2008,2008,5614.0,USD,All-payer personal health care expenditure per capita,CMS State Health Expenditure Accounts,https://www.cms.gov/data-research/statistics-trends-and-reports/national-health-expenditure-data/state-residence
USA,NV,Nevada,Far West,2009,2009,5695.0,USD,All-payer personal health care expenditure per capita,CMS State Health Expenditure Accounts,https://www.cms.gov/data-research/statistics-trends-and-reports/national-health-expenditure-data/state-residence
USA,NV,Nevada,Far West,2010,2010,5788.0,USD,All-payer personal health care expenditure per capita,CMS State Health Expenditure Accounts,https://www.cms.gov/data-research/statistics-trends-and-reports/national-health-expenditure-data/state-residence
USA,NV,Nevada,Far West,2011,2011,5973.0,USD,All-payer personal health care expenditure per capita,CMS State Health Expenditure Accounts,https://www.cms.gov/data-research/statistics-trends-and-reports/national-health-expenditure-data/state-residence
USA,NV,Nevada,Far West,2012,2012,6056.0,USD,All-payer personal health care expenditure per capita,CMS State Health Expenditure Accounts,https://www.cms.gov/data-research/statistics-trends-and-reports/national-health-expenditure-data/state-residence
USA,NV,Nevada,Far West,2013,2013,6259.0,USD,All-payer personal health care expenditure per capita,CMS State Health Expenditure Accounts,https://www.cms.gov/data-research/statistics-trends-and-reports/national-health-expenditure-data/state-residence
USA,NV,Nevada,Far West,2014,2014,6723.0,USD,All-payer personal health care expenditure per capita,CMS State Health Expenditure Accounts,https://www.cms.gov/data-research/statistics-trends-and-reports/national-health-expenditure-data/state-residence
USA,NV,Nevada,Far West,2015,2015,6987.0,USD,All-payer personal health care expenditure per capita,CMS State Health Expenditure Accounts,https://www.cms.gov/data-research/statistics-trends-and-reports/national-health-expenditure-data/state-residence
USA,NV,Nevada,Far West,2016,2016,7377.0,USD,All-payer personal health care expenditure per capita,CMS State Health Expenditure Accounts,https://www.cms.gov/data-research/statistics-trends-and-reports/national-health-expenditure-data/state-residence
USA,NV,Nevada,Far West,2017,2017,7642.0,USD,All-payer personal health care expenditure per capita,CMS State Health Expenditure Accounts,https://www.cms.gov/data-research/statistics-trends-and-reports/national-health-expenditure-data/state-residence
USA,NV,Nevada,Far West,2018,2018,7892.0,USD,All-payer personal health care expenditure per capita,CMS State Health Expenditure Accounts,https://www.cms.gov/data-research/statistics-trends-and-reports/national-health-expenditure-data/state-residence
USA,NV,Nevada,Far West,2019,2019,8114.0,USD,All-payer personal health care expenditure per capita,CMS State Health Expenditure Accounts,https://www.cms.gov/data-research/statistics-trends-and-reports/national-health-expenditure-data/state-residence
USA,NV,Nevada,Far West,2020,2020,8348.0,USD,All-payer personal health care expenditure per capita,CMS State Health Expenditure Accounts,https://www.cms.gov/data-research/statistics-trends-and-reports/national-health-expenditure-data/state-residence
USA,NY,New York,Mideast,1991,1991,3193.0,USD,All-payer personal health care expenditure per capita,CMS State Health Expenditure Accounts,https://www.cms.gov/data-research/statistics-trends-and-reports/national-health-expenditure-data/state-residence
USA,NY,New York,Mideast,1992,1992,3425.0,USD,All-payer personal health care expenditure per capita,CMS State Health Expenditure Accounts,https://www.cms.gov/data-research/statistics-trends-and-reports/national-health-expenditure-data/state-residence
USA,NY,New York,Mideast,1993,1993,3636.0,USD,All-payer personal health care expenditure per capita,CMS State Health Expenditure Accounts,https://www.cms.gov/data-research/statistics-trends-and-reports/national-health-expenditure-data/state-residence
USA,NY,New York,Mideast,1994,1994,3840.0,USD,All-payer personal health care expenditure per capita,CMS State Health Expenditure Accounts,https://www.cms.gov/data-research/statistics-trends-and-reports/national-health-expenditure-data/state-residence
USA,NY,New York,Mideast,1995,1995,4021.0,USD,All-payer personal health care expenditure per capita,CMS State Health Expenditure Accounts,https://www.cms.gov/data-research/statistics-trends-and-reports/national-health-expenditure-data/state-residence
USA,NY,New York,Mideast,1996,1996,4214.0,USD,All-payer personal health care expenditure per capita,CMS State Health Expenditure Accounts,https://www.cms.gov/data-research/statistics-trends-and-reports/national-health-expenditure-data/state-residence
USA,NY,New York,Mideast,1997,1997,4369.0,USD,All-payer personal health care expenditure per capita,CMS State Health Expenditure Accounts,https://www.cms.gov/data-research/statistics-trends-and-reports/national-health-expenditure-data/state-residence
USA,NY,New York,Mideast,1998,1998,4591.0,USD,All-payer personal health care expenditure per capita,CMS State Health Expenditure Accounts,https://www.cms.gov/data-research/statistics-trends-and-reports/national-health-expenditure-data/state-residence
USA,NY,New York,Mideast,1999,1999,4842.0,USD,All-payer personal health care expenditure per capita,CMS State Health Expenditure Accounts,https://www.cms.gov/data-research/statistics-trends-and-reports/national-health-expenditure-data/state-residence
USA,NY,New York,Mideast,2000,2000,5024.0,USD,All-payer personal health care expenditure per capita,CMS State Health Expenditure Accounts,https://www.cms.gov/data-research/statistics-trends-and-reports/national-health-expenditure-data/state-residence
USA,NY,New York,Mideast,2001,2001,5419.0,USD,All-payer personal health care expenditure per capita,CMS State Health Expenditure Accounts,https://www.cms.gov/data-research/statistics-trends-and-reports/national-health-expenditure-data/state-residence
USA,NY,New York,Mideast,2002,2002,5828.0,USD,All-payer personal health care expenditure per capita,CMS State Health Expenditure Accounts,https://www.cms.gov/data-research/statistics-trends-and-reports/national-health-expenditure-data/state-residence
USA,NY,New York,Mideast,2003,2003,6331.0,USD,All-payer personal health care expenditure per capita,CMS State Health Expenditure Accounts,https://www.cms.gov/data-research/statistics-trends-and-reports/national-health-expenditure-data/state-residence
USA,NY,New York,Mideast,2004,2004,6720.0,USD,All-payer personal health care expenditure per capita,CMS State Health Expenditure Accounts,https://www.cms.gov/data-research/statistics-trends-and-reports/national-health-expenditure-data/state-residence
USA,NY,New York,Mideast,2005,2005,7051.0,USD,All-payer personal health care expenditure per capita,CMS State Health Expenditure Accounts,https://www.cms.gov/data-research/statistics-trends-and-reports/national-health-expenditure-data/state-residence
USA,NY,New York,Mideast,2006,2006,7485.0,USD,All-payer personal health care expenditure per capita,CMS State Health Expenditure Accounts,https://www.cms.gov/data-research/statistics-trends-and-reports/national-health-expenditure-data/state-residence
USA,NY,New York,Mideast,2007,2007,7841.0,USD,All-payer personal health care expenditure per capita,CMS State Health Expenditure Accounts,https://www.cms.gov/data-research/statistics-trends-and-reports/national-health-expenditure-data/state-residence
USA,NY,New York,Mideast,2008,2008,8059.0,USD,All-payer personal health care expenditure per capita,CMS State Health Expenditure Accounts,https://www.cms.gov/data-research/statistics-trends-and-reports/national-health-expenditure-data/state-residence
USA,NY,New York,Mideast,2009,2009,8506.0,USD,All-payer personal health care expenditure per capita,CMS State Health Expenditure Accounts,https://www.cms.gov/data-research/statistics-trends-and-reports/national-health-expenditure-data/state-residence
USA,NY,New York,Mideast,2010,2010,8759.0,USD,All-payer personal health care expenditure per capita,CMS State Health Expenditure Accounts,https://www.cms.gov/data-research/statistics-trends-and-reports/national-health-expenditure-data/state-residence
USA,NY,New York,Mideast,2011,2011,8991.0,USD,All-payer personal health care expenditure per capita,CMS State Health Expenditure Accounts,https://www.cms.gov/data-research/statistics-trends-and-reports/national-health-expenditure-data/state-residence
USA,NY,New York,Mideast,2012,2012,9085.0,USD,All-payer personal health care expenditure per capita,CMS State Health Expenditure Accounts,https://www.cms.gov/data-research/statistics-trends-and-reports/national-health-expenditure-data/state-residence
USA,NY,New York,Mideast,2013,2013,9371.0,USD,All-payer personal health care expenditure per capita,CMS State Health Expenditure Accounts,https://www.cms.gov/data-research/statistics-trends-and-reports/national-health-expenditure-data/state-residence
USA,NY,New York,Mideast,2014,2014,9805.0,USD,All-payer personal health care expenditure per capita,CMS State Health Expenditure Accounts,https://www.cms.gov/data-research/statistics-trends-and-reports/national-health-expenditure-data/state-residence
USA,NY,New York,Mideast,2015,2015,10305.0,USD,All-payer personal health care expenditure per capita,CMS State Health Expenditure Accounts,https://www.cms.gov/data-research/statistics-trends-and-reports/national-health-expenditure-data/state-residence
USA,NY,New York,Mideast,2016,2016,10927.0,USD,All-payer personal health care expenditure per capita,CMS State Health Expenditure Accounts,https://www.cms.gov/data-research/statistics-trends-and-reports/national-health-expenditure-data/state-residence
USA,NY,New York,Mideast,2017,2017,11558.0,USD,All-payer personal health care expenditure per capita,CMS State Health Expenditure Accounts,https://www.cms.gov/data-research/statistics-trends-and-reports/national-health-expenditure-data/state-residence
USA,NY,New York,Mideast,2018,2018,12098.0,USD,All-payer personal health care expenditure per capita,CMS State Health Expenditure Accounts,https://www.cms.gov/data-research/statistics-trends-and-reports/national-health-expenditure-data/state-residence
USA,NY,New York,Mideast,2019,2019,12932.0,USD,All-payer personal health care expenditure per capita,CMS State Health Expenditure Accounts,https://www.cms.gov/data-research/statistics-trends-and-reports/national-health-expenditure-data/state-residence
USA,NY,New York,Mideast,2020,2020,14007.0,USD,All-payer personal health care expenditure per capita,CMS State Health Expenditure Accounts,https://www.cms.gov/data-research/statistics-trends-and-reports/national-health-expenditure-data/state-residence
USA,OH,Ohio,Great Lakes,1991,1991,2669.0,USD,All-payer personal health care expenditure per capita,CMS State Health Expenditure Accounts,https://www.cms.gov/data-research/statistics-trends-and-reports/national-health-expenditure-data/state-residence
USA,OH,Ohio,Great Lakes,1992,1992,2884.0,USD,All-payer personal health care expenditure per capita,CMS State Health Expenditure Accounts,https://www.cms.gov/data-research/statistics-trends-and-reports/national-health-expenditure-data/state-residence
USA,OH,Ohio,Great Lakes,1993,1993,3045.0,USD,All-payer personal health care expenditure per capita,CMS State Health Expenditure Accounts,https://www.cms.gov/data-research/statistics-trends-and-reports/national-health-expenditure-data/state-residence
USA,OH,Ohio,Great Lakes,1994,1994,3162.0,USD,All-payer personal health care expenditure per capita,CMS State Health Expenditure Accounts,https://www.cms.gov/data-research/statistics-trends-and-reports/national-health-expenditure-data/state-residence
USA,OH,Ohio,Great Lakes,1995,1995,3320.0,USD,All-payer personal health care expenditure per capita,CMS State Health Expenditure Accounts,https://www.cms.gov/data-research/statistics-trends-and-reports/national-health-expenditure-data/state-residence
USA,OH,Ohio,Great Lakes,1996,1996,3518.0,USD,All-payer personal health care expenditure per capita,CMS State Health Expenditure Accounts,https://www.cms.gov/data-research/statistics-trends-and-reports/national-health-expenditure-data/state-residence
USA,OH,Ohio,Great Lakes,1997,1997,3611.0,USD,All-payer personal health care expenditure per capita,CMS State Health Expenditure Accounts,https://www.cms.gov/data-research/statistics-trends-and-reports/national-health-expenditure-data/state-residence
USA,OH,Ohio,Great Lakes,1998,1998,3733.0,USD,All-payer personal health care expenditure per capita,CMS State Health Expenditure Accounts,https://www.cms.gov/data-research/statistics-trends-and-reports/national-health-expenditure-data/state-residence
USA,OH,Ohio,Great Lakes,1999,1999,3927.0,USD,All-payer personal health care expenditure per capita,CMS State Health Expenditure Accounts,https://www.cms.gov/data-research/statistics-trends-and-reports/national-health-expenditure-data/state-residence
USA,OH,Ohio,Great Lakes,2000,2000,4208.0,USD,All-payer personal health care expenditure per capita,CMS State Health Expenditure Accounts,https://www.cms.gov/data-research/statistics-trends-and-reports/national-health-expenditure-data/state-residence
USA,OH,Ohio,Great Lakes,2001,2001,4637.0,USD,All-payer personal health care expenditure per capita,CMS State Health Expenditure Accounts,https://www.cms.gov/data-research/statistics-trends-and-reports/national-health-expenditure-data/state-residence
USA,OH,Ohio,Great Lakes,2002,2002,5037.0,USD,All-payer personal health care expenditure per capita,CMS State Health Expenditure Accounts,https://www.cms.gov/data-research/statistics-trends-and-reports/national-health-expenditure-data/state-residence
USA,OH,Ohio,Great Lakes,2003,2003,5419.0,USD,All-payer personal health care expenditure per capita,CMS State Health Expenditure Accounts,https://www.cms.gov/data-research/statistics-trends-and-reports/national-health-expenditure-data/state-residence
USA,OH,Ohio,Great Lakes,2004,2004,5771.0,USD,All-payer personal health care expenditure per capita,CMS State Health Expenditure Accounts,https://www.cms.gov/data-research/statistics-trends-and-reports/national-health-expenditure-data/state-residence
USA,OH,Ohio,Great Lakes,2005,2005,6113.0,USD,All-payer personal health care expenditure per capita,CMS State Health Expenditure Accounts,https://www.cms.gov/data-research/statistics-trends-and-reports/national-health-expenditure-data/state-residence
USA,OH,Ohio,Great Lakes,2006,2006,6397.0,USD,All-payer personal health care expenditure per capita,CMS State Health Expenditure Accounts,https://www.cms.gov/data-research/statistics-trends-and-reports/national-health-expenditure-data/state-residence
USA,OH,Ohio,Great Lakes,2007,2007,6674.0,USD,All-payer personal health care expenditure per capita,CMS State Health Expenditure Accounts,https://www.cms.gov/data-research/statistics-trends-and-reports/national-health-expenditure-data/state-residence
USA,OH,Ohio,Great Lakes,2008,2008,6816.0,USD,All-payer personal health care expenditure per capita,CMS State Health Expenditure Accounts,https://www.cms.gov/data-research/statistics-trends-and-reports/national-health-expenditure-data/state-residence
USA,OH,Ohio,Great Lakes,2009,2009,7242.0,USD,All-payer personal health care expenditure per capita,CMS State Health Expenditure Accounts,https://www.cms.gov/data-research/statistics-trends-and-reports/national-health-expenditure-data/state-residence
USA,OH,Ohio,Great Lakes,2010,2010,7397.0,USD,All-payer personal health care expenditure per capita,CMS State Health Expenditure Accounts,https://www.cms.gov/data-research/statistics-trends-and-reports/national-health-expenditure-data/state-residence
USA,OH,Ohio,Great Lakes,2011,2011,7488.0,USD,All-payer personal health care expenditure per capita,CMS State Health Expenditure Accounts,https://www.cms.gov/data-research/statistics-trends-and-reports/national-health-expenditure-data/state-residence
USA,OH,Ohio,Great Lakes,2012,2012,7854.0,USD,All-payer personal health care expenditure per capita,CMS State Health Expenditure Accounts,https://www.cms.gov/data-research/statistics-trends-and-reports/national-health-expenditure-data/state-residence
USA,OH,Ohio,Great Lakes,2013,2013,8030.0,USD,All-payer personal health care expenditure per capita,CMS State Health Expenditure Accounts,https://www.cms.gov/data-research/statistics-trends-and-reports/national-health-expenditure-data/state-residence
USA,OH,Ohio,Great Lakes,2014,2014,8401.0,USD,All-payer personal health care expenditure per capita,CMS State Health Expenditure Accounts,https://www.cms.gov/data-research/statistics-trends-and-reports/national-health-expenditure-data/state-residence
USA,OH,Ohio,Great Lakes,2015,2015,8754.0,USD,All-payer personal health care expenditure per capita,CMS State Health Expenditure Accounts,https://www.cms.gov/data-research/statistics-trends-and-reports/national-health-expenditure-data/state-residence
USA,OH,Ohio,Great Lakes,2016,2016,9062.0,USD,All-payer personal health care expenditure per capita,CMS State Health Expenditure Accounts,https://www.cms.gov/data-research/statistics-trends-and-reports/national-health-expenditure-data/state-residence
USA,OH,Ohio,Great Lakes,2017,2017,9400.0,USD,All-payer personal health care expenditure per capita,CMS State Health Expenditure Accounts,https://www.cms.gov/data-research/statistics-trends-and-reports/national-health-expenditure-data/state-residence
USA,OH,Ohio,Great Lakes,2018,2018,9627.0,USD,All-payer personal health care expenditure per capita,CMS State Health Expenditure Accounts,https://www.cms.gov/data-research/statistics-trends-and-reports/national-health-expenditure-data/state-residence
USA,OH,Ohio,Great Lakes,2019,2019,10173.0,USD,All-payer personal health care expenditure per capita,CMS State Health Expenditure Accounts,https://www.cms.gov/data-research/statistics-trends-and-reports/national-health-expenditure-data/state-residence
USA,OH,Ohio,Great Lakes,2020,2020,10478.0,USD,All-payer personal health care expenditure per capita,CMS State Health Expenditure Accounts,https://www.cms.gov/data-research/statistics-trends-and-reports/national-health-expenditure-data/state-residence
USA,OK,Oklahoma,Southwest,1991,1991,2355.0,USD,All-payer personal health care expenditure per capita,CMS State Health Expenditure Accounts,https://www.cms.gov/data-research/statistics-trends-and-reports/national-health-expenditure-data/state-residence
USA,OK,Oklahoma,Southwest,1992,1992,2528.0,USD,All-payer personal health care expenditure per capita,CMS State Health Expenditure Accounts,https://www.cms.gov/data-research/statistics-trends-and-reports/national-health-expenditure-data/state-residence
USA,OK,Oklahoma,Southwest,1993,1993,2615.0,USD,All-payer personal health care expenditure per capita,CMS State Health Expenditure Accounts,https://www.cms.gov/data-research/statistics-trends-and-reports/national-health-expenditure-data/state-residence
USA,OK,Oklahoma,Southwest,1994,1994,2790.0,USD,All-payer personal health care expenditure per capita,CMS State Health Expenditure Accounts,https://www.cms.gov/data-research/statistics-trends-and-reports/national-health-expenditure-data/state-residence
USA,OK,Oklahoma,Southwest,1995,1995,2962.0,USD,All-payer personal health care expenditure per capita,CMS State Health Expenditure Accounts,https://www.cms.gov/data-research/statistics-trends-and-reports/national-health-expenditure-data/state-residence
USA,OK,Oklahoma,Southwest,1996,1996,3145.0,USD,All-payer personal health care expenditure per capita,CMS State Health Expenditure Accounts,https://www.cms.gov/data-research/statistics-trends-and-reports/national-health-expenditure-data/state-residence
USA,OK,Oklahoma,Southwest,1997,1997,3255.0,USD,All-payer personal health care expenditure per capita,CMS State Health Expenditure Accounts,https://www.cms.gov/data-research/statistics-trends-and-reports/national-health-expenditure-data/state-residence
USA,OK,Oklahoma,Southwest,1998,1998,3378.0,USD,All-payer personal health care expenditure per capita,CMS State Health Expenditure Accounts,https://www.cms.gov/data-research/statistics-trends-and-reports/national-health-expenditure-data/state-residence
USA,OK,Oklahoma,Southwest,1999,1999,3551.0,USD,All-payer personal health care expenditure per capita,CMS State Health Expenditure Accounts,https://www.cms.gov/data-research/statistics-trends-and-reports/national-health-expenditure-data/state-residence
USA,OK,Oklahoma,Southwest,2000,2000,3754.0,USD,All-payer personal health care expenditure per capita,CMS State Health Expenditure Accounts,https://www.cms.gov/data-research/statistics-trends-and-reports/national-health-expenditure-data/state-residence
USA,OK,Oklahoma,Southwest,2001,2001,4093.0,USD,All-payer personal health care expenditure per capita,CMS State Health Expenditure Accounts,https://www.cms.gov/data-research/statistics-trends-and-reports/national-health-expenditure-data/state-residence
USA,OK,Oklahoma,Southwest,2002,2002,4358.0,USD,All-payer personal health care expenditure per capita,CMS State Health Expenditure Accounts,https://www.cms.gov/data-research/statistics-trends-and-reports/national-health-expenditure-data/state-residence
USA,OK,Oklahoma,Southwest,2003,2003,4755.0,USD,All-payer personal health care expenditure per capita,CMS State Health Expenditure Accounts,https://www.cms.gov/data-research/statistics-trends-and-reports/national-health-expenditure-data/state-residence
USA,OK,Oklahoma,Southwest,2004,2004,4961.0,USD,All-payer personal health care expenditure per capita,CMS State Health Expenditure Accounts,https://www.cms.gov/data-research/statistics-trends-and-reports/national-health-expenditure-data/state-residence
USA,OK,Oklahoma,Southwest,2005,2005,5366.0,USD,All-payer personal health care expenditure per capita,CMS State Health Expenditure Accounts,https://www.cms.gov/data-research/statistics-trends-and-reports/national-health-expenditure-data/state-residence
USA,OK,Oklahoma,Southwest,2006,2006,5688.0,USD,All-payer personal health care expenditure per capita,CMS State Health Expenditure Accounts,https://www.cms.gov/data-research/statistics-trends-and-reports/national-health-expenditure-data/state-residence
USA,OK,Oklahoma,Southwest,2007,2007,6039.0,USD,All-payer personal health care expenditure per capita,CMS State Health Expenditure Accounts,https://www.cms.gov/data-research/statistics-trends-and-reports/national-health-expenditure-data/state-residence
USA,OK,Oklahoma,Southwest,2008,2008,6372.0,USD,All-payer personal health care expenditure per capita,CMS State Health Expenditure Accounts,https://www.cms.gov/data-research/statistics-trends-and-reports/national-health-expenditure-data/state-residence
USA,OK,Oklahoma,Southwest,2009,2009,6514.0,USD,All-payer personal health care expenditure per capita,CMS State Health Expenditure Accounts,https://www.cms.gov/data-research/statistics-trends-and-reports/national-health-expenditure-data/state-residence
USA,OK,Oklahoma,Southwest,2010,2010,6664.0,USD,All-payer personal health care expenditure per capita,CMS State Health Expenditure Accounts,https://www.cms.gov/data-research/statistics-trends-and-reports/national-health-expenditure-data/state-residence
USA,OK,Oklahoma,Southwest,2011,2011,6937.0,USD,All-payer personal health care expenditure per capita,CMS State Health Expenditure Accounts,https://www.cms.gov/data-research/statistics-trends-and-reports/national-health-expenditure-data/state-residence
USA,OK,Oklahoma,Southwest,2012,2012,7212.0,USD,All-payer personal health care expenditure per capita,CMS State Health Expenditure Accounts,https://www.cms.gov/data-research/statistics-trends-and-reports/national-health-expenditure-data/state-residence
USA,OK,Oklahoma,Southwest,2013,2013,7316.0,USD,All-payer personal health care expenditure per capita,CMS State Health Expenditure Accounts,https://www.cms.gov/data-research/statistics-trends-and-reports/national-health-expenditure-data/state-residence
USA,OK,Oklahoma,Southwest,2014,2014,7658.0,USD,All-payer personal health care expenditure per capita,CMS State Health Expenditure Accounts,https://www.cms.gov/data-research/statistics-trends-and-reports/national-health-expenditure-data/state-residence
USA,OK,Oklahoma,Southwest,2015,2015,7902.0,USD,All-payer personal health care expenditure per capita,CMS State Health Expenditure Accounts,https://www.cms.gov/data-research/statistics-trends-and-reports/national-health-expenditure-data/state-residence
USA,OK,Oklahoma,Southwest,2016,2016,8132.0,USD,All-payer personal health care expenditure per capita,CMS State Health Expenditure Accounts,https://www.cms.gov/data-research/statistics-trends-and-reports/national-health-expenditure-data/state-residence
USA,OK,Oklahoma,Southwest,2017,2017,8382.0,USD,All-payer personal health care expenditure per capita,CMS State Health Expenditure Accounts,https://www.cms.gov/data-research/statistics-trends-and-reports/national-health-expenditure-data/state-residence
USA,OK,Oklahoma,Southwest,2018,2018,8625.0,USD,All-payer personal health care expenditure per capita,CMS State Health Expenditure Accounts,https://www.cms.gov/data-research/statistics-trends-and-reports/national-health-expenditure-data/state-residence
USA,OK,Oklahoma,Southwest,2019,2019,8923.0,USD,All-payer personal health care expenditure per capita,CMS State Health Expenditure Accounts,https://www.cms.gov/data-research/statistics-trends-and-reports/national-health-expenditure-data/state-residence
USA,OK,Oklahoma,Southwest,2020,2020,9444.0,USD,All-payer personal health care expenditure per capita,CMS State Health Expenditure Accounts,https://www.cms.gov/data-research/statistics-trends-and-reports/national-health-expenditure-data/state-residence
USA,OR,Oregon,Far West,1991,1991,2293.0,USD,All-payer personal health care expenditure per capita,CMS State Health Expenditure Accounts,https://www.cms.gov/data-research/statistics-trends-and-reports/national-health-expenditure-data/state-residence
USA,OR,Oregon,Far West,1992,1992,2477.0,USD,All-payer personal health care expenditure per capita,CMS State Health Expenditure Accounts,https://www.cms.gov/data-research/statistics-trends-and-reports/national-health-expenditure-data/state-residence
USA,OR,Oregon,Far West,1993,1993,2583.0,USD,All-payer personal health care expenditure per capita,CMS State Health Expenditure Accounts,https://www.cms.gov/data-research/statistics-trends-and-reports/national-health-expenditure-data/state-residence
USA,OR,Oregon,Far West,1994,1994,2677.0,USD,All-payer personal health care expenditure per capita,CMS State Health Expenditure Accounts,https://www.cms.gov/data-research/statistics-trends-and-reports/national-health-expenditure-data/state-residence
USA,OR,Oregon,Far West,1995,1995,2820.0,USD,All-payer personal health care expenditure per capita,CMS State Health Expenditure Accounts,https://www.cms.gov/data-research/statistics-trends-and-reports/national-health-expenditure-data/state-residence
USA,OR,Oregon,Far West,1996,1996,2921.0,USD,All-payer personal health care expenditure per capita,CMS State Health Expenditure Accounts,https://www.cms.gov/data-research/statistics-trends-and-reports/national-health-expenditure-data/state-residence
USA,OR,Oregon,Far West,1997,1997,3071.0,USD,All-payer personal health care expenditure per capita,CMS State Health Expenditure Accounts,https://www.cms.gov/data-research/statistics-trends-and-reports/national-health-expenditure-data/state-residence
USA,OR,Oregon,Far West,1998,1998,3362.0,USD,All-payer personal health care expenditure per capita,CMS State Health Expenditure Accounts,https://www.cms.gov/data-research/statistics-trends-and-reports/national-health-expenditure-data/state-residence
USA,OR,Oregon,Far West,1999,1999,3533.0,USD,All-payer personal health care expenditure per capita,CMS State Health Expenditure Accounts,https://www.cms.gov/data-research/statistics-trends-and-reports/national-health-expenditure-data/state-residence
USA,OR,Oregon,Far West,2000,2000,3734.0,USD,All-payer personal health care expenditure per capita,CMS State Health Expenditure Accounts,https://www.cms.gov/data-research/statistics-trends-and-reports/national-health-expenditure-data/state-residence
USA,OR,Oregon,Far West,2001,2001,4139.0,USD,All-payer personal health care expenditure per capita,CMS State Health Expenditure Accounts,https://www.cms.gov/data-research/statistics-trends-and-reports/national-health-expenditure-data/state-residence
USA,OR,Oregon,Far West,2002,2002,4396.0,USD,All-payer personal health care expenditure per capita,CMS State Health Expenditure Accounts,https://www.cms.gov/data-research/statistics-trends-and-reports/national-health-expenditure-data/state-residence
USA,OR,Oregon,Far West,2003,2003,4675.0,USD,All-payer personal health care expenditure per capita,CMS State Health Expenditure Accounts,https://www.cms.gov/data-research/statistics-trends-and-reports/national-health-expenditure-data/state-residence
USA,OR,Oregon,Far West,2004,2004,5023.0,USD,All-payer personal health care expenditure per capita,CMS State Health Expenditure Accounts,https://www.cms.gov/data-research/statistics-trends-and-reports/national-health-expenditure-data/state-residence
USA,OR,Oregon,Far West,2005,2005,5395.0,USD,All-payer personal health care expenditure per capita,CMS State Health Expenditure Accounts,https://www.cms.gov/data-research/statistics-trends-and-reports/national-health-expenditure-data/state-residence
USA,OR,Oregon,Far West,2006,2006,5760.0,USD,All-payer personal health care expenditure per capita,CMS State Health Expenditure Accounts,https://www.cms.gov/data-research/statistics-trends-and-reports/national-health-expenditure-data/state-residence
USA,OR,Oregon,Far West,2007,2007,6003.0,USD,All-payer personal health care expenditure per capita,CMS State Health Expenditure Accounts,https://www.cms.gov/data-research/statistics-trends-and-reports/national-health-expenditure-data/state-residence
USA,OR,Oregon,Far West,2008,2008,6232.0,USD,All-payer personal health care expenditure per capita,CMS State Health Expenditure Accounts,https://www.cms.gov/data-research/statistics-trends-and-reports/national-health-expenditure-data/state-residence
USA,OR,Oregon,Far West,2009,2009,6502.0,USD,All-payer personal health care expenditure per capita,CMS State Health Expenditure Accounts,https://www.cms.gov/data-research/statistics-trends-and-reports/national-health-expenditure-data/state-residence
USA,OR,Oregon,Far West,2010,2010,6750.0,USD,All-payer personal health care expenditure per capita,CMS State Health Expenditure Accounts,https://www.cms.gov/data-research/statistics-trends-and-reports/national-health-expenditure-data/state-residence
USA,OR,Oregon,Far West,2011,2011,6987.0,USD,All-payer personal health care expenditure per capita,CMS State Health Expenditure Accounts,https://www.cms.gov/data-research/statistics-trends-and-reports/national-health-expenditure-data/state-residence
USA,OR,Oregon,Far West,2012,2012,7159.0,USD,All-payer personal health care expenditure per capita,CMS State Health Expenditure Accounts,https://www.cms.gov/data-research/statistics-trends-and-reports/national-health-expenditure-data/state-residence
USA,OR,Oregon,Far West,2013,2013,7378.0,USD,All-payer personal health care expenditure per capita,CMS State Health Expenditure Accounts,https://www.cms.gov/data-research/statistics-trends-and-reports/national-health-expenditure-data/state-residence
USA,OR,Oregon,Far West,2014,2014,7899.0,USD,All-payer personal health care expenditure per capita,CMS State Health Expenditure Accounts,https://www.cms.gov/data-research/statistics-trends-and-reports/national-health-expenditure-data/state-residence
USA,OR,Oregon,Far West,2015,2015,8438.0,USD,All-payer personal health care expenditure per capita,CMS State Health Expenditure Accounts,https://www.cms.gov/data-research/statistics-trends-and-reports/national-health-expenditure-data/state-residence
USA,OR,Oregon,Far West,2016,2016,8699.0,USD,All-payer personal health care expenditure per capita,CMS State Health Expenditure Accounts,https://www.cms.gov/data-research/statistics-trends-and-reports/national-health-expenditure-data/state-residence
USA,OR,Oregon,Far West,2017,2017,8827.0,USD,All-payer personal health care expenditure per capita,CMS State Health Expenditure Accounts,https://www.cms.gov/data-research/statistics-trends-and-reports/national-health-expenditure-data/state-residence
USA,OR,Oregon,Far West,2018,2018,9168.0,USD,All-payer personal health care expenditure per capita,CMS State Health Expenditure Accounts,https://www.cms.gov/data-research/statistics-trends-and-reports/national-health-expenditure-data/state-residence
USA,OR,Oregon,Far West,2019,2019,9635.0,USD,All-payer personal health care expenditure per capita,CMS State Health Expenditure Accounts,https://www.cms.gov/data-research/statistics-trends-and-reports/national-health-expenditure-data/state-residence
USA,OR,Oregon,Far West,2020,2020,10071.0,USD,All-payer personal health care expenditure per capita,CMS State Health Expenditure Accounts,https://www.cms.gov/data-research/statistics-trends-and-reports/national-health-expenditure-data/state-residence
USA,PA,Pennsylvania,Mideast,1991,1991,3008.0,USD,All-payer personal health care expenditure per capita,CMS State Health Expenditure Accounts,https://www.cms.gov/data-research/statistics-trends-and-reports/national-health-expenditure-data/state-residence
USA,PA,Pennsylvania,Mideast,1992,1992,3241.0,USD,All-payer personal health care expenditure per capita,CMS State Health Expenditure Accounts,https://www.cms.gov/data-research/statistics-trends-and-reports/national-health-expenditure-data/state-residence
USA,PA,Pennsylvania,Mideast,1993,1993,3407.0,USD,All-payer personal health care expenditure per capita,CMS State Health Expenditure Accounts,https://www.cms.gov/data-research/statistics-trends-and-reports/national-health-expenditure-data/state-residence
USA,PA,Pennsylvania,Mideast,1994,1994,3529.0,USD,All-payer personal health care expenditure per capita,CMS State Health Expenditure Accounts,https://www.cms.gov/data-research/statistics-trends-and-reports/national-health-expenditure-data/state-residence
USA,PA,Pennsylvania,Mideast,1995,1995,3710.0,USD,All-payer personal health care expenditure per capita,CMS State Health Expenditure Accounts,https://www.cms.gov/data-research/statistics-trends-and-reports/national-health-expenditure-data/state-residence
USA,PA,Pennsylvania,Mideast,1996,1996,3802.0,USD,All-payer personal health care expenditure per capita,CMS State Health Expenditure Accounts,https://www.cms.gov/data-research/statistics-trends-and-reports/national-health-expenditure-data/state-residence
USA,PA,Pennsylvania,Mideast,1997,1997,4012.0,USD,All-payer personal health care expenditure per capita,CMS State Health Expenditure Accounts,https://www.cms.gov/data-research/statistics-trends-and-reports/national-health-expenditure-data/state-residence
USA,PA,Pennsylvania,Mideast,1998,1998,4161.0,USD,All-payer personal health care expenditure per capita,CMS State Health Expenditure Accounts,https://www.cms.gov/data-research/statistics-trends-and-reports/national-health-expenditure-data/state-residence
USA,PA,Pennsylvania,Mideast,1999,1999,4430.0,USD,All-payer personal health care expenditure per capita,CMS State Health Expenditure Accounts,https://www.cms.gov/data-research/statistics-trends-and-reports/national-health-expenditure-data/state-residence
USA,PA,Pennsylvania,Mideast,2000,2000,4702.0,USD,All-payer personal health care expenditure per capita,CMS State Health Expenditure Accounts,https://www.cms.gov/data-research/statistics-trends-and-reports/national-health-expenditure-data/state-residence
USA,PA,Pennsylvania,Mideast,2001,2001,5056.0,USD,All-payer personal health care expenditure per capita,CMS State Health Expenditure Accounts,https://www.cms.gov/data-research/statistics-trends-and-reports/national-health-expenditure-data/state-residence
USA,PA,Pennsylvania,Mideast,2002,2002,5389.0,USD,All-payer personal health care expenditure per capita,CMS State Health Expenditure Accounts,https://www.cms.gov/data-research/statistics-trends-and-reports/national-health-expenditure-data/state-residence
USA,PA,Pennsylvania,Mideast,2003,2003,5791.0,USD,All-payer personal health care expenditure per capita,CMS State Health Expenditure Accounts,https://www.cms.gov/data-research/statistics-trends-and-reports/national-health-expenditure-data/state-residence
USA,PA,Pennsylvania,Mideast,2004,2004,6166.0,USD,All-payer personal health care expenditure per capita,CMS State Health Expenditure Accounts,https://www.cms.gov/data-research/statistics-trends-and-reports/national-health-expenditure-data/state-residence
USA,PA,Pennsylvania,Mideast,2005,2005,6572.0,USD,All-payer personal health care expenditure per capita,CMS State Health Expenditure Accounts,https://www.cms.gov/data-research/statistics-trends-and-reports/national-health-expenditure-data/state-residence
USA,PA,Pennsylvania,Mideast,2006,2006,6868.0,USD,All-payer personal health care expenditure per capita,CMS State Health Expenditure Accounts,https://www.cms.gov/data-research/statistics-trends-and-reports/national-health-expenditure-data/state-residence
USA,PA,Pennsylvania,Mideast,2007,2007,7239.0,USD,All-payer personal health care expenditure per capita,CMS State Health Expenditure Accounts,https://www.cms.gov/data-research/statistics-trends-and-reports/national-health-expenditure-data/state-residence
USA,PA,Pennsylvania,Mideast,2008,2008,7457.0,USD,All-payer personal health care expenditure per capita,CMS State Health Expenditure Accounts,https://www.cms.gov/data-research/statistics-trends-and-reports/national-health-expenditure-data/state-residence
USA,PA,Pennsylvania,Mideast,2009,2009,7655.0,USD,All-payer personal health care expenditure per capita,CMS State Health Expenditure Accounts,https://www.cms.gov/data-research/statistics-trends-and-reports/national-health-expenditure-data/state-residence
USA,PA,Pennsylvania,Mideast,2010,2010,8069.0,USD,All-payer personal health care expenditure per capita,CMS State Health Expenditure Accounts,https://www.cms.gov/data-research/statistics-trends-and-reports/national-health-expenditure-data/state-residence
USA,PA,Pennsylvania,Mideast,2011,2011,8371.0,USD,All-payer personal health care expenditure per capita,CMS State Health Expenditure Accounts,https://www.cms.gov/data-research/statistics-trends-and-reports/national-health-expenditure-data/state-residence
USA,PA,Pennsylvania,Mideast,2012,2012,8577.0,USD,All-payer personal health care expenditure per capita,CMS State Health Expenditure Accounts,https://www.cms.gov/data-research/statistics-trends-and-reports/national-health-expenditure-data/state-residence
USA,PA,Pennsylvania,Mideast,2013,2013,8802.0,USD,All-payer personal health care expenditure per capita,CMS State Health Expenditure Accounts,https://www.cms.gov/data-research/statistics-trends-and-reports/national-health-expenditure-data/state-residence
USA,PA,Pennsylvania,Mideast,2014,2014,9142.0,USD,All-payer personal health care expenditure per capita,CMS State Health Expenditure Accounts,https://www.cms.gov/data-research/statistics-trends-and-reports/national-health-expenditure-data/state-residence
USA,PA,Pennsylvania,Mideast,2015,2015,9562.0,USD,All-payer personal health care expenditure per capita,CMS State Health Expenditure Accounts,https://www.cms.gov/data-research/statistics-trends-and-reports/national-health-expenditure-data/state-residence
USA,PA,Pennsylvania,Mideast,2016,2016,9980.0,USD,All-payer personal health care expenditure per capita,CMS State Health Expenditure Accounts,https://www.cms.gov/data-research/statistics-trends-and-reports/national-health-expenditure-data/state-residence
USA,PA,Pennsylvania,Mideast,2017,2017,10342.0,USD,All-payer personal health care expenditure per capita,CMS State Health Expenditure Accounts,https://www.cms.gov/data-research/statistics-trends-and-reports/national-health-expenditure-data/state-residence
USA,PA,Pennsylvania,Mideast,2018,2018,10910.0,USD,All-payer personal health care expenditure per capita,CMS State Health Expenditure Accounts,https://www.cms.gov/data-research/statistics-trends-and-reports/national-health-expenditure-data/state-residence
USA,PA,Pennsylvania,Mideast,2019,2019,11175.0,USD,All-payer personal health care expenditure per capita,CMS State Health Expenditure Accounts,https://www.cms.gov/data-research/statistics-trends-and-reports/national-health-expenditure-data/state-residence
USA,PA,Pennsylvania,Mideast,2020,2020,11603.0,USD,All-payer personal health care expenditure per capita,CMS State Health Expenditure Accounts,https://www.cms.gov/data-research/statistics-trends-and-reports/national-health-expenditure-data/state-residence
USA,RI,Rhode Island,New England,1991,1991,2923.0,USD,All-payer personal health care expenditure per capita,CMS State Health Expenditure Accounts,https://www.cms.gov/data-research/statistics-trends-and-reports/national-health-expenditure-data/state-residence
USA,RI,Rhode Island,New England,1992,1992,3154.0,USD,All-payer personal health care expenditure per capita,CMS State Health Expenditure Accounts,https://www.cms.gov/data-research/statistics-trends-and-reports/national-health-expenditure-data/state-residence
USA,RI,Rhode Island,New England,1993,1993,3335.0,USD,All-payer personal health care expenditure per capita,CMS State Health Expenditure Accounts,https://www.cms.gov/data-research/statistics-trends-and-reports/national-health-expenditure-data/state-residence
USA,RI,Rhode Island,New England,1994,1994,3385.0,USD,All-payer personal health care expenditure per capita,CMS State Health Expenditure Accounts,https://www.cms.gov/data-research/statistics-trends-and-reports/national-health-expenditure-data/state-residence
USA,RI,Rhode Island,New England,1995,1995,3743.0,USD,All-payer personal health care expenditure per capita,CMS State Health Expenditure Accounts,https://www.cms.gov/data-research/statistics-trends-and-reports/national-health-expenditure-data/state-residence
USA,RI,Rhode Island,New England,1996,1996,3863.0,USD,All-payer personal health care expenditure per capita,CMS State Health Expenditure Accounts,https://www.cms.gov/data-research/statistics-trends-and-reports/national-health-expenditure-data/state-residence
USA,RI,Rhode Island,New England,1997,1997,4072.0,USD,All-payer personal health care expenditure per capita,CMS State Health Expenditure Accounts,https://www.cms.gov/data-research/statistics-trends-and-reports/national-health-expenditure-data/state-residence
USA,RI,Rhode Island,New England,1998,1998,4300.0,USD,All-payer personal health care expenditure per capita,CMS State Health Expenditure Accounts,https://www.cms.gov/data-research/statistics-trends-and-reports/national-health-expenditure-data/state-residence
USA,RI,Rhode Island,New England,1999,1999,4495.0,USD,All-payer personal health care expenditure per capita,CMS State Health Expenditure Accounts,https://www.cms.gov/data-research/statistics-trends-and-reports/national-health-expenditure-data/state-residence
USA,RI,Rhode Island,New England,2000,2000,4772.0,USD,All-payer personal health care expenditure per capita,CMS State Health Expenditure Accounts,https://www.cms.gov/data-research/statistics-trends-and-reports/national-health-expenditure-data/state-residence
USA,RI,Rhode Island,New England,2001,2001,5141.0,USD,All-payer personal health care expenditure per capita,CMS State Health Expenditure Accounts,https://www.cms.gov/data-research/statistics-trends-and-reports/national-health-expenditure-data/state-residence
USA,RI,Rhode Island,New England,2002,2002,5564.0,USD,All-payer personal health care expenditure per capita,CMS State Health Expenditure Accounts,https://www.cms.gov/data-research/statistics-trends-and-reports/national-health-expenditure-data/state-residence
USA,RI,Rhode Island,New England,2003,2003,5992.0,USD,All-payer personal health care expenditure per capita,CMS State Health Expenditure Accounts,https://www.cms.gov/data-research/statistics-trends-and-reports/national-health-expenditure-data/state-residence
USA,RI,Rhode Island,New England,2004,2004,6446.0,USD,All-payer personal health care expenditure per capita,CMS State Health Expenditure Accounts,https://www.cms.gov/data-research/statistics-trends-and-reports/national-health-expenditure-data/state-residence
USA,RI,Rhode Island,New England,2005,2005,6986.0,USD,All-payer personal health care expenditure per capita,CMS State Health Expenditure Accounts,https://www.cms.gov/data-research/statistics-trends-and-reports/national-health-expenditure-data/state-residence
USA,RI,Rhode Island,New England,2006,2006,7326.0,USD,All-payer personal health care expenditure per capita,CMS State Health Expenditure Accounts,https://www.cms.gov/data-research/statistics-trends-and-reports/national-health-expenditure-data/state-residence
USA,RI,Rhode Island,New England,2007,2007,7717.0,USD,All-payer personal health care expenditure per capita,CMS State Health Expenditure Accounts,https://www.cms.gov/data-research/statistics-trends-and-reports/national-health-expenditure-data/state-residence
USA,RI,Rhode Island,New England,2008,2008,8048.0,USD,All-payer personal health care expenditure per capita,CMS State Health Expenditure Accounts,https://www.cms.gov/data-research/statistics-trends-and-reports/national-health-expenditure-data/state-residence
USA,RI,Rhode Island,New England,2009,2009,8343.0,USD,All-payer personal health care expenditure per capita,CMS State Health Expenditure Accounts,https://www.cms.gov/data-research/statistics-trends-and-reports/national-health-expenditure-data/state-residence
USA,RI,Rhode Island,New England,2010,2010,8460.0,USD,All-payer personal health care expenditure per capita,CMS State Health Expenditure Accounts,https://www.cms.gov/data-research/statistics-trends-and-reports/national-health-expenditure-data/state-residence
USA,RI,Rhode Island,New England,2011,2011,8665.0,USD,All-payer personal health care expenditure per capita,CMS State Health Expenditure Accounts,https://www.cms.gov/data-research/statistics-trends-and-reports/national-health-expenditure-data/state-residence
USA,RI,Rhode Island,New England,2012,2012,8859.0,USD,All-payer personal health care expenditure per capita,CMS State Health Expenditure Accounts,https://www.cms.gov/data-research/statistics-trends-and-reports/national-health-expenditure-data/state-residence
USA,RI,Rhode Island,New England,2013,2013,9016.0,USD,All-payer personal health care expenditure per capita,CMS State Health Expenditure Accounts,https://www.cms.gov/data-research/statistics-trends-and-reports/national-health-expenditure-data/state-residence
USA,RI,Rhode Island,New England,2014,2014,9484.0,USD,All-payer personal health care expenditure per capita,CMS State Health Expenditure Accounts,https://www.cms.gov/data-research/statistics-trends-and-reports/national-health-expenditure-data/state-residence
USA,RI,Rhode Island,New England,2015,2015,9914.0,USD,All-payer personal health care expenditure per capita,CMS State Health Expenditure Accounts,https://www.cms.gov/data-research/statistics-trends-and-reports/national-health-expenditure-data/state-residence
USA,RI,Rhode Island,New England,2016,2016,10159.0,USD,All-payer personal health care expenditure per capita,CMS State Health Expenditure Accounts,https://www.cms.gov/data-research/statistics-trends-and-reports/national-health-expenditure-data/state-residence
USA,RI,Rhode Island,New England,2017,2017,10290.0,USD,All-payer personal health care expenditure per capita,CMS State Health Expenditure Accounts,https://www.cms.gov/data-research/statistics-trends-and-reports/national-health-expenditure-data/state-residence
USA,RI,Rhode Island,New England,2018,2018,10464.0,USD,All-payer personal health care expenditure per capita,CMS State Health Expenditure Accounts,https://www.cms.gov/data-research/statistics-trends-and-reports/national-health-expenditure-data/state-residence
USA,RI,Rhode Island,New England,2019,2019,10988.0,USD,All-payer personal health care expenditure per capita,CMS State Health Expenditure Accounts,https://www.cms.gov/data-research/statistics-trends-and-reports/national-health-expenditure-data/state-residence
USA,RI,Rhode Island,New England,2020,2020,11694.0,USD,All-payer personal health care expenditure per capita,CMS State Health Expenditure Accounts,https://www.cms.gov/data-research/statistics-trends-and-reports/national-health-expenditure-data/state-residence
USA,SC,South Carolina,Southeast,1991,1991,2249.0,USD,All-payer personal health care expenditure per capita,CMS State Health Expenditure Accounts,https://www.cms.gov/data-research/statistics-trends-and-reports/national-health-expenditure-data/state-residence
USA,SC,South Carolina,Southeast,1992,1992,2426.0,USD,All-payer personal health care expenditure per capita,CMS State Health Expenditure Accounts,https://www.cms.gov/data-research/statistics-trends-and-reports/national-health-expenditure-data/state-residence
USA,SC,South Carolina,Southeast,1993,1993,2591.0,USD,All-payer personal health care expenditure per capita,CMS State Health Expenditure Accounts,https://www.cms.gov/data-research/statistics-trends-and-reports/national-health-expenditure-data/state-residence
USA,SC,South Carolina,Southeast,1994,1994,2747.0,USD,All-payer personal health care expenditure per capita,CMS State Health Expenditure Accounts,https://www.cms.gov/data-research/statistics-trends-and-reports/national-health-expenditure-data/state-residence
USA,SC,South Carolina,Southeast,1995,1995,2887.0,USD,All-payer personal health care expenditure per capita,CMS State Health Expenditure Accounts,https://www.cms.gov/data-research/statistics-trends-and-reports/national-health-expenditure-data/state-residence
USA,SC,South Carolina,Southeast,1996,1996,3015.0,USD,All-payer personal health care expenditure per capita,CMS State Health Expenditure Accounts,https://www.cms.gov/data-research/statistics-trends-and-reports/national-health-expenditure-data/state-residence
USA,SC,South Carolina,Southeast,1997,1997,3271.0,USD,All-payer personal health care expenditure per capita,CMS State Health Expenditure Accounts,https://www.cms.gov/data-research/statistics-trends-and-reports/national-health-expenditure-data/state-residence
USA,SC,South Carolina,Southeast,1998,1998,3411.0,USD,All-payer personal health care expenditure per capita,CMS State Health Expenditure Accounts,https://www.cms.gov/data-research/statistics-trends-and-reports/national-health-expenditure-data/state-residence
USA,SC,South Carolina,Southeast,1999,1999,3621.0,USD,All-payer personal health care expenditure per capita,CMS State Health Expenditure Accounts,https://www.cms.gov/data-research/statistics-trends-and-reports/national-health-expenditure-data/state-residence
USA,SC,South Carolina,Southeast,2000,2000,3848.0,USD,All-payer personal health care expenditure per capita,CMS State Health Expenditure Accounts,https://www.cms.gov/data-research/statistics-trends-and-reports/national-health-expenditure-data/state-residence
USA,SC,South Carolina,Southeast,2001,2001,4222.0,USD,All-payer personal health care expenditure per capita,CMS State Health Expenditure Accounts,https://www.cms.gov/data-research/statistics-trends-and-reports/national-health-expenditure-data/state-residence
USA,SC,South Carolina,Southeast,2002,2002,4547.0,USD,All-payer personal health care expenditure per capita,CMS State Health Expenditure Accounts,https://www.cms.gov/data-research/statistics-trends-and-reports/national-health-expenditure-data/state-residence
USA,SC,South Carolina,Southeast,2003,2003,4836.0,USD,All-payer personal health care expenditure per capita,CMS State Health Expenditure Accounts,https://www.cms.gov/data-research/statistics-trends-and-reports/national-health-expenditure-data/state-residence
USA,SC,South Carolina,Southeast,2004,2004,5128.0,USD,All-payer personal health care expenditure per capita,CMS State Health Expenditure Accounts,https://www.cms.gov/data-research/statistics-trends-and-reports/national-health-expenditure-data/state-residence
USA,SC,South Carolina,Southeast,2005,2005,5408.0,USD,All-payer personal health care expenditure per capita,CMS State Health Expenditure Accounts,https://www.cms.gov/data-research/statistics-trends-and-reports/national-health-expenditure-data/state-residence
USA,SC,South Carolina,Southeast,2006,2006,5675.0,USD,All-payer personal health care expenditure per capita,CMS State Health Expenditure Accounts,https://www.cms.gov/data-research/statistics-trends-and-reports/national-health-expenditure-data/state-residence
USA,SC,South Carolina,Southeast,2007,2007,5915.0,USD,All-payer personal health care expenditure per capita,CMS State Health Expenditure Accounts,https://www.cms.gov/data-research/statistics-trends-and-reports/national-health-expenditure-data/state-residence
USA,SC,South Carolina,Southeast,2008,2008,6158.0,USD,All-payer personal health care expenditure per capita,CMS State Health Expenditure Accounts,https://www.cms.gov/data-research/statistics-trends-and-reports/national-health-expenditure-data/state-residence
USA,SC,South Carolina,Southeast,2009,2009,6338.0,USD,All-payer personal health care expenditure per capita,CMS State Health Expenditure Accounts,https://www.cms.gov/data-research/statistics-trends-and-reports/national-health-expenditure-data/state-residence
USA,SC,South Carolina,Southeast,2010,2010,6507.0,USD,All-payer personal health care expenditure per capita,CMS State Health Expenditure Accounts,https://www.cms.gov/data-research/statistics-trends-and-reports/national-health-expenditure-data/state-residence
USA,SC,South Carolina,Southeast,2011,2011,6638.0,USD,All-payer personal health care expenditure per capita,CMS State Health Expenditure Accounts,https://www.cms.gov/data-research/statistics-trends-and-reports/national-health-expenditure-data/state-residence
USA,SC,South Carolina,Southeast,2012,2012,6785.0,USD,All-payer personal health care expenditure per capita,CMS State Health Expenditure Accounts,https://www.cms.gov/data-research/statistics-trends-and-reports/national-health-expenditure-data/state-residence
USA,SC,South Carolina,Southeast,2013,2013,6918.0,USD,All-payer personal health care expenditure per capita,CMS State Health Expenditure Accounts,https://www.cms.gov/data-research/statistics-trends-and-reports/national-health-expenditure-data/state-residence
USA,SC,South Carolina,Southeast,2014,2014,7210.0,USD,All-payer personal health care expenditure per capita,CMS State Health Expenditure Accounts,https://www.cms.gov/data-research/statistics-trends-and-reports/national-health-expenditure-data/state-residence
USA,SC,South Carolina,Southeast,2015,2015,7446.0,USD,All-payer personal health care expenditure per capita,CMS State Health Expenditure Accounts,https://www.cms.gov/data-research/statistics-trends-and-reports/national-health-expenditure-data/state-residence
USA,SC,South Carolina,Southeast,2016,2016,7669.0,USD,All-payer personal health care expenditure per capita,CMS State Health Expenditure Accounts,https://www.cms.gov/data-research/statistics-trends-and-reports/national-health-expenditure-data/state-residence
USA,SC,South Carolina,Southeast,2017,2017,7855.0,USD,All-payer personal health care expenditure per capita,CMS State Health Expenditure Accounts,https://www.cms.gov/data-research/statistics-trends-and-reports/national-health-expenditure-data/state-residence
USA,SC,South Carolina,Southeast,2018,2018,7975.0,USD,All-payer personal health care expenditure per capita,CMS State Health Expenditure Accounts,https://www.cms.gov/data-research/statistics-trends-and-reports/national-health-expenditure-data/state-residence
USA,SC,South Carolina,Southeast,2019,2019,8345.0,USD,All-payer personal health care expenditure per capita,CMS State Health Expenditure Accounts,https://www.cms.gov/data-research/statistics-trends-and-reports/national-health-expenditure-data/state-residence
USA,SC,South Carolina,Southeast,2020,2020,8766.0,USD,All-payer personal health care expenditure per capita,CMS State Health Expenditure Accounts,https://www.cms.gov/data-research/statistics-trends-and-reports/national-health-expenditure-data/state-residence
USA,SD,South Dakota,Plains,1991,1991,2420.0,USD,All-payer personal health care expenditure per capita,CMS State Health Expenditure Accounts,https://www.cms.gov/data-research/statistics-trends-and-reports/national-health-expenditure-data/state-residence
USA,SD,South Dakota,Plains,1992,1992,2552.0,USD,All-payer personal health care expenditure per capita,CMS State Health Expenditure Accounts,https://www.cms.gov/data-research/statistics-trends-and-reports/national-health-expenditure-data/state-residence
USA,SD,South Dakota,Plains,1993,1993,2656.0,USD,All-payer personal health care expenditure per capita,CMS State Health Expenditure Accounts,https://www.cms.gov/data-research/statistics-trends-and-reports/national-health-expenditure-data/state-residence
USA,SD,South Dakota,Plains,1994,1994,2902.0,USD,All-payer personal health care expenditure per capita,CMS State Health Expenditure Accounts,https://www.cms.gov/data-research/statistics-trends-and-reports/national-health-expenditure-data/state-residence
USA,SD,South Dakota,Plains,1995,1995,3065.0,USD,All-payer personal health care expenditure per capita,CMS State Health Expenditure Accounts,https://www.cms.gov/data-research/statistics-trends-and-reports/national-health-expenditure-data/state-residence
USA,SD,South Dakota,Plains,1996,1996,3272.0,USD,All-payer personal health care expenditure per capita,CMS State Health Expenditure Accounts,https://www.cms.gov/data-research/statistics-trends-and-reports/national-health-expenditure-data/state-residence
USA,SD,South Dakota,Plains,1997,1997,3475.0,USD,All-payer personal health care expenditure per capita,CMS State Health Expenditure Accounts,https://www.cms.gov/data-research/statistics-trends-and-reports/national-health-expenditure-data/state-residence
USA,SD,South Dakota,Plains,1998,1998,3639.0,USD,All-payer personal health care expenditure per capita,CMS State Health Expenditure Accounts,https://www.cms.gov/data-research/statistics-trends-and-reports/national-health-expenditure-data/state-residence
USA,SD,South Dakota,Plains,1999,1999,3935.0,USD,All-payer personal health care expenditure per capita,CMS State Health Expenditure Accounts,https://www.cms.gov/data-research/statistics-trends-and-reports/national-health-expenditure-data/state-residence
USA,SD,South Dakota,Plains,2000,2000,4157.0,USD,All-payer personal health care expenditure per capita,CMS State Health Expenditure Accounts,https://www.cms.gov/data-research/statistics-trends-and-reports/national-health-expenditure-data/state-residence
USA,SD,South Dakota,Plains,2001,2001,4374.0,USD,All-payer personal health care expenditure per capita,CMS State Health Expenditure Accounts,https://www.cms.gov/data-research/statistics-trends-and-reports/national-health-expenditure-data/state-residence
USA,SD,South Dakota,Plains,2002,2002,4836.0,USD,All-payer personal health care expenditure per capita,CMS State Health Expenditure Accounts,https://www.cms.gov/data-research/statistics-trends-and-reports/national-health-expenditure-data/state-residence
USA,SD,South Dakota,Plains,2003,2003,5182.0,USD,All-payer personal health care expenditure per capita,CMS State Health Expenditure Accounts,https://www.cms.gov/data-research/statistics-trends-and-reports/national-health-expenditure-data/state-residence
USA,SD,South Dakota,Plains,2004,2004,5414.0,USD,All-payer personal health care expenditure per capita,CMS State Health Expenditure Accounts,https://www.cms.gov/data-research/statistics-trends-and-reports/national-health-expenditure-data/state-residence
USA,SD,South Dakota,Plains,2005,2005,5887.0,USD,All-payer personal health care expenditure per capita,CMS State Health Expenditure Accounts,https://www.cms.gov/data-research/statistics-trends-and-reports/national-health-expenditure-data/state-residence
USA,SD,South Dakota,Plains,2006,2006,6267.0,USD,All-payer personal health care expenditure per capita,CMS State Health Expenditure Accounts,https://www.cms.gov/data-research/statistics-trends-and-reports/national-health-expenditure-data/state-residence
USA,SD,South Dakota,Plains,2007,2007,6591.0,USD,All-payer personal health care expenditure per capita,CMS State Health Expenditure Accounts,https://www.cms.gov/data-research/statistics-trends-and-reports/national-health-expenditure-data/state-residence
USA,SD,South Dakota,Plains,2008,2008,6969.0,USD,All-payer personal health care expenditure per capita,CMS State Health Expenditure Accounts,https://www.cms.gov/data-research/statistics-trends-and-reports/national-health-expenditure-data/state-residence
USA,SD,South Dakota,Plains,2009,2009,7372.0,USD,All-payer personal health care expenditure per capita,CMS State Health Expenditure Accounts,https://www.cms.gov/data-research/statistics-trends-and-reports/national-health-expenditure-data/state-residence
USA,SD,South Dakota,Plains,2010,2010,7766.0,USD,All-payer personal health care expenditure per capita,CMS State Health Expenditure Accounts,https://www.cms.gov/data-research/statistics-trends-and-reports/national-health-expenditure-data/state-residence
USA,SD,South Dakota,Plains,2011,2011,8154.0,USD,All-payer personal health care expenditure per capita,CMS State Health Expenditure Accounts,https://www.cms.gov/data-research/statistics-trends-and-reports/national-health-expenditure-data/state-residence
USA,SD,South Dakota,Plains,2012,2012,8452.0,USD,All-payer personal health care expenditure per capita,CMS State Health Expenditure Accounts,https://www.cms.gov/data-research/statistics-trends-and-reports/national-health-expenditure-data/state-residence
USA,SD,South Dakota,Plains,2013,2013,8674.0,USD,All-payer personal health care expenditure per capita,CMS State Health Expenditure Accounts,https://www.cms.gov/data-research/statistics-trends-and-reports/national-health-expenditure-data/state-residence
USA,SD,South Dakota,Plains,2014,2014,9103.0,USD,All-payer personal health care expenditure per capita,CMS State Health Expenditure Accounts,https://www.cms.gov/data-research/statistics-trends-and-reports/national-health-expenditure-data/state-residence
USA,SD,South Dakota,Plains,2015,2015,9627.0,USD,All-payer personal health care expenditure per capita,CMS State Health Expenditure Accounts,https://www.cms.gov/data-research/statistics-trends-and-reports/national-health-expenditure-data/state-residence
USA,SD,South Dakota,Plains,2016,2016,10046.0,USD,All-payer personal health care expenditure per capita,CMS State Health Expenditure Accounts,https://www.cms.gov/data-research/statistics-trends-and-reports/national-health-expenditure-data/state-residence
USA,SD,South Dakota,Plains,2017,2017,10440.0,USD,All-payer personal health care expenditure per capita,CMS State Health Expenditure Accounts,https://www.cms.gov/data-research/statistics-trends-and-reports/national-health-expenditure-data/state-residence
USA,SD,South Dakota,Plains,2018,2018,11086.0,USD,All-payer personal health care expenditure per capita,CMS State Health Expenditure Accounts,https://www.cms.gov/data-research/statistics-trends-and-reports/national-health-expenditure-data/state-residence
USA,SD,South Dakota,Plains,2019,2019,11627.0,USD,All-payer personal health care expenditure per capita,CMS State Health Expenditure Accounts,https://www.cms.gov/data-research/statistics-trends-and-reports/national-health-expenditure-data/state-residence
USA,SD,South Dakota,Plains,2020,2020,12495.0,USD,All-payer personal health care expenditure per capita,CMS State Health Expenditure Accounts,https://www.cms.gov/data-research/statistics-trends-and-reports/national-health-expenditure-data/state-residence
USA,TN,Tennessee,Southeast,1991,1991,2544.0,USD,All-payer personal health care expenditure per capita,CMS State Health Expenditure Accounts,https://www.cms.gov/data-research/statistics-trends-and-reports/national-health-expenditure-data/state-residence
USA,TN,Tennessee,Southeast,1992,1992,2758.0,USD,All-payer personal health care expenditure per capita,CMS State Health Expenditure Accounts,https://www.cms.gov/data-research/statistics-trends-and-reports/national-health-expenditure-data/state-residence
USA,TN,Tennessee,Southeast,1993,1993,2938.0,USD,All-payer personal health care expenditure per capita,CMS State Health Expenditure Accounts,https://www.cms.gov/data-research/statistics-trends-and-reports/national-health-expenditure-data/state-residence
USA,TN,Tennessee,Southeast,1994,1994,3049.0,USD,All-payer personal health care expenditure per capita,CMS State Health Expenditure Accounts,https://www.cms.gov/data-research/statistics-trends-and-reports/national-health-expenditure-data/state-residence
USA,TN,Tennessee,Southeast,1995,1995,3256.0,USD,All-payer personal health care expenditure per capita,CMS State Health Expenditure Accounts,https://www.cms.gov/data-research/statistics-trends-and-reports/national-health-expenditure-data/state-residence
USA,TN,Tennessee,Southeast,1996,1996,3417.0,USD,All-payer personal health care expenditure per capita,CMS State Health Expenditure Accounts,https://www.cms.gov/data-research/statistics-trends-and-reports/national-health-expenditure-data/state-residence
USA,TN,Tennessee,Southeast,1997,1997,3594.0,USD,All-payer personal health care expenditure per capita,CMS State Health Expenditure Accounts,https://www.cms.gov/data-research/statistics-trends-and-reports/national-health-expenditure-data/state-residence
USA,TN,Tennessee,Southeast,1998,1998,3694.0,USD,All-payer personal health care expenditure per capita,CMS State Health Expenditure Accounts,https://www.cms.gov/data-research/statistics-trends-and-reports/national-health-expenditure-data/state-residence
USA,TN,Tennessee,Southeast,1999,1999,3827.0,USD,All-payer personal health care expenditure per capita,CMS State Health Expenditure Accounts,https://www.cms.gov/data-research/statistics-trends-and-reports/national-health-expenditure-data/state-residence
USA,TN,Tennessee,Southeast,2000,2000,4086.0,USD,All-payer personal health care expenditure per capita,CMS State Health Expenditure Accounts,https://www.cms.gov/data-research/statistics-trends-and-reports/national-health-expenditure-data/state-residence
USA,TN,Tennessee,Southeast,2001,2001,4470.0,USD,All-payer personal health care expenditure per capita,CMS State Health Expenditure Accounts,https://www.cms.gov/data-research/statistics-trends-and-reports/national-health-expenditure-data/state-residence
USA,TN,Tennessee,Southeast,2002,2002,4688.0,USD,All-payer personal health care expenditure per capita,CMS State Health Expenditure Accounts,https://www.cms.gov/data-research/statistics-trends-and-reports/national-health-expenditure-data/state-residence
USA,TN,Tennessee,Southeast,2003,2003,5085.0,USD,All-payer personal health care expenditure per capita,CMS State Health Expenditure Accounts,https://www.cms.gov/data-research/statistics-trends-and-reports/national-health-expenditure-data/state-residence
USA,TN,Tennessee,Southeast,2004,2004,5500.0,USD,All-payer personal health care expenditure per capita,CMS State Health Expenditure Accounts,https://www.cms.gov/data-research/statistics-trends-and-reports/national-health-expenditure-data/state-residence
USA,TN,Tennessee,Southeast,2005,2005,5765.0,USD,All-payer personal health care expenditure per capita,CMS State Health Expenditure Accounts,https://www.cms.gov/data-research/statistics-trends-and-reports/national-health-expenditure-data/state-residence
USA,TN,Tennessee,Southeast,2006,2006,5958.0,USD,All-payer personal health care expenditure per capita,CMS State Health Expenditure Accounts,https://www.cms.gov/data-research/statistics-trends-and-reports/national-health-expenditure-data/state-residence
USA,TN,Tennessee,Southeast,2007,2007,6231.0,USD,All-payer personal health care expenditure per capita,CMS State Health Expenditure Accounts,https://www.cms.gov/data-research/statistics-trends-and-reports/national-health-expenditure-data/state-residence
USA,TN,Tennessee,Southeast,2008,2008,6310.0,USD,All-payer personal health care expenditure per capita,CMS State Health Expenditure Accounts,https://www.cms.gov/data-research/statistics-trends-and-reports/national-health-expenditure-data/state-residence
USA,TN,Tennessee,Southeast,2009,2009,6497.0,USD,All-payer personal health care expenditure per capita,CMS State Health Expenditure Accounts,https://www.cms.gov/data-research/statistics-trends-and-reports/national-health-expenditure-data/state-residence
USA,TN,Tennessee,Southeast,2010,2010,6630.0,USD,All-payer personal health care expenditure per capita,CMS State Health Expenditure Accounts,https://www.cms.gov/data-research/statistics-trends-and-reports/national-health-expenditure-data/state-residence
USA,TN,Tennessee,Southeast,2011,2011,6738.0,USD,All-payer personal health care expenditure per capita,CMS State Health Expenditure Accounts,https://www.cms.gov/data-research/statistics-trends-and-reports/national-health-expenditure-data/state-residence
USA,TN,Tennessee,Southeast,2012,2012,7011.0,USD,All-payer personal health care expenditure per capita,CMS State Health Expenditure Accounts,https://www.cms.gov/data-research/statistics-trends-and-reports/national-health-expenditure-data/state-residence
USA,TN,Tennessee,Southeast,2013,2013,7128.0,USD,All-payer personal health care expenditure per capita,CMS State Health Expenditure Accounts,https://www.cms.gov/data-research/statistics-trends-and-reports/national-health-expenditure-data/state-residence
USA,TN,Tennessee,Southeast,2014,2014,7418.0,USD,All-payer personal health care expenditure per capita,CMS State Health Expenditure Accounts,https://www.cms.gov/data-research/statistics-trends-and-reports/national-health-expenditure-data/state-residence
USA,TN,Tennessee,Southeast,2015,2015,7806.0,USD,All-payer personal health care expenditure per capita,CMS State Health Expenditure Accounts,https://www.cms.gov/data-research/statistics-trends-and-reports/national-health-expenditure-data/state-residence
USA,TN,Tennessee,Southeast,2016,2016,8065.0,USD,All-payer personal health care expenditure per capita,CMS State Health Expenditure Accounts,https://www.cms.gov/data-research/statistics-trends-and-reports/national-health-expenditure-data/state-residence
USA,TN,Tennessee,Southeast,2017,2017,8485.0,USD,All-payer personal health care expenditure per capita,CMS State Health Expenditure Accounts,https://www.cms.gov/data-research/statistics-trends-and-reports/national-health-expenditure-data/state-residence
USA,TN,Tennessee,Southeast,2018,2018,8565.0,USD,All-payer personal health care expenditure per capita,CMS State Health Expenditure Accounts,https://www.cms.gov/data-research/statistics-trends-and-reports/national-health-expenditure-data/state-residence
USA,TN,Tennessee,Southeast,2019,2019,8827.0,USD,All-payer personal health care expenditure per capita,CMS State Health Expenditure Accounts,https://www.cms.gov/data-research/statistics-trends-and-reports/national-health-expenditure-data/state-residence
USA,TN,Tennessee,Southeast,2020,2020,9336.0,USD,All-payer personal health care expenditure per capita,CMS State Health Expenditure Accounts,https://www.cms.gov/data-research/statistics-trends-and-reports/national-health-expenditure-data/state-residence
USA,TX,Texas,Southwest,1991,1991,2339.0,USD,All-payer personal health care expenditure per capita,CMS State Health Expenditure Accounts,https://www.cms.gov/data-research/statistics-trends-and-reports/national-health-expenditure-data/state-residence
USA,TX,Texas,Southwest,1992,1992,2516.0,USD,All-payer personal health care expenditure per capita,CMS State Health Expenditure Accounts,https://www.cms.gov/data-research/statistics-trends-and-reports/national-health-expenditure-data/state-residence
USA,TX,Texas,Southwest,1993,1993,2643.0,USD,All-payer personal health care expenditure per capita,CMS State Health Expenditure Accounts,https://www.cms.gov/data-research/statistics-trends-and-reports/national-health-expenditure-data/state-residence
USA,TX,Texas,Southwest,1994,1994,2709.0,USD,All-payer personal health care expenditure per capita,CMS State Health Expenditure Accounts,https://www.cms.gov/data-research/statistics-trends-and-reports/national-health-expenditure-data/state-residence
USA,TX,Texas,Southwest,1995,1995,2857.0,USD,All-payer personal health care expenditure per capita,CMS State Health Expenditure Accounts,https://www.cms.gov/data-research/statistics-trends-and-reports/national-health-expenditure-data/state-residence
USA,TX,Texas,Southwest,1996,1996,3004.0,USD,All-payer personal health care expenditure per capita,CMS State Health Expenditure Accounts,https://www.cms.gov/data-research/statistics-trends-and-reports/national-health-expenditure-data/state-residence
USA,TX,Texas,Southwest,1997,1997,3187.0,USD,All-payer personal health care expenditure per capita,CMS State Health Expenditure Accounts,https://www.cms.gov/data-research/statistics-trends-and-reports/national-health-expenditure-data/state-residence
USA,TX,Texas,Southwest,1998,1998,3300.0,USD,All-payer personal health care expenditure per capita,CMS State Health Expenditure Accounts,https://www.cms.gov/data-research/statistics-trends-and-reports/national-health-expenditure-data/state-residence
USA,TX,Texas,Southwest,1999,1999,3470.0,USD,All-payer personal health care expenditure per capita,CMS State Health Expenditure Accounts,https://www.cms.gov/data-research/statistics-trends-and-reports/national-health-expenditure-data/state-residence
USA,TX,Texas,Southwest,2000,2000,3639.0,USD,All-payer personal health care expenditure per capita,CMS State Health Expenditure Accounts,https://www.cms.gov/data-research/statistics-trends-and-reports/national-health-expenditure-data/state-residence
USA,TX,Texas,Southwest,2001,2001,3924.0,USD,All-payer personal health care expenditure per capita,CMS State Health Expenditure Accounts,https://www.cms.gov/data-research/statistics-trends-and-reports/national-health-expenditure-data/state-residence
USA,TX,Texas,Southwest,2002,2002,4251.0,USD,All-payer personal health care expenditure per capita,CMS State Health Expenditure Accounts,https://www.cms.gov/data-research/statistics-trends-and-reports/national-health-expenditure-data/state-residence
USA,TX,Texas,Southwest,2003,2003,4445.0,USD,All-payer personal health care expenditure per capita,CMS State Health Expenditure Accounts,https://www.cms.gov/data-research/statistics-trends-and-reports/national-health-expenditure-data/state-residence
USA,TX,Texas,Southwest,2004,2004,4660.0,USD,All-payer personal health care expenditure per capita,CMS State Health Expenditure Accounts,https://www.cms.gov/data-research/statistics-trends-and-reports/national-health-expenditure-data/state-residence
USA,TX,Texas,Southwest,2005,2005,5046.0,USD,All-payer personal health care expenditure per capita,CMS State Health Expenditure Accounts,https://www.cms.gov/data-research/statistics-trends-and-reports/national-health-expenditure-data/state-residence
USA,TX,Texas,Southwest,2006,2006,5275.0,USD,All-payer personal health care expenditure per capita,CMS State Health Expenditure Accounts,https://www.cms.gov/data-research/statistics-trends-and-reports/national-health-expenditure-data/state-residence
USA,TX,Texas,Southwest,2007,2007,5497.0,USD,All-payer personal health care expenditure per capita,CMS State Health Expenditure Accounts,https://www.cms.gov/data-research/statistics-trends-and-reports/national-health-expenditure-data/state-residence
USA,TX,Texas,Southwest,2008,2008,5741.0,USD,All-payer personal health care expenditure per capita,CMS State Health Expenditure Accounts,https://www.cms.gov/data-research/statistics-trends-and-reports/national-health-expenditure-data/state-residence
USA,TX,Texas,Southwest,2009,2009,5973.0,USD,All-payer personal health care expenditure per capita,CMS State Health Expenditure Accounts,https://www.cms.gov/data-research/statistics-trends-and-reports/national-health-expenditure-data/state-residence
USA,TX,Texas,Southwest,2010,2010,6111.0,USD,All-payer personal health care expenditure per capita,CMS State Health Expenditure Accounts,https://www.cms.gov/data-research/statistics-trends-and-reports/national-health-expenditure-data/state-residence
USA,TX,Texas,Southwest,2011,2011,6259.0,USD,All-payer personal health care expenditure per capita,CMS State Health Expenditure Accounts,https://www.cms.gov/data-research/statistics-trends-and-reports/national-health-expenditure-data/state-residence
USA,TX,Texas,Southwest,2012,2012,6475.0,USD,All-payer personal health care expenditure per capita,CMS State Health Expenditure Accounts,https://www.cms.gov/data-research/statistics-trends-and-reports/national-health-expenditure-data/state-residence
USA,TX,Texas,Southwest,2013,2013,6510.0,USD,All-payer personal health care expenditure per capita,CMS State Health Expenditure Accounts,https://www.cms.gov/data-research/statistics-trends-and-reports/national-health-expenditure-data/state-residence
USA,TX,Texas,Southwest,2014,2014,6825.0,USD,All-payer personal health care expenditure per capita,CMS State Health Expenditure Accounts,https://www.cms.gov/data-research/statistics-trends-and-reports/national-health-expenditure-data/state-residence
USA,TX,Texas,Southwest,2015,2015,7217.0,USD,All-payer personal health care expenditure per capita,CMS State Health Expenditure Accounts,https://www.cms.gov/data-research/statistics-trends-and-reports/national-health-expenditure-data/state-residence
USA,TX,Texas,Southwest,2016,2016,7393.0,USD,All-payer personal health care expenditure per capita,CMS State Health Expenditure Accounts,https://www.cms.gov/data-research/statistics-trends-and-reports/national-health-expenditure-data/state-residence
USA,TX,Texas,Southwest,2017,2017,7572.0,USD,All-payer personal health care expenditure per capita,CMS State Health Expenditure Accounts,https://www.cms.gov/data-research/statistics-trends-and-reports/national-health-expenditure-data/state-residence
USA,TX,Texas,Southwest,2018,2018,7711.0,USD,All-payer personal health care expenditure per capita,CMS State Health Expenditure Accounts,https://www.cms.gov/data-research/statistics-trends-and-reports/national-health-expenditure-data/state-residence
USA,TX,Texas,Southwest,2019,2019,8028.0,USD,All-payer personal health care expenditure per capita,CMS State Health Expenditure Accounts,https://www.cms.gov/data-research/statistics-trends-and-reports/national-health-expenditure-data/state-residence
USA,TX,Texas,Southwest,2020,2020,8406.0,USD,All-payer personal health care expenditure per capita,CMS State Health Expenditure Accounts,https://www.cms.gov/data-research/statistics-trends-and-reports/national-health-expenditure-data/state-residence
USA,UT,Utah,Rocky Mountain,1991,1991,1966.0,USD,All-payer personal health care expenditure per capita,CMS State Health Expenditure Accounts,https://www.cms.gov/data-research/statistics-trends-and-reports/national-health-expenditure-data/state-residence
USA,UT,Utah,Rocky Mountain,1992,1992,2055.0,USD,All-payer personal health care expenditure per capita,CMS State Health Expenditure Accounts,https://www.cms.gov/data-research/statistics-trends-and-reports/national-health-expenditure-data/state-residence
USA,UT,Utah,Rocky Mountain,1993,1993,2173.0,USD,All-payer personal health care expenditure per capita,CMS State Health Expenditure Accounts,https://www.cms.gov/data-research/statistics-trends-and-reports/national-health-expenditure-data/state-residence
USA,UT,Utah,Rocky Mountain,1994,1994,2221.0,USD,All-payer personal health care expenditure per capita,CMS State Health Expenditure Accounts,https://www.cms.gov/data-research/statistics-trends-and-reports/national-health-expenditure-data/state-residence
USA,UT,Utah,Rocky Mountain,1995,1995,2333.0,USD,All-payer personal health care expenditure per capita,CMS State Health Expenditure Accounts,https://www.cms.gov/data-research/statistics-trends-and-reports/national-health-expenditure-data/state-residence
USA,UT,Utah,Rocky Mountain,1996,1996,2487.0,USD,All-payer personal health care expenditure per capita,CMS State Health Expenditure Accounts,https://www.cms.gov/data-research/statistics-trends-and-reports/national-health-expenditure-data/state-residence
USA,UT,Utah,Rocky Mountain,1997,1997,2684.0,USD,All-payer personal health care expenditure per capita,CMS State Health Expenditure Accounts,https://www.cms.gov/data-research/statistics-trends-and-reports/national-health-expenditure-data/state-residence
USA,UT,Utah,Rocky Mountain,1998,1998,2746.0,USD,All-payer personal health care expenditure per capita,CMS State Health Expenditure Accounts,https://www.cms.gov/data-research/statistics-trends-and-reports/national-health-expenditure-data/state-residence
USA,UT,Utah,Rocky Mountain,1999,1999,2775.0,USD,All-payer personal health care expenditure per capita,CMS State Health Expenditure Accounts,https://www.cms.gov/data-research/statistics-trends-and-reports/national-health-expenditure-data/state-residence
USA,UT,Utah,Rocky Mountain,2000,2000,3027.0,USD,All-payer personal health care expenditure per capita,CMS State Health Expenditure Accounts,https://www.cms.gov/data-research/statistics-trends-and-reports/national-health-expenditure-data/state-residence
USA,UT,Utah,Rocky Mountain,2001,2001,3285.0,USD,All-payer personal health care expenditure per capita,CMS State Health Expenditure Accounts,https://www.cms.gov/data-research/statistics-trends-and-reports/national-health-expenditure-data/state-residence
USA,UT,Utah,Rocky Mountain,2002,2002,3619.0,USD,All-payer personal health care expenditure per capita,CMS State Health Expenditure Accounts,https://www.cms.gov/data-research/statistics-trends-and-reports/national-health-expenditure-data/state-residence
USA,UT,Utah,Rocky Mountain,2003,2003,3873.0,USD,All-payer personal health care expenditure per capita,CMS State Health Expenditure Accounts,https://www.cms.gov/data-research/statistics-trends-and-reports/national-health-expenditure-data/state-residence
USA,UT,Utah,Rocky Mountain,2004,2004,4158.0,USD,All-payer personal health care expenditure per capita,CMS State Health Expenditure Accounts,https://www.cms.gov/data-research/statistics-trends-and-reports/national-health-expenditure-data/state-residence
USA,UT,Utah,Rocky Mountain,2005,2005,4428.0,USD,All-payer personal health care expenditure per capita,CMS State Health Expenditure Accounts,https://www.cms.gov/data-research/statistics-trends-and-reports/national-health-expenditure-data/state-residence
USA,UT,Utah,Rocky Mountain,2006,2006,4635.0,USD,All-payer personal health care expenditure per capita,CMS State Health Expenditure Accounts,https://www.cms.gov/data-research/statistics-trends-and-reports/national-health-expenditure-data/state-residence
USA,UT,Utah,Rocky Mountain,2007,2007,4863.0,USD,All-payer personal health care expenditure per capita,CMS State Health Expenditure Accounts,https://www.cms.gov/data-research/statistics-trends-and-reports/national-health-expenditure-data/state-residence
USA,UT,Utah,Rocky Mountain,2008,2008,5021.0,USD,All-payer personal health care expenditure per capita,CMS State Health Expenditure Accounts,https://www.cms.gov/data-research/statistics-trends-and-reports/national-health-expenditure-data/state-residence
USA,UT,Utah,Rocky Mountain,2009,2009,5099.0,USD,All-payer personal health care expenditure per capita,CMS State Health Expenditure Accounts,https://www.cms.gov/data-research/statistics-trends-and-reports/national-health-expenditure-data/state-residence
USA,UT,Utah,Rocky Mountain,2010,2010,5133.0,USD,All-payer personal health care expenditure per capita,CMS State Health Expenditure Accounts,https://www.cms.gov/data-research/statistics-trends-and-reports/national-health-expenditure-data/state-residence
USA,UT,Utah,Rocky Mountain,2011,2011,5280.0,USD,All-payer personal health care expenditure per capita,CMS State Health Expenditure Accounts,https://www.cms.gov/data-research/statistics-trends-and-reports/national-health-expenditure-data/state-residence
USA,UT,Utah,Rocky Mountain,2012,2012,5474.0,USD,All-payer personal health care expenditure per capita,CMS State Health Expenditure Accounts,https://www.cms.gov/data-research/statistics-trends-and-reports/national-health-expenditure-data/state-residence
USA,UT,Utah,Rocky Mountain,2013,2013,5554.0,USD,All-payer personal health care expenditure per capita,CMS State Health Expenditure Accounts,https://www.cms.gov/data-research/statistics-trends-and-reports/national-health-expenditure-data/state-residence
USA,UT,Utah,Rocky Mountain,2014,2014,5825.0,USD,All-payer personal health care expenditure per capita,CMS State Health Expenditure Accounts,https://www.cms.gov/data-research/statistics-trends-and-reports/national-health-expenditure-data/state-residence
USA,UT,Utah,Rocky Mountain,2015,2015,6112.0,USD,All-payer personal health care expenditure per capita,CMS State Health Expenditure Accounts,https://www.cms.gov/data-research/statistics-trends-and-reports/national-health-expenditure-data/state-residence
USA,UT,Utah,Rocky Mountain,2016,2016,6398.0,USD,All-payer personal health care expenditure per capita,CMS State Health Expenditure Accounts,https://www.cms.gov/data-research/statistics-trends-and-reports/national-health-expenditure-data/state-residence
USA,UT,Utah,Rocky Mountain,2017,2017,6628.0,USD,All-payer personal health care expenditure per capita,CMS State Health Expenditure Accounts,https://www.cms.gov/data-research/statistics-trends-and-reports/national-health-expenditure-data/state-residence
USA,UT,Utah,Rocky Mountain,2018,2018,7008.0,USD,All-payer personal health care expenditure per capita,CMS State Health Expenditure Accounts,https://www.cms.gov/data-research/statistics-trends-and-reports/national-health-expenditure-data/state-residence
USA,UT,Utah,Rocky Mountain,2019,2019,7193.0,USD,All-payer personal health care expenditure per capita,CMS State Health Expenditure Accounts,https://www.cms.gov/data-research/statistics-trends-and-reports/national-health-expenditure-data/state-residence
USA,UT,Utah,Rocky Mountain,2020,2020,7522.0,USD,All-payer personal health care expenditure per capita,CMS State Health Expenditure Accounts,https://www.cms.gov/data-research/statistics-trends-and-reports/national-health-expenditure-data/state-residence
USA,VA,Virginia,Southeast,1991,1991,2340.0,USD,All-payer personal health care expenditure per capita,CMS State Health Expenditure Accounts,https://www.cms.gov/data-research/statistics-trends-and-reports/national-health-expenditure-data/state-residence
USA,VA,Virginia,Southeast,1992,1992,2419.0,USD,All-payer personal health care expenditure per capita,CMS State Health Expenditure Accounts,https://www.cms.gov/data-research/statistics-trends-and-reports/national-health-expenditure-data/state-residence
USA,VA,Virginia,Southeast,1993,1993,2544.0,USD,All-payer personal health care expenditure per capita,CMS State Health Expenditure Accounts,https://www.cms.gov/data-research/statistics-trends-and-reports/national-health-expenditure-data/state-residence
USA,VA,Virginia,Southeast,1994,1994,2656.0,USD,All-payer personal health care expenditure per capita,CMS State Health Expenditure Accounts,https://www.cms.gov/data-research/statistics-trends-and-reports/national-health-expenditure-data/state-residence
USA,VA,Virginia,Southeast,1995,1995,2772.0,USD,All-payer personal health care expenditure per capita,CMS State Health Expenditure Accounts,https://www.cms.gov/data-research/statistics-trends-and-reports/national-health-expenditure-data/state-residence
USA,VA,Virginia,Southeast,1996,1996,2942.0,USD,All-payer personal health care expenditure per capita,CMS State Health Expenditure Accounts,https://www.cms.gov/data-research/statistics-trends-and-reports/national-health-expenditure-data/state-residence
USA,VA,Virginia,Southeast,1997,1997,3102.0,USD,All-payer personal health care expenditure per capita,CMS State Health Expenditure Accounts,https://www.cms.gov/data-research/statistics-trends-and-reports/national-health-expenditure-data/state-residence
USA,VA,Virginia,Southeast,1998,1998,3239.0,USD,All-payer personal health care expenditure per capita,CMS State Health Expenditure Accounts,https://www.cms.gov/data-research/statistics-trends-and-reports/national-health-expenditure-data/state-residence
USA,VA,Virginia,Southeast,1999,1999,3354.0,USD,All-payer personal health care expenditure per capita,CMS State Health Expenditure Accounts,https://www.cms.gov/data-research/statistics-trends-and-reports/national-health-expenditure-data/state-residence
USA,VA,Virginia,Southeast,2000,2000,3661.0,USD,All-payer personal health care expenditure per capita,CMS State Health Expenditure Accounts,https://www.cms.gov/data-research/statistics-trends-and-reports/national-health-expenditure-data/state-residence
USA,VA,Virginia,Southeast,2001,2001,3850.0,USD,All-payer personal health care expenditure per capita,CMS State Health Expenditure Accounts,https://www.cms.gov/data-research/statistics-trends-and-reports/national-health-expenditure-data/state-residence
USA,VA,Virginia,Southeast,2002,2002,4194.0,USD,All-payer personal health care expenditure per capita,CMS State Health Expenditure Accounts,https://www.cms.gov/data-research/statistics-trends-and-reports/national-health-expenditure-data/state-residence
USA,VA,Virginia,Southeast,2003,2003,4550.0,USD,All-payer personal health care expenditure per capita,CMS State Health Expenditure Accounts,https://www.cms.gov/data-research/statistics-trends-and-reports/national-health-expenditure-data/state-residence
USA,VA,Virginia,Southeast,2004,2004,4877.0,USD,All-payer personal health care expenditure per capita,CMS State Health Expenditure Accounts,https://www.cms.gov/data-research/statistics-trends-and-reports/national-health-expenditure-data/state-residence
USA,VA,Virginia,Southeast,2005,2005,5178.0,USD,All-payer personal health care expenditure per capita,CMS State Health Expenditure Accounts,https://www.cms.gov/data-research/statistics-trends-and-reports/national-health-expenditure-data/state-residence
USA,VA,Virginia,Southeast,2006,2006,5484.0,USD,All-payer personal health care expenditure per capita,CMS State Health Expenditure Accounts,https://www.cms.gov/data-research/statistics-trends-and-reports/national-health-expenditure-data/state-residence
USA,VA,Virginia,Southeast,2007,2007,5803.0,USD,All-payer personal health care expenditure per capita,CMS State Health Expenditure Accounts,https://www.cms.gov/data-research/statistics-trends-and-reports/national-health-expenditure-data/state-residence
USA,VA,Virginia,Southeast,2008,2008,6098.0,USD,All-payer personal health care expenditure per capita,CMS State Health Expenditure Accounts,https://www.cms.gov/data-research/statistics-trends-and-reports/national-health-expenditure-data/state-residence
USA,VA,Virginia,Southeast,2009,2009,6414.0,USD,All-payer personal health care expenditure per capita,CMS State Health Expenditure Accounts,https://www.cms.gov/data-research/statistics-trends-and-reports/national-health-expenditure-data/state-residence
USA,VA,Virginia,Southeast,2010,2010,6548.0,USD,All-payer personal health care expenditure per capita,CMS State Health Expenditure Accounts,https://www.cms.gov/data-research/statistics-trends-and-reports/national-health-expenditure-data/state-residence
USA,VA,Virginia,Southeast,2011,2011,6790.0,USD,All-payer personal health care expenditure per capita,CMS State Health Expenditure Accounts,https://www.cms.gov/data-research/statistics-trends-and-reports/national-health-expenditure-data/state-residence
USA,VA,Virginia,Southeast,2012,2012,7045.0,USD,All-payer personal health care expenditure per capita,CMS State Health Expenditure Accounts,https://www.cms.gov/data-research/statistics-trends-and-reports/national-health-expenditure-data/state-residence
USA,VA,Virginia,Southeast,2013,2013,7192.0,USD,All-payer personal health care expenditure per capita,CMS State Health Expenditure Accounts,https://www.cms.gov/data-research/statistics-trends-and-reports/national-health-expenditure-data/state-residence
USA,VA,Virginia,Southeast,2014,2014,7449.0,USD,All-payer personal health care expenditure per capita,CMS State Health Expenditure Accounts,https://www.cms.gov/data-research/statistics-trends-and-reports/national-health-expenditure-data/state-residence
USA,VA,Virginia,Southeast,2015,2015,7750.0,USD,All-payer personal health care expenditure per capita,CMS State Health Expenditure Accounts,https://www.cms.gov/data-research/statistics-trends-and-reports/national-health-expenditure-data/state-residence
USA,VA,Virginia,Southeast,2016,2016,7987.0,USD,All-payer personal health care expenditure per capita,CMS State Health Expenditure Accounts,https://www.cms.gov/data-research/statistics-trends-and-reports/national-health-expenditure-data/state-residence
USA,VA,Virginia,Southeast,2017,2017,8176.0,USD,All-payer personal health care expenditure per capita,CMS State Health Expenditure Accounts,https://www.cms.gov/data-research/statistics-trends-and-reports/national-health-expenditure-data/state-residence
USA,VA,Virginia,Southeast,2018,2018,8425.0,USD,All-payer personal health care expenditure per capita,CMS State Health Expenditure Accounts,https://www.cms.gov/data-research/statistics-trends-and-reports/national-health-expenditure-data/state-residence
USA,VA,Virginia,Southeast,2019,2019,8826.0,USD,All-payer personal health care expenditure per capita,CMS State Health Expenditure Accounts,https://www.cms.gov/data-research/statistics-trends-and-reports/national-health-expenditure-data/state-residence
USA,VA,Virginia,Southeast,2020,2020,9195.0,USD,All-payer personal health care expenditure per capita,CMS State Health Expenditure Accounts,https://www.cms.gov/data-research/statistics-trends-and-reports/national-health-expenditure-data/state-residence
USA,VT,Vermont,New England,1991,1991,2328.0,USD,All-payer personal health care expenditure per capita,CMS State Health Expenditure Accounts,https://www.cms.gov/data-research/statistics-trends-and-reports/national-health-expenditure-data/state-residence
USA,VT,Vermont,New England,1992,1992,2469.0,USD,All-payer personal health care expenditure per capita,CMS State Health Expenditure Accounts,https://www.cms.gov/data-research/statistics-trends-and-reports/national-health-expenditure-data/state-residence
USA,VT,Vermont,New England,1993,1993,2623.0,USD,All-payer personal health care expenditure per capita,CMS State Health Expenditure Accounts,https://www.cms.gov/data-research/statistics-trends-and-reports/national-health-expenditure-data/state-residence
USA,VT,Vermont,New England,1994,1994,2777.0,USD,All-payer personal health care expenditure per capita,CMS State Health Expenditure Accounts,https://www.cms.gov/data-research/statistics-trends-and-reports/national-health-expenditure-data/state-residence
USA,VT,Vermont,New England,1995,1995,3039.0,USD,All-payer personal health care expenditure per capita,CMS State Health Expenditure Accounts,https://www.cms.gov/data-research/statistics-trends-and-reports/national-health-expenditure-data/state-residence
USA,VT,Vermont,New England,1996,1996,3184.0,USD,All-payer personal health care expenditure per capita,CMS State Health Expenditure Accounts,https://www.cms.gov/data-research/statistics-trends-and-reports/national-health-expenditure-data/state-residence
USA,VT,Vermont,New England,1997,1997,3444.0,USD,All-payer personal health care expenditure per capita,CMS State Health Expenditure Accounts,https://www.cms.gov/data-research/statistics-trends-and-reports/national-health-expenditure-data/state-residence
USA,VT,Vermont,New England,1998,1998,3682.0,USD,All-payer personal health care expenditure per capita,CMS State Health Expenditure Accounts,https://www.cms.gov/data-research/statistics-trends-and-reports/national-health-expenditure-data/state-residence
USA,VT,Vermont,New England,1999,1999,4033.0,USD,All-payer personal health care expenditure per capita,CMS State Health Expenditure Accounts,https://www.cms.gov/data-research/statistics-trends-and-reports/national-health-expenditure-data/state-residence
USA,VT,Vermont,New England,2000,2000,4398.0,USD,All-payer personal health care expenditure per capita,CMS State Health Expenditure Accounts,https://www.cms.gov/data-research/statistics-trends-and-reports/national-health-expenditure-data/state-residence
USA,VT,Vermont,New England,2001,2001,4792.0,USD,All-payer personal health care expenditure per capita,CMS State Health Expenditure Accounts,https://www.cms.gov/data-research/statistics-trends-and-reports/national-health-expenditure-data/state-residence
USA,VT,Vermont,New England,2002,2002,5260.0,USD,All-payer personal health care expenditure per capita,CMS State Health Expenditure Accounts,https://www.cms.gov/data-research/statistics-trends-and-reports/national-health-expenditure-data/state-residence
USA,VT,Vermont,New England,2003,2003,5840.0,USD,All-payer personal health care expenditure per capita,CMS State Health Expenditure Accounts,https://www.cms.gov/data-research/statistics-trends-and-reports/national-health-expenditure-data/state-residence
USA,VT,Vermont,New England,2004,2004,6233.0,USD,All-payer personal health care expenditure per capita,CMS State Health Expenditure Accounts,https://www.cms.gov/data-research/statistics-trends-and-reports/national-health-expenditure-data/state-residence
USA,VT,Vermont,New England,2005,2005,6665.0,USD,All-payer personal health care expenditure per capita,CMS State Health Expenditure Accounts,https://www.cms.gov/data-research/statistics-trends-and-reports/national-health-expenditure-data/state-residence
USA,VT,Vermont,New England,2006,2006,7304.0,USD,All-payer personal health care expenditure per capita,CMS State Health Expenditure Accounts,https://www.cms.gov/data-research/statistics-trends-and-reports/national-health-expenditure-data/state-residence
USA,VT,Vermont,New England,2007,2007,7654.0,USD,All-payer personal health care expenditure per capita,CMS State Health Expenditure Accounts,https://www.cms.gov/data-research/statistics-trends-and-reports/national-health-expenditure-data/state-residence
USA,VT,Vermont,New England,2008,2008,7972.0,USD,All-payer personal health care expenditure per capita,CMS State Health Expenditure Accounts,https://www.cms.gov/data-research/statistics-trends-and-reports/national-health-expenditure-data/state-residence
USA,VT,Vermont,New England,2009,2009,8464.0,USD,All-payer personal health care expenditure per capita,CMS State Health Expenditure Accounts,https://www.cms.gov/data-research/statistics-trends-and-reports/national-health-expenditure-data/state-residence
USA,VT,Vermont,New England,2010,2010,8850.0,USD,All-payer personal health care expenditure per capita,CMS State Health Expenditure Accounts,https://www.cms.gov/data-research/statistics-trends-and-reports/national-health-expenditure-data/state-residence
USA,VT,Vermont,New England,2011,2011,9209.0,USD,All-payer personal health care expenditure per capita,CMS State Health Expenditure Accounts,https://www.cms.gov/data-research/statistics-trends-and-reports/national-health-expenditure-data/state-residence
USA,VT,Vermont,New England,2012,2012,9679.0,USD,All-payer personal health care expenditure per capita,CMS State Health Expenditure Accounts,https://www.cms.gov/data-research/statistics-trends-and-reports/national-health-expenditure-data/state-residence
USA,VT,Vermont,New England,2013,2013,10247.0,USD,All-payer personal health care expenditure per capita,CMS State Health Expenditure Accounts,https://www.cms.gov/data-research/statistics-trends-and-reports/national-health-expenditure-data/state-residence
USA,VT,Vermont,New England,2014,2014,10589.0,USD,All-payer personal health care expenditure per capita,CMS State Health Expenditure Accounts,https://www.cms.gov/data-research/statistics-trends-and-reports/national-health-expenditure-data/state-residence
USA,VT,Vermont,New England,2015,2015,11010.0,USD,All-payer personal health care expenditure per capita,CMS State Health Expenditure Accounts,https://www.cms.gov/data-research/statistics-trends-and-reports/national-health-expenditure-data/state-residence
USA,VT,Vermont,New England,2016,2016,11246.0,USD,All-payer personal health care expenditure per capita,CMS State Health Expenditure Accounts,https://www.cms.gov/data-research/statistics-trends-and-reports/national-health-expenditure-data/state-residence
USA,VT,Vermont,New England,2017,2017,11521.0,USD,All-payer personal health care expenditure per capita,CMS State Health Expenditure Accounts,https://www.cms.gov/data-research/statistics-trends-and-reports/national-health-expenditure-data/state-residence
USA,VT,Vermont,New England,2018,2018,11797.0,USD,All-payer personal health care expenditure per capita,CMS State Health Expenditure Accounts,https://www.cms.gov/data-research/statistics-trends-and-reports/national-health-expenditure-data/state-residence
USA,VT,Vermont,New England,2019,2019,12159.0,USD,All-payer personal health care expenditure per capita,CMS State Health Expenditure Accounts,https://www.cms.gov/data-research/statistics-trends-and-reports/national-health-expenditure-data/state-residence
USA,VT,Vermont,New England,2020,2020,12756.0,USD,All-payer personal health care expenditure per capita,CMS State Health Expenditure Accounts,https://www.cms.gov/data-research/statistics-trends-and-reports/national-health-expenditure-data/state-residence
USA,WA,Washington,Far West,1991,1991,2507.0,USD,All-payer personal health care expenditure per capita,CMS State Health Expenditure Accounts,https://www.cms.gov/data-research/statistics-trends-and-reports/national-health-expenditure-data/state-residence
USA,WA,Washington,Far West,1992,1992,2672.0,USD,All-payer personal health care expenditure per capita,CMS State Health Expenditure Accounts,https://www.cms.gov/data-research/statistics-trends-and-reports/national-health-expenditure-data/state-residence
USA,WA,Washington,Far West,1993,1993,2736.0,USD,All-payer personal health care expenditure per capita,CMS State Health Expenditure Accounts,https://www.cms.gov/data-research/statistics-trends-and-reports/national-health-expenditure-data/state-residence
USA,WA,Washington,Far West,1994,1994,2836.0,USD,All-payer personal health care expenditure per capita,CMS State Health Expenditure Accounts,https://www.cms.gov/data-research/statistics-trends-and-reports/national-health-expenditure-data/state-residence
USA,WA,Washington,Far West,1995,1995,2997.0,USD,All-payer personal health care expenditure per capita,CMS State Health Expenditure Accounts,https://www.cms.gov/data-research/statistics-trends-and-reports/national-health-expenditure-data/state-residence
USA,WA,Washington,Far West,1996,1996,3066.0,USD,All-payer personal health care expenditure per capita,CMS State Health Expenditure Accounts,https://www.cms.gov/data-research/statistics-trends-and-reports/national-health-expenditure-data/state-residence
USA,WA,Washington,Far West,1997,1997,3154.0,USD,All-payer personal health care expenditure per capita,CMS State Health Expenditure Accounts,https://www.cms.gov/data-research/statistics-trends-and-reports/national-health-expenditure-data/state-residence
USA,WA,Washington,Far West,1998,1998,3393.0,USD,All-payer personal health care expenditure per capita,CMS State Health Expenditure Accounts,https://www.cms.gov/data-research/statistics-trends-and-reports/national-health-expenditure-data/state-residence
USA,WA,Washington,Far West,1999,1999,3641.0,USD,All-payer personal health care expenditure per capita,CMS State Health Expenditure Accounts,https://www.cms.gov/data-research/statistics-trends-and-reports/national-health-expenditure-data/state-residence
USA,WA,Washington,Far West,2000,2000,3863.0,USD,All-payer personal health care expenditure per capita,CMS State Health Expenditure Accounts,https://www.cms.gov/data-research/statistics-trends-and-reports/national-health-expenditure-data/state-residence
USA,WA,Washington,Far West,2001,2001,4168.0,USD,All-payer personal health care expenditure per capita,CMS State Health Expenditure Accounts,https://www.cms.gov/data-research/statistics-trends-and-reports/national-health-expenditure-data/state-residence
USA,WA,Washington,Far West,2002,2002,4541.0,USD,All-payer personal health care expenditure per capita,CMS State Health Expenditure Accounts,https://www.cms.gov/data-research/statistics-trends-and-reports/national-health-expenditure-data/state-residence
USA,WA,Washington,Far West,2003,2003,4882.0,USD,All-payer personal health care expenditure per capita,CMS State Health Expenditure Accounts,https://www.cms.gov/data-research/statistics-trends-and-reports/national-health-expenditure-data/state-residence
USA,WA,Washington,Far West,2004,2004,5130.0,USD,All-payer personal health care expenditure per capita,CMS State Health Expenditure Accounts,https://www.cms.gov/data-research/statistics-trends-and-reports/national-health-expenditure-data/state-residence
USA,WA,Washington,Far West,2005,2005,5462.0,USD,All-payer personal health care expenditure per capita,CMS State Health Expenditure Accounts,https://www.cms.gov/data-research/statistics-trends-and-reports/national-health-expenditure-data/state-residence
USA,WA,Washington,Far West,2006,2006,5754.0,USD,All-payer personal health care expenditure per capita,CMS State Health Expenditure Accounts,https://www.cms.gov/data-research/statistics-trends-and-reports/national-health-expenditure-data/state-residence
USA,WA,Washington,Far West,2007,2007,6157.0,USD,All-payer personal health care expenditure per capita,CMS State Health Expenditure Accounts,https://www.cms.gov/data-research/statistics-trends-and-reports/national-health-expenditure-data/state-residence
USA,WA,Washington,Far West,2008,2008,6489.0,USD,All-payer personal health care expenditure per capita,CMS State Health Expenditure Accounts,https://www.cms.gov/data-research/statistics-trends-and-reports/national-health-expenditure-data/state-residence
USA,WA,Washington,Far West,2009,2009,6805.0,USD,All-payer personal health care expenditure per capita,CMS State Health Expenditure Accounts,https://www.cms.gov/data-research/statistics-trends-and-reports/national-health-expenditure-data/state-residence
USA,WA,Washington,Far West,2010,2010,6912.0,USD,All-payer personal health care expenditure per capita,CMS State Health Expenditure Accounts,https://www.cms.gov/data-research/statistics-trends-and-reports/national-health-expenditure-data/state-residence
USA,WA,Washington,Far West,2011,2011,7022.0,USD,All-payer personal health care expenditure per capita,CMS State Health Expenditure Accounts,https://www.cms.gov/data-research/statistics-trends-and-reports/national-health-expenditure-data/state-residence
USA,WA,Washington,Far West,2012,2012,7333.0,USD,All-payer personal health care expenditure per capita,CMS State Health Expenditure Accounts,https://www.cms.gov/data-research/statistics-trends-and-reports/national-health-expenditure-data/state-residence
USA,WA,Washington,Far West,2013,2013,7356.0,USD,All-payer personal health care expenditure per capita,CMS State Health Expenditure Accounts,https://www.cms.gov/data-research/statistics-trends-and-reports/national-health-expenditure-data/state-residence
USA,WA,Washington,Far West,2014,2014,7602.0,USD,All-payer personal health care expenditure per capita,CMS State Health Expenditure Accounts,https://www.cms.gov/data-research/statistics-trends-and-reports/national-health-expenditure-data/state-residence
USA,WA,Washington,Far West,2015,2015,7904.0,USD,All-payer personal health care expenditure per capita,CMS State Health Expenditure Accounts,https://www.cms.gov/data-research/statistics-trends-and-reports/national-health-expenditure-data/state-residence
USA,WA,Washington,Far West,2016,2016,8097.0,USD,All-payer personal health care expenditure per capita,CMS State Health Expenditure Accounts,https://www.cms.gov/data-research/statistics-trends-and-reports/national-health-expenditure-data/state-residence
USA,WA,Washington,Far West,2017,2017,8278.0,USD,All-payer personal health care expenditure per capita,CMS State Health Expenditure Accounts,https://www.cms.gov/data-research/statistics-trends-and-reports/national-health-expenditure-data/state-residence
USA,WA,Washington,Far West,2018,2018,8588.0,USD,All-payer personal health care expenditure per capita,CMS State Health Expenditure Accounts,https://www.cms.gov/data-research/statistics-trends-and-reports/national-health-expenditure-data/state-residence
USA,WA,Washington,Far West,2019,2019,8964.0,USD,All-payer personal health care expenditure per capita,CMS State Health Expenditure Accounts,https://www.cms.gov/data-research/statistics-trends-and-reports/national-health-expenditure-data/state-residence
USA,WA,Washington,Far West,2020,2020,9265.0,USD,All-payer personal health care expenditure per capita,CMS State Health Expenditure Accounts,https://www.cms.gov/data-research/statistics-trends-and-reports/national-health-expenditure-data/state-residence
USA,WI,Wisconsin,Great Lakes,1991,1991,2547.0,USD,All-payer personal health care expenditure per capita,CMS State Health Expenditure Accounts,https://www.cms.gov/data-research/statistics-trends-and-reports/national-health-expenditure-data/state-residence
USA,WI,Wisconsin,Great Lakes,1992,1992,2710.0,USD,All-payer personal health care expenditure per capita,CMS State Health Expenditure Accounts,https://www.cms.gov/data-research/statistics-trends-and-reports/national-health-expenditure-data/state-residence
USA,WI,Wisconsin,Great Lakes,1993,1993,2870.0,USD,All-payer personal health care expenditure per capita,CMS State Health Expenditure Accounts,https://www.cms.gov/data-research/statistics-trends-and-reports/national-health-expenditure-data/state-residence
USA,WI,Wisconsin,Great Lakes,1994,1994,3024.0,USD,All-payer personal health care expenditure per capita,CMS State Health Expenditure Accounts,https://www.cms.gov/data-research/statistics-trends-and-reports/national-health-expenditure-data/state-residence
USA,WI,Wisconsin,Great Lakes,1995,1995,3195.0,USD,All-payer personal health care expenditure per capita,CMS State Health Expenditure Accounts,https://www.cms.gov/data-research/statistics-trends-and-reports/national-health-expenditure-data/state-residence
USA,WI,Wisconsin,Great Lakes,1996,1996,3376.0,USD,All-payer personal health care expenditure per capita,CMS State Health Expenditure Accounts,https://www.cms.gov/data-research/statistics-trends-and-reports/national-health-expenditure-data/state-residence
USA,WI,Wisconsin,Great Lakes,1997,1997,3526.0,USD,All-payer personal health care expenditure per capita,CMS State Health Expenditure Accounts,https://www.cms.gov/data-research/statistics-trends-and-reports/national-health-expenditure-data/state-residence
USA,WI,Wisconsin,Great Lakes,1998,1998,3688.0,USD,All-payer personal health care expenditure per capita,CMS State Health Expenditure Accounts,https://www.cms.gov/data-research/statistics-trends-and-reports/national-health-expenditure-data/state-residence
USA,WI,Wisconsin,Great Lakes,1999,1999,4001.0,USD,All-payer personal health care expenditure per capita,CMS State Health Expenditure Accounts,https://www.cms.gov/data-research/statistics-trends-and-reports/national-health-expenditure-data/state-residence
USA,WI,Wisconsin,Great Lakes,2000,2000,4314.0,USD,All-payer personal health care expenditure per capita,CMS State Health Expenditure Accounts,https://www.cms.gov/data-research/statistics-trends-and-reports/national-health-expenditure-data/state-residence
USA,WI,Wisconsin,Great Lakes,2001,2001,4744.0,USD,All-payer personal health care expenditure per capita,CMS State Health Expenditure Accounts,https://www.cms.gov/data-research/statistics-trends-and-reports/national-health-expenditure-data/state-residence
USA,WI,Wisconsin,Great Lakes,2002,2002,5085.0,USD,All-payer personal health care expenditure per capita,CMS State Health Expenditure Accounts,https://www.cms.gov/data-research/statistics-trends-and-reports/national-health-expenditure-data/state-residence
USA,WI,Wisconsin,Great Lakes,2003,2003,5411.0,USD,All-payer personal health care expenditure per capita,CMS State Health Expenditure Accounts,https://www.cms.gov/data-research/statistics-trends-and-reports/national-health-expenditure-data/state-residence
USA,WI,Wisconsin,Great Lakes,2004,2004,5766.0,USD,All-payer personal health care expenditure per capita,CMS State Health Expenditure Accounts,https://www.cms.gov/data-research/statistics-trends-and-reports/national-health-expenditure-data/state-residence
USA,WI,Wisconsin,Great Lakes,2005,2005,6139.0,USD,All-payer personal health care expenditure per capita,CMS State Health Expenditure Accounts,https://www.cms.gov/data-research/statistics-trends-and-reports/national-health-expenditure-data/state-residence
USA,WI,Wisconsin,Great Lakes,2006,2006,6553.0,USD,All-payer personal health care expenditure per capita,CMS State Health Expenditure Accounts,https://www.cms.gov/data-research/statistics-trends-and-reports/national-health-expenditure-data/state-residence
USA,WI,Wisconsin,Great Lakes,2007,2007,6883.0,USD,All-payer personal health care expenditure per capita,CMS State Health Expenditure Accounts,https://www.cms.gov/data-research/statistics-trends-and-reports/national-health-expenditure-data/state-residence
USA,WI,Wisconsin,Great Lakes,2008,2008,7148.0,USD,All-payer personal health care expenditure per capita,CMS State Health Expenditure Accounts,https://www.cms.gov/data-research/statistics-trends-and-reports/national-health-expenditure-data/state-residence
USA,WI,Wisconsin,Great Lakes,2009,2009,7441.0,USD,All-payer personal health care expenditure per capita,CMS State Health Expenditure Accounts,https://www.cms.gov/data-research/statistics-trends-and-reports/national-health-expenditure-data/state-residence
USA,WI,Wisconsin,Great Lakes,2010,2010,7605.0,USD,All-payer personal health care expenditure per capita,CMS State Health Expenditure Accounts,https://www.cms.gov/data-research/statistics-trends-and-reports/national-health-expenditure-data/state-residence
USA,WI,Wisconsin,Great Lakes,2011,2011,7825.0,USD,All-payer personal health care expenditure per capita,CMS State Health Expenditure Accounts,https://www.cms.gov/data-research/statistics-trends-and-reports/national-health-expenditure-data/state-residence
USA,WI,Wisconsin,Great Lakes,2012,2012,7906.0,USD,All-payer personal health care expenditure per capita,CMS State Health Expenditure Accounts,https://www.cms.gov/data-research/statistics-trends-and-reports/national-health-expenditure-data/state-residence
USA,WI,Wisconsin,Great Lakes,2013,2013,7984.0,USD,All-payer personal health care expenditure per capita,CMS State Health Expenditure Accounts,https://www.cms.gov/data-research/statistics-trends-and-reports/national-health-expenditure-data/state-residence
USA,WI,Wisconsin,Great Lakes,2014,2014,8371.0,USD,All-payer personal health care expenditure per capita,CMS State Health Expenditure Accounts,https://www.cms.gov/data-research/statistics-trends-and-reports/national-health-expenditure-data/state-residence
USA,WI,Wisconsin,Great Lakes,2015,2015,8654.0,USD,All-payer personal health care expenditure per capita,CMS State Health Expenditure Accounts,https://www.cms.gov/data-research/statistics-trends-and-reports/national-health-expenditure-data/state-residence
USA,WI,Wisconsin,Great Lakes,2016,2016,8809.0,USD,All-payer personal health care expenditure per capita,CMS State Health Expenditure Accounts,https://www.cms.gov/data-research/statistics-trends-and-reports/national-health-expenditure-data/state-residence
USA,WI,Wisconsin,Great Lakes,2017,2017,9019.0,USD,All-payer personal health care expenditure per capita,CMS State Health Expenditure Accounts,https://www.cms.gov/data-research/statistics-trends-and-reports/national-health-expenditure-data/state-residence
USA,WI,Wisconsin,Great Lakes,2018,2018,9244.0,USD,All-payer personal health care expenditure per capita,CMS State Health Expenditure Accounts,https://www.cms.gov/data-research/statistics-trends-and-reports/national-health-expenditure-data/state-residence
USA,WI,Wisconsin,Great Lakes,2019,2019,9652.0,USD,All-payer personal health care expenditure per capita,CMS State Health Expenditure Accounts,https://www.cms.gov/data-research/statistics-trends-and-reports/national-health-expenditure-data/state-residence
USA,WI,Wisconsin,Great Lakes,2020,2020,9982.0,USD,All-payer personal health care expenditure per capita,CMS State Health Expenditure Accounts,https://www.cms.gov/data-research/statistics-trends-and-reports/national-health-expenditure-data/state-residence
USA,WV,West Virginia,Southeast,1991,1991,2585.0,USD,All-payer personal health care expenditure per capita,CMS State Health Expenditure Accounts,https://www.cms.gov/data-research/statistics-trends-and-reports/national-health-expenditure-data/state-residence
USA,WV,West Virginia,Southeast,1992,1992,2845.0,USD,All-payer personal health care expenditure per capita,CMS State Health Expenditure Accounts,https://www.cms.gov/data-research/statistics-trends-and-reports/national-health-expenditure-data/state-residence
USA,WV,West Virginia,Southeast,1993,1993,3037.0,USD,All-payer personal health care expenditure per capita,CMS State Health Expenditure Accounts,https://www.cms.gov/data-research/statistics-trends-and-reports/national-health-expenditure-data/state-residence
USA,WV,West Virginia,Southeast,1994,1994,3227.0,USD,All-payer personal health care expenditure per capita,CMS State Health Expenditure Accounts,https://www.cms.gov/data-research/statistics-trends-and-reports/national-health-expenditure-data/state-residence
USA,WV,West Virginia,Southeast,1995,1995,3440.0,USD,All-payer personal health care expenditure per capita,CMS State Health Expenditure Accounts,https://www.cms.gov/data-research/statistics-trends-and-reports/national-health-expenditure-data/state-residence
USA,WV,West Virginia,Southeast,1996,1996,3619.0,USD,All-payer personal health care expenditure per capita,CMS State Health Expenditure Accounts,https://www.cms.gov/data-research/statistics-trends-and-reports/national-health-expenditure-data/state-residence
USA,WV,West Virginia,Southeast,1997,1997,3855.0,USD,All-payer personal health care expenditure per capita,CMS State Health Expenditure Accounts,https://www.cms.gov/data-research/statistics-trends-and-reports/national-health-expenditure-data/state-residence
USA,WV,West Virginia,Southeast,1998,1998,4036.0,USD,All-payer personal health care expenditure per capita,CMS State Health Expenditure Accounts,https://www.cms.gov/data-research/statistics-trends-and-reports/national-health-expenditure-data/state-residence
USA,WV,West Virginia,Southeast,1999,1999,4221.0,USD,All-payer personal health care expenditure per capita,CMS State Health Expenditure Accounts,https://www.cms.gov/data-research/statistics-trends-and-reports/national-health-expenditure-data/state-residence
USA,WV,West Virginia,Southeast,2000,2000,4458.0,USD,All-payer personal health care expenditure per capita,CMS State Health Expenditure Accounts,https://www.cms.gov/data-research/statistics-trends-and-reports/national-health-expenditure-data/state-residence
USA,WV,West Virginia,Southeast,2001,2001,4872.0,USD,All-payer personal health care expenditure per capita,CMS State Health Expenditure Accounts,https://www.cms.gov/data-research/statistics-trends-and-reports/national-health-expenditure-data/state-residence
USA,WV,West Virginia,Southeast,2002,2002,5250.0,USD,All-payer personal health care expenditure per capita,CMS State Health Expenditure Accounts,https://www.cms.gov/data-research/statistics-trends-and-reports/national-health-expenditure-data/state-residence
USA,WV,West Virginia,Southeast,2003,2003,5628.0,USD,All-payer personal health care expenditure per capita,CMS State Health Expenditure Accounts,https://www.cms.gov/data-research/statistics-trends-and-reports/national-health-expenditure-data/state-residence
USA,WV,West Virginia,Southeast,2004,2004,6013.0,USD,All-payer personal health care expenditure per capita,CMS State Health Expenditure Accounts,https://www.cms.gov/data-research/statistics-trends-and-reports/national-health-expenditure-data/state-residence
USA,WV,West Virginia,Southeast,2005,2005,6385.0,USD,All-payer personal health care expenditure per capita,CMS State Health Expenditure Accounts,https://www.cms.gov/data-research/statistics-trends-and-reports/national-health-expenditure-data/state-residence
USA,WV,West Virginia,Southeast,2006,2006,6707.0,USD,All-payer personal health care expenditure per capita,CMS State Health Expenditure Accounts,https://www.cms.gov/data-research/statistics-trends-and-reports/national-health-expenditure-data/state-residence
USA,WV,West Virginia,Southeast,2007,2007,7089.0,USD,All-payer personal health care expenditure per capita,CMS State Health Expenditure Accounts,https://www.cms.gov/data-research/statistics-trends-and-reports/national-health-expenditure-data/state-residence
USA,WV,West Virginia,Southeast,2008,2008,7311.0,USD,All-payer personal health care expenditure per capita,CMS State Health Expenditure Accounts,https://www.cms.gov/data-research/statistics-trends-and-reports/national-health-expenditure-data/state-residence
USA,WV,West Virginia,Southeast,2009,2009,7748.0,USD,All-payer personal health care expenditure per capita,CMS State Health Expenditure Accounts,https://www.cms.gov/data-research/statistics-trends-and-reports/national-health-expenditure-data/state-residence
USA,WV,West Virginia,Southeast,2010,2010,7920.0,USD,All-payer personal health care expenditure per capita,CMS State Health Expenditure Accounts,https://www.cms.gov/data-research/statistics-trends-and-reports/national-health-expenditure-data/state-residence
USA,WV,West Virginia,Southeast,2011,2011,8210.0,USD,All-payer personal health care expenditure per capita,CMS State Health Expenditure Accounts,https://www.cms.gov/data-research/statistics-trends-and-reports/national-health-expenditure-data/state-residence
USA,WV,West Virginia,Southeast,2012,2012,8712.0,USD,All-payer personal health care expenditure per capita,CMS State Health Expenditure Accounts,https://www.cms.gov/data-research/statistics-trends-and-reports/national-health-expenditure-data/state-residence
USA,WV,West Virginia,Southeast,2013,2013,8891.0,USD,All-payer personal health care expenditure per capita,CMS State Health Expenditure Accounts,https://www.cms.gov/data-research/statistics-trends-and-reports/national-health-expenditure-data/state-residence
USA,WV,West Virginia,Southeast,2014,2014,9385.0,USD,All-payer personal health care expenditure per capita,CMS State Health Expenditure Accounts,https://www.cms.gov/data-research/statistics-trends-and-reports/national-health-expenditure-data/state-residence
USA,WV,West Virginia,Southeast,2015,2015,9947.0,USD,All-payer personal health care expenditure per capita,CMS State Health Expenditure Accounts,https://www.cms.gov/data-research/statistics-trends-and-reports/national-health-expenditure-data/state-residence
USA,WV,West Virginia,Southeast,2016,2016,10488.0,USD,All-payer personal health care expenditure per capita,CMS State Health Expenditure Accounts,https://www.cms.gov/data-research/statistics-trends-and-reports/national-health-expenditure-data/state-residence
USA,WV,West Virginia,Southeast,2017,2017,11017.0,USD,All-payer personal health care expenditure per capita,CMS State Health Expenditure Accounts,https://www.cms.gov/data-research/statistics-trends-and-reports/national-health-expenditure-data/state-residence
USA,WV,West Virginia,Southeast,2018,2018,11337.0,USD,All-payer personal health care expenditure per capita,CMS State Health Expenditure Accounts,https://www.cms.gov/data-research/statistics-trends-and-reports/national-health-expenditure-data/state-residence
USA,WV,West Virginia,Southeast,2019,2019,11951.0,USD,All-payer personal health care expenditure per capita,CMS State Health Expenditure Accounts,https://www.cms.gov/data-research/statistics-trends-and-reports/national-health-expenditure-data/state-residence
USA,WV,West Virginia,Southeast,2020,2020,12769.0,USD,All-payer personal health care expenditure per capita,CMS State Health Expenditure Accounts,https://www.cms.gov/data-research/statistics-trends-and-reports/national-health-expenditure-data/state-residence
USA,WY,Wyoming,Rocky Mountain,1991,1991,2216.0,USD,All-payer personal health care expenditure per capita,CMS State Health Expenditure Accounts,https://www.cms.gov/data-research/statistics-trends-and-reports/national-health-expenditure-data/state-residence
USA,WY,Wyoming,Rocky Mountain,1992,1992,2278.0,USD,All-payer personal health care expenditure per capita,CMS State Health Expenditure Accounts,https://www.cms.gov/data-research/statistics-trends-and-reports/national-health-expenditure-data/state-residence
USA,WY,Wyoming,Rocky Mountain,1993,1993,2464.0,USD,All-payer personal health care expenditure per capita,CMS State Health Expenditure Accounts,https://www.cms.gov/data-research/statistics-trends-and-reports/national-health-expenditure-data/state-residence
USA,WY,Wyoming,Rocky Mountain,1994,1994,2635.0,USD,All-payer personal health care expenditure per capita,CMS State Health Expenditure Accounts,https://www.cms.gov/data-research/statistics-trends-and-reports/national-health-expenditure-data/state-residence
USA,WY,Wyoming,Rocky Mountain,1995,1995,2836.0,USD,All-payer personal health care expenditure per capita,CMS State Health Expenditure Accounts,https://www.cms.gov/data-research/statistics-trends-and-reports/national-health-expenditure-data/state-residence
USA,WY,Wyoming,Rocky Mountain,1996,1996,3012.0,USD,All-payer personal health care expenditure per capita,CMS State Health Expenditure Accounts,https://www.cms.gov/data-research/statistics-trends-and-reports/national-health-expenditure-data/state-residence
USA,WY,Wyoming,Rocky Mountain,1997,1997,3189.0,USD,All-payer personal health care expenditure per capita,CMS State Health Expenditure Accounts,https://www.cms.gov/data-research/statistics-trends-and-reports/national-health-expenditure-data/state-residence
USA,WY,Wyoming,Rocky Mountain,1998,1998,3425.0,USD,All-payer personal health care expenditure per capita,CMS State Health Expenditure Accounts,https://www.cms.gov/data-research/statistics-trends-and-reports/national-health-expenditure-data/state-residence
USA,WY,Wyoming,Rocky Mountain,1999,1999,3606.0,USD,All-payer personal health care expenditure per capita,CMS State Health Expenditure Accounts,https://www.cms.gov/data-research/statistics-trends-and-reports/national-health-expenditure-data/state-residence
USA,WY,Wyoming,Rocky Mountain,2000,2000,3964.0,USD,All-payer personal health care expenditure per capita,CMS State Health Expenditure Accounts,https://www.cms.gov/data-research/statistics-trends-and-reports/national-health-expenditure-data/state-residence
USA,WY,Wyoming,Rocky Mountain,2001,2001,4275.0,USD,All-payer personal health care expenditure per capita,CMS State Health Expenditure Accounts,https://www.cms.gov/data-research/statistics-trends-and-reports/national-health-expenditure-data/state-residence
USA,WY,Wyoming,Rocky Mountain,2002,2002,4706.0,USD,All-payer personal health care expenditure per capita,CMS State Health Expenditure Accounts,https://www.cms.gov/data-research/statistics-trends-and-reports/national-health-expenditure-data/state-residence
USA,WY,Wyoming,Rocky Mountain,2003,2003,5003.0,USD,All-payer personal health care expenditure per capita,CMS State Health Expenditure Accounts,https://www.cms.gov/data-research/statistics-trends-and-reports/national-health-expenditure-data/state-residence
USA,WY,Wyoming,Rocky Mountain,2004,2004,5282.0,USD,All-payer personal health care expenditure per capita,CMS State Health Expenditure Accounts,https://www.cms.gov/data-research/statistics-trends-and-reports/national-health-expenditure-data/state-residence
USA,WY,Wyoming,Rocky Mountain,2005,2005,5686.0,USD,All-payer personal health care expenditure per capita,CMS State Health Expenditure Accounts,https://www.cms.gov/data-research/statistics-trends-and-reports/national-health-expenditure-data/state-residence
USA,WY,Wyoming,Rocky Mountain,2006,2006,6154.0,USD,All-payer personal health care expenditure per capita,CMS State Health Expenditure Accounts,https://www.cms.gov/data-research/statistics-trends-and-reports/national-health-expenditure-data/state-residence
USA,WY,Wyoming,Rocky Mountain,2007,2007,6560.0,USD,All-payer personal health care expenditure per capita,CMS State Health Expenditure Accounts,https://www.cms.gov/data-research/statistics-trends-and-reports/national-health-expenditure-data/state-residence
USA,WY,Wyoming,Rocky Mountain,2008,2008,6796.0,USD,All-payer personal health care expenditure per capita,CMS State Health Expenditure Accounts,https://www.cms.gov/data-research/statistics-trends-and-reports/national-health-expenditure-data/state-residence
USA,WY,Wyoming,Rocky Mountain,2009,2009,6943.0,USD,All-payer personal health care expenditure per capita,CMS State Health Expenditure Accounts,https://www.cms.gov/data-research/statistics-trends-and-reports/national-health-expenditure-data/state-residence
USA,WY,Wyoming,Rocky Mountain,2010,2010,7244.0,USD,All-payer personal health care expenditure per capita,CMS State Health Expenditure Accounts,https://www.cms.gov/data-research/statistics-trends-and-reports/national-health-expenditure-data/state-residence
USA,WY,Wyoming,Rocky Mountain,2011,2011,7482.0,USD,All-payer personal health care expenditure per capita,CMS State Health Expenditure Accounts,https://www.cms.gov/data-research/statistics-trends-and-reports/national-health-expenditure-data/state-residence
USA,WY,Wyoming,Rocky Mountain,2012,2012,7749.0,USD,All-payer personal health care expenditure per capita,CMS State Health Expenditure Accounts,https://www.cms.gov/data-research/statistics-trends-and-reports/national-health-expenditure-data/state-residence
USA,WY,Wyoming,Rocky Mountain,2013,2013,7845.0,USD,All-payer personal health care expenditure per capita,CMS State Health Expenditure Accounts,https://www.cms.gov/data-research/statistics-trends-and-reports/national-health-expenditure-data/state-residence
USA,WY,Wyoming,Rocky Mountain,2014,2014,8269.0,USD,All-payer personal health care expenditure per capita,CMS State Health Expenditure Accounts,https://www.cms.gov/data-research/statistics-trends-and-reports/national-health-expenditure-data/state-residence
USA,WY,Wyoming,Rocky Mountain,2015,2015,8652.0,USD,All-payer personal health care expenditure per capita,CMS State Health Expenditure Accounts,https://www.cms.gov/data-research/statistics-trends-and-reports/national-health-expenditure-data/state-residence
USA,WY,Wyoming,Rocky Mountain,2016,2016,8976.0,USD,All-payer personal health care expenditure per capita,CMS State Health Expenditure Accounts,https://www.cms.gov/data-research/statistics-trends-and-reports/national-health-expenditure-data/state-residence
USA,WY,Wyoming,Rocky Mountain,2017,2017,9496.0,USD,All-payer personal health care expenditure per capita,CMS State Health Expenditure Accounts,https://www.cms.gov/data-research/statistics-trends-and-reports/national-health-expenditure-data/state-residence
USA,WY,Wyoming,Rocky Mountain,2018,2018,9787.0,USD,All-payer personal health care expenditure per capita,CMS State Health Expenditure Accounts,https://www.cms.gov/data-research/statistics-trends-and-reports/national-health-expenditure-data/state-residence
USA,WY,Wyoming,Rocky Mountain,2019,2019,10111.0,USD,All-payer personal health care expenditure per capita,CMS State Health Expenditure Accounts,https://www.cms.gov/data-research/statistics-trends-and-reports/national-health-expenditure-data/state-residence
USA,WY,Wyoming,Rocky Mountain,2020,2020,10989.0,USD,All-payer personal health care expenditure per capita,CMS State Health Expenditure Accounts,https://www.cms.gov/data-research/statistics-trends-and-reports/national-health-expenditure-data/state-residence
